record_id,date,mandi_id,crop_name,modal_price,msp,price_gap,price_below_msp_flag,price_gap_pct
PR001650,2026/07/26,MANDI005,Cotton,7210.58,6620.0,590.5799999999999,0,8.921148036253776
PR010091,09.01.2026,MANDI011,REQUIRES_INVESTIGATION,1935.06,2183.0,-247.94000000000005,1,-11.357764544205224
PR000288,08-Aug-2026,MANDI031,Wheat,2546.79,2275.0,271.78999999999996,0,11.946813186813184
PR002536,2026-01-06,MANDI036,Wheat,2151.0,2275.0,-124.0,1,-5.450549450549451
PR009427,12-Aug-2026,MANDI050,Wheat,2367.64,2275.0,92.63999999999987,0,4.072087912087906
PR004344,2026-04-14,MANDI040,REQUIRES_INVESTIGATION,2063.53,2183.0,-119.4699999999998,1,-5.47274393037104
PR007582,24.01.2026,MANDI043,REQUIRES_INVESTIGATION,2303.861807881144,2183.0,120.86180788114416,0,5.536500590066154
PR004644,2026/05/25,MANDI026,Mustard,5994.455824860666,5650.0,344.4558248606663,0,6.096563271870201
PR002514,21/07/2026,MANDI007,Corn,2144.167343486675,2090.0,54.16734348667478,0,2.591738922807406
PR010213,02-17-2026,MANDI043,Wheat,2057.3,2275.0,-217.69999999999982,1,-9.569230769230762
PR011212,31-May-2026,MANDI008,Sugarcane,3672.66,3500.0,172.65999999999985,0,4.933142857142854
PR011958,02/04/2026,,Wheat,2332.79,2275.0,57.789999999999964,0,2.5402197802197786
PR002913,08.08.2026,MANDI027,Mustard,6049.51,5650.0,399.5100000000002,0,7.070973451327438
PR010458,2026/01/10,,Cotton,6138.929109845614,6620.0,-481.0708901543858,1,-7.266931875443894
PR002105,01-20-2026,MANDI039,Cotton,6428.56,6620.0,-191.4399999999996,1,-2.891842900302109
PR001266,2026/04/25,MANDI019,REQUIRES_INVESTIGATION,3873.0,3500.0,373.0,0,10.657142857142857
PR006089,02.03.2026,MANDI046,Mustard,5387.81,5650.0,-262.1899999999996,1,-4.6405309734513205
PR010862,2026/02/11,MANDI042,Mustard,6127.63,5650.0,477.6300000000001,0,8.453628318584073
PR003093,20-May-2026,MANDI008,REQUIRES_INVESTIGATION,2166.76,2183.0,-16.23999999999978,1,-0.7439303710490051
PR002359,09-Apr-2026,MANDI026,Cotton,6749.79,6620.0,129.78999999999996,0,1.9605740181268878
PR004233,29-Jan-2026,MANDI049,Paddy,2270.31,2183.0,87.30999999999995,0,3.9995419147961493
PR009368,04-05-2026,MANDI014,Cotton,6637.37,6620.0,17.36999999999989,0,0.2623867069486388
PR005203,29-Mar-2026,MANDI024,Wheat,2220.7,2275.0,-54.30000000000018,1,-2.3868131868131948
PR001340,2026-01-16,MANDI007,Paddy,1989.82,2183.0,-193.18000000000006,1,-8.84928996793404
PR007070,09.05.2026,MANDI022,Paddy,2273.98,2183.0,90.98000000000002,0,4.167659184608338
PR004775,02-23-2026,,Wheat,2353.0,2275.0,78.0,0,3.428571428571429
PR003034,29/01/2026,MANDI055,Wheat,2640.12,2275.0,365.1199999999999,0,16.049230769230764
PR002947,13/05/2026,,Cotton,6725.89,6620.0,105.89000000000033,0,1.5995468277945668
PR002729,02.03.2026,MANDI008,Mustard,5932.52,5650.0,282.52000000000044,0,5.000353982300893
PR007737,20-Feb-2026,MANDI012,Wheat,2083.63,2275.0,-191.3699999999999,1,-8.411868131868127
PR005676,01-Jul-2026,MANDI007,Corn,2197.94,2090.0,107.94000000000005,0,5.164593301435409
PR008805,2026-03-11,MANDI046,Mustard,5259.53,5650.0,-390.47000000000025,1,-6.910973451327439
PR005981,2026-07-23,MANDI013,Wheat,2429.19,2275.0,154.19000000000005,0,6.77758241758242
PR000060,14/05/2026,,Mustard,6070.26,5650.0,420.2600000000002,0,7.438230088495579
PR003239,03.01.2026,,REQUIRES_INVESTIGATION,2023.3017368627488,2183.0,-159.69826313725116,1,-7.315541142338578
PR002760,02-15-2026,MANDI036,Cotton,6754.55,6620.0,134.55000000000018,0,2.032477341389731
PR004575,28-Aug-2026,MANDI040,REQUIRES_INVESTIGATION,2401.982891153114,2183.0,218.982891153114,0,10.031282233308016
PR001077,07-22-2026,,Mustard,5757.03,5650.0,107.02999999999975,0,1.8943362831858361
PR005404,22/01/2026,MANDI034,REQUIRES_INVESTIGATION,1856.24,2090.0,-233.76,1,-11.18468899521531
PR006339,25.04.2026,MANDI051,Cotton,7113.15,6620.0,493.14999999999964,0,7.449395770392744
PR009691,2026/05/11,MANDI010,REQUIRES_INVESTIGATION,3281.27,3500.0,-218.73000000000002,1,-6.249428571428572
PR010145,2026-02-02,MANDI013,Wheat,2188.968577299104,2275.0,-86.0314227008962,1,-3.7816009978415916
PR001300,2026-08-02,MANDI046,Corn,2038.25,2090.0,-51.75,1,-2.476076555023923
PR007631,2026/03/02,MANDI055,Wheat,2669.87,2275.0,394.8699999999999,0,17.356923076923074
PR000564,05.01.2026,MANDI039,Sugarcane,3814.67,3500.0,314.6700000000001,0,8.990571428571432
PR010104,2026-06-29,MANDI040,Wheat,2376.82,2275.0,101.82000000000016,0,4.475604395604403
PR000234,03-06-2026,MANDI046,Sugarcane,3573.51,3500.0,73.51000000000022,0,2.1002857142857203
PR005480,20/07/2026,MANDI050,Mustard,5977.53,5650.0,327.52999999999975,0,5.796991150442474
PR010827,2026-06-25,MANDI005,Sugarcane,3382.37,3500.0,-117.63000000000011,1,-3.360857142857146
PR000661,26/07/2026,MANDI029,Paddy,2401.0,2183.0,218.0,0,9.986257443884563
PR002565,07-May-2026,MANDI043,Corn,2022.0,2090.0,-68.0,1,-3.253588516746411
PR004659,01-23-2026,MANDI010,Corn,2077.0,2090.0,-13.0,1,-0.6220095693779905
PR008975,05/04/2026,MANDI046,Wheat,2517.0,2275.0,242.0,0,10.637362637362639
PR007085,11/03/2026,MANDI039,Mustard,5959.0,5650.0,309.0,0,5.469026548672566
PR003156,28/07/2026,MANDI052,Corn,2224.78,2090.0,134.7800000000002,0,6.448803827751205
PR002564,2026-04-06,MANDI010,Corn,2354.0,2090.0,264.0,0,12.631578947368421
PR001680,09/02/2026,MANDI038,Paddy,2225.08,2183.0,42.07999999999993,0,1.927622537792026
PR010671,12/08/2026,MANDI036,Sugarcane,3675.0,3500.0,175.0,0,5.0
PR003180,03/02/2026,MANDI057,Paddy,2193.25,2183.0,10.25,0,0.46953733394411357
PR007921,13.06.2026,MANDI057,Wheat,2397.03,2275.0,122.0300000000002,0,5.363956043956053
PR009782,30/03/2026,MANDI045,Mustard,5531.21,5650.0,-118.78999999999996,1,-2.102477876106194
PR007375,26.05.2026,MANDI007,Cotton,7151.48,6620.0,531.4799999999996,0,8.028398791540779
PR003698,28-Feb-2026,MANDI003,Corn,2321.22,2090.0,231.2199999999998,0,11.063157894736833
PR011382,20-May-2026,MANDI047,Corn,1990.53,2090.0,-99.47000000000003,1,-4.759330143540671
PR011519,2026-03-27,MANDI030,Mustard,6232.0,5650.0,582.0,0,10.300884955752213
PR001068,2026/02/27,MANDI043,REQUIRES_INVESTIGATION,2153.17,2183.0,-29.829999999999927,1,-1.366468163078329
PR006220,31/05/2026,MANDI021,Corn,1957.5956597046056,2090.0,-132.40434029539438,1,-6.335135899301167
PR008164,16.04.2026,,Paddy,2246.3,2183.0,63.30000000000018,0,2.8996793403573147
PR004486,06/05/2026,,Corn,2071.0,2090.0,-19.0,1,-0.9090909090909091
PR001657,2026-05-26,,Sugarcane,3253.0,3500.0,-247.0,1,-7.057142857142858
PR008714,01-19-2026,MANDI044,REQUIRES_INVESTIGATION,3572.0,3500.0,72.0,0,2.057142857142857
PR003124,04.07.2026,MANDI002,Cotton,6928.32,6620.0,308.3199999999997,0,4.657401812688818
PR000278,02/04/2026,MANDI002,Corn,2224.0,2090.0,134.0,0,6.411483253588517
PR006769,2026-08-02,,Wheat,2195.0,2275.0,-80.0,1,-3.5164835164835164
PR001183,28-Jun-2026,MANDI051,Wheat,2446.13,2275.0,171.1300000000001,0,7.522197802197807
PR000371,07-Aug-2026,MANDI018,REQUIRES_INVESTIGATION,5320.06,5650.0,-329.9399999999996,1,-5.839646017699108
PR006590,24-May-2026,MANDI035,Wheat,2540.73,2275.0,265.73,0,11.680439560439561
PR000090,2026-06-26,MANDI040,REQUIRES_INVESTIGATION,2003.89,2090.0,-86.1099999999999,1,-4.120095693779899
PR009953,22/04/2026,MANDI028,REQUIRES_INVESTIGATION,1990.0,2183.0,-193.0,1,-8.841044434264774
PR000014,08-Feb-2026,MANDI028,Wheat,2238.0,2275.0,-37.0,1,-1.6263736263736264
PR000287,2026/04/13,MANDI031,Wheat,2189.8,2275.0,-85.19999999999982,1,-3.7450549450549366
PR004723,12/04/2026,MANDI020,Wheat,2200.7,2275.0,-74.30000000000018,1,-3.265934065934074
PR000290,2026/08/07,MANDI024,REQUIRES_INVESTIGATION,3769.93,3500.0,269.92999999999984,0,7.712285714285709
PR000072,06/01/2026,MANDI047,Wheat,2160.48,2275.0,-114.51999999999998,1,-5.033846153846153
PR008759,10/04/2026,MANDI042,REQUIRES_INVESTIGATION,2148.0,2183.0,-35.0,1,-1.603298213467705
PR004804,08-10-2026,MANDI015,Sugarcane,3257.9,3500.0,-242.0999999999999,1,-6.917142857142855
PR011327,07-20-2026,MANDI020,Mustard,6175.0,5650.0,525.0,0,9.29203539823009
PR003657,07/06/2026,MANDI049,REQUIRES_INVESTIGATION,6151.677939662541,5650.0,501.67793966254067,0,8.879255569248508
PR009464,05-12-2026,MANDI054,Mustard,5795.0,5650.0,145.0,0,2.566371681415929
PR008741,2026-05-28,,Mustard,5867.18,5650.0,217.1800000000003,0,3.8438938053097393
PR006103,06-11-2026,MANDI032,Mustard,5094.0,5650.0,-556.0,1,-9.84070796460177
PR004446,2026-04-01,MANDI012,Wheat,2109.06,2275.0,-165.94000000000005,1,-7.294065934065936
PR009136,2026/08/31,MANDI005,Mustard,5401.09,5650.0,-248.90999999999985,1,-4.405486725663714
PR004026,13-Apr-2026,MANDI002,Corn,2274.41,2090.0,184.40999999999985,0,8.823444976076548
PR006940,15.07.2026,,Wheat,2259.35,2275.0,-15.650000000000091,1,-0.6879120879120919
PR005645,05.03.2026,MANDI033,Sugarcane,3325.0,3500.0,-175.0,1,-5.0
PR000750,2026-03-08,MANDI040,Wheat,2390.0,2275.0,115.0,0,5.054945054945055
PR007008,08.04.2026,MANDI049,Sugarcane,3695.41,3500.0,195.40999999999985,0,5.583142857142853
PR003530,03-13-2026,MANDI050,Corn,2040.26,2090.0,-49.74000000000001,1,-2.379904306220096
PR000052,14.06.2026,MANDI039,REQUIRES_INVESTIGATION,2111.0,2183.0,-72.0,1,-3.2982134677049935
PR004396,20-Mar-2026,MANDI039,Wheat,2477.74,2275.0,202.73999999999978,0,8.911648351648342
PR001227,2026/05/28,MANDI049,REQUIRES_INVESTIGATION,2291.15,2183.0,108.15000000000009,0,4.954191479615212
PR002021,02-15-2026,MANDI053,Sugarcane,3257.62,3500.0,-242.3800000000001,1,-6.92514285714286
PR007108,13.08.2026,MANDI037,Sugarcane,3386.98,3500.0,-113.01999999999998,1,-3.2291428571428566
PR002341,2026/01/12,MANDI053,Wheat,2455.58,2275.0,180.57999999999993,0,7.937582417582415
PR005608,2026/02/06,,Sugarcane,3473.0,3500.0,-27.0,1,-0.7714285714285715
PR001136,2026-04-18,MANDI038,REQUIRES_INVESTIGATION,2272.196527136316,2183.0,89.19652713631604,0,4.0859609315765475
PR004924,13-Mar-2026,MANDI054,Wheat,2322.27,2275.0,47.26999999999998,0,2.077802197802197
PR003193,30-Mar-2026,MANDI010,Cotton,6646.85,6620.0,26.850000000000364,0,0.40558912386707496
PR000950,20.08.2026,MANDI032,Mustard,6352.32,5650.0,702.3199999999997,0,12.4304424778761
PR004751,2026-02-17,MANDI028,Mustard,5119.29,5650.0,-530.71,1,-9.393097345132743
PR008389,07-08-2026,MANDI024,REQUIRES_INVESTIGATION,3808.91,3500.0,308.90999999999985,0,8.825999999999997
PR011074,29/07/2026,MANDI020,Corn,2365.44,2090.0,275.44000000000005,0,13.178947368421055
PR005674,15.04.2026,MANDI008,Corn,2097.3,2090.0,7.300000000000182,0,0.3492822966507264
PR011356,18/03/2026,MANDI043,Corn,2160.21,2090.0,70.21000000000004,0,3.3593301435406717
PR011087,2026-05-18,MANDI007,Cotton,7571.13,6620.0,951.1300000000001,0,14.367522658610273
PR004868,2026-05-02,,Mustard,5598.01,5650.0,-51.98999999999978,1,-0.9201769911504386
PR002430,16/05/2026,MANDI012,Cotton,6861.32,6620.0,241.3199999999997,0,3.645317220543802
PR004051,2026/01/31,MANDI028,Sugarcane,3336.0,3500.0,-164.0,1,-4.685714285714285
PR003668,06-Apr-2026,MANDI046,Wheat,2579.5355788650804,2275.0,304.5355788650804,0,13.386179290772764
PR007759,12.08.2026,MANDI047,Cotton,7121.0,6620.0,501.0,0,7.56797583081571
PR001781,2026-01-29,,Sugarcane,3495.26,3500.0,-4.739999999999782,1,-0.13542857142856518
PR009564,06/02/2026,,REQUIRES_INVESTIGATION,2007.21,2183.0,-175.78999999999996,1,-8.052679798442508
PR006507,2026-07-03,MANDI026,Mustard,6497.0,5650.0,847.0,0,14.991150442477878
PR007293,2026/04/07,MANDI020,Wheat,2352.52,2275.0,77.51999999999998,0,3.4074725274725264
PR001310,19/04/2026,MANDI010,Wheat,2241.53,2275.0,-33.4699999999998,1,-1.4712087912087823
PR011563,2026/03/03,MANDI053,Wheat,2368.828527057596,2275.0,93.82852705759615,0,4.124330859674556
PR010339,25.04.2026,MANDI041,Mustard,5407.37,5650.0,-242.6300000000001,1,-4.294336283185843
PR008342,2026/05/08,MANDI008,Sugarcane,3742.75,3500.0,242.75,0,6.935714285714285
PR006715,15/05/2026,MANDI005,Corn,2254.47,2090.0,164.4699999999998,0,7.869377990430612
PR006541,24-Mar-2026,MANDI022,REQUIRES_INVESTIGATION,1995.3074203373908,2183.0,-187.6925796626092,1,-8.59791936154875
PR004975,03.07.2026,MANDI025,REQUIRES_INVESTIGATION,2075.01,2090.0,-14.989999999999782,1,-0.7172248803827647
PR003101,2026-06-29,MANDI029,REQUIRES_INVESTIGATION,6034.44,5650.0,384.4399999999996,0,6.804247787610612
PR009221,2026/04/04,MANDI025,Mustard,6549.27,5650.0,899.2700000000004,0,15.916283185840715
PR011436,2026/05/21,MANDI055,Paddy,2518.69,2183.0,335.69000000000005,0,15.377462207970686
PR005876,24/03/2026,MANDI029,Cotton,7083.374191616854,6620.0,463.37419161685375,0,6.999610145269694
PR004436,2026-06-27,MANDI038,Cotton,7521.54,6620.0,901.54,0,13.618429003021149
PR000519,05.03.2026,MANDI026,Cotton,6686.32,6620.0,66.31999999999971,0,1.001812688821748
PR009663,20.08.2026,MANDI050,Sugarcane,3484.398389954566,3500.0,-15.601610045433972,1,-0.44576028701239917
PR006528,2026-05-03,MANDI029,Paddy,2433.0,2183.0,250.0,0,11.452130096197893
PR009063,10.03.2026,MANDI054,Cotton,7151.37,6620.0,531.3699999999999,0,8.026737160120845
PR004993,2026-07-15,MANDI038,Sugarcane,3145.88,3500.0,-354.1199999999999,1,-10.117714285714282
PR011983,04-12-2026,,Mustard,6263.185255534114,5650.0,613.1852555341138,0,10.852836381134757
PR000143,02-12-2026,MANDI014,REQUIRES_INVESTIGATION,2246.0,2090.0,156.0,0,7.464114832535886
PR008237,2026-07-09,MANDI005,Mustard,6135.27,5650.0,485.27000000000044,0,8.588849557522131
PR000823,11/08/2026,,REQUIRES_INVESTIGATION,2390.698794222006,2183.0,207.6987942220062,0,9.514374449015401
PR000774,05-16-2026,,Cotton,6472.97,6620.0,-147.02999999999975,1,-2.22099697885196
PR003074,04-Jul-2026,MANDI027,Sugarcane,3162.98,3500.0,-337.02,1,-9.629142857142856
PR003082,27.06.2026,MANDI039,Sugarcane,3763.214488347616,3500.0,263.2144883476162,0,7.520413952789035
PR011144,05-12-2026,MANDI021,Cotton,6452.844508216249,6620.0,-167.15549178375113,1,-2.52500742875757
PR008557,2026-04-12,,Mustard,5700.0,5650.0,50.0,0,0.8849557522123894
PR009303,2026/07/31,,Corn,1932.728585992563,2090.0,-157.271414007437,1,-7.524948038633348
PR000356,08-May-2026,MANDI054,Mustard,6061.0,5650.0,411.0,0,7.274336283185841
PR011185,08-01-2026,MANDI001,Wheat,2442.0,2275.0,167.0,0,7.34065934065934
PR005730,09/01/2026,MANDI035,Sugarcane,3535.15,3500.0,35.15000000000009,0,1.004285714285717
PR001204,2026-01-19,MANDI014,Mustard,5442.04,5650.0,-207.96000000000004,1,-3.6807079646017704
PR002588,26/02/2026,MANDI035,REQUIRES_INVESTIGATION,2145.5984923508267,2183.0,-37.401507649173254,1,-1.713307725569091
PR010160,2026-05-14,,Paddy,2327.65,2183.0,144.6500000000001,0,6.626202473660105
PR001811,2026-07-15,MANDI026,REQUIRES_INVESTIGATION,2181.61,2183.0,-1.3899999999998727,1,-0.06367384333485446
PR008862,2026-03-20,,REQUIRES_INVESTIGATION,1977.0,2090.0,-113.0,1,-5.4066985645933014
PR010095,2026-01-07,MANDI001,Corn,1939.84,2090.0,-150.16000000000008,1,-7.184688995215314
PR009455,23.08.2026,MANDI024,Mustard,5478.85,5650.0,-171.14999999999964,1,-3.029203539823002
PR003053,2026/02/06,MANDI020,Cotton,7037.108826286591,6620.0,417.10882628659056,0,6.300737557199253
PR009010,2026-06-28,MANDI053,Wheat,2331.08,2275.0,56.07999999999993,0,2.4650549450549417
PR002673,20/06/2026,MANDI014,Cotton,7554.96,6620.0,934.96,0,14.123262839879155
PR008147,2026/05/27,MANDI034,Mustard,6040.293848586203,5650.0,390.29384858620324,0,6.907855727189438
PR000507,24.05.2026,MANDI013,Corn,2100.92,2090.0,10.920000000000073,0,0.5224880382775154
PR005719,2026-03-27,MANDI025,Corn,2272.59,2090.0,182.59000000000015,0,8.736363636363643
PR003323,03.03.2026,MANDI019,Mustard,5727.58,5650.0,77.57999999999993,0,1.373097345132742
PR005325,2026/07/20,MANDI019,Paddy,2147.1,2183.0,-35.90000000000009,1,-1.6445258818140216
PR004800,11.05.2026,,REQUIRES_INVESTIGATION,2029.98,2090.0,-60.01999999999998,1,-2.871770334928229
PR005240,2026-03-12,,Cotton,6744.5,6620.0,124.5,0,1.880664652567976
PR006709,15-Jun-2026,MANDI008,Cotton,7548.51,6620.0,928.5100000000002,0,14.025830815709972
PR008705,10.04.2026,MANDI015,Mustard,5668.0,5650.0,18.0,0,0.3185840707964602
PR009671,2026-08-26,MANDI045,Wheat,2455.1,2275.0,180.0999999999999,0,7.916483516483512
PR002030,08-25-2026,MANDI018,REQUIRES_INVESTIGATION,2352.0,2090.0,262.0,0,12.535885167464114
PR003308,23/08/2026,MANDI015,Mustard,5566.72,5650.0,-83.27999999999975,1,-1.4739823008849513
PR011526,01-13-2026,MANDI026,Wheat,2297.82,2275.0,22.820000000000164,0,1.0030769230769303
PR005135,13.03.2026,MANDI008,REQUIRES_INVESTIGATION,3640.41,3500.0,140.40999999999985,0,4.011714285714282
PR004777,2026/01/31,MANDI045,Mustard,5050.413892702856,5650.0,-599.5861072971438,1,-10.612143491984845
PR002132,09-02-2026,MANDI022,Corn,2237.733769433642,2090.0,147.733769433642,0,7.06860140830823
PR005667,08-12-2026,MANDI006,Mustard,5985.0,5650.0,335.0,0,5.929203539823009
PR001485,04-20-2026,MANDI051,Cotton,6533.885359599934,6620.0,-86.11464040006558,1,-1.3008253836867913
PR008521,01-11-2026,MANDI037,Sugarcane,3768.64,3500.0,268.6399999999999,0,7.675428571428568
PR000452,2026-06-29,MANDI055,Cotton,7294.53,6620.0,674.5299999999997,0,10.189274924471295
PR003081,23-Mar-2026,MANDI042,Mustard,6313.88,5650.0,663.8800000000001,0,11.750088495575223
PR009394,2026-04-05,MANDI009,Sugarcane,3611.99,3500.0,111.98999999999978,0,3.1997142857142795
PR004904,2026/03/08,,Sugarcane,3466.0,3500.0,-34.0,1,-0.9714285714285713
PR003548,2026-07-02,MANDI009,Sugarcane,3303.9168825397246,3500.0,-196.0831174602754,1,-5.602374784579297
PR005954,2026-03-13,MANDI042,REQUIRES_INVESTIGATION,2371.72,2183.0,188.7199999999998,0,8.644983967017856
PR001271,05-05-2026,MANDI028,REQUIRES_INVESTIGATION,1976.51,2183.0,-206.49,1,-9.459001374255612
PR003043,22-Mar-2026,MANDI014,Mustard,5613.58,5650.0,-36.42000000000007,1,-0.6446017699115056
PR003713,08/02/2026,MANDI004,Mustard,6026.96,5650.0,376.96000000000004,0,6.671858407079647
PR000798,04.07.2026,MANDI030,Sugarcane,3989.0752752604767,3500.0,489.0752752604767,0,13.973579293156476
PR004351,20/08/2026,MANDI026,Cotton,7031.55,6620.0,411.5500000000002,0,6.216767371601211
PR008493,2026-07-07,,Cotton,5929.5508361014345,6620.0,-690.4491638985655,1,-10.429745678226066
PR002389,2026-06-29,MANDI037,REQUIRES_INVESTIGATION,2289.29,2183.0,106.28999999999996,0,4.868987631699494
PR005045,2026-04-07,MANDI057,Cotton,6598.99,6620.0,-21.01000000000022,1,-0.31737160120846253
PR008198,28-Mar-2026,MANDI042,REQUIRES_INVESTIGATION,3549.01,3500.0,49.01000000000022,0,1.4002857142857206
PR008189,31/01/2026,,Corn,2154.058452170897,2090.0,64.058452170897,0,3.064997711526172
PR003959,2026-07-01,MANDI004,REQUIRES_INVESTIGATION,2267.277682406697,2183.0,84.27768240669684,0,3.860635932510162
PR007146,07.09.2026,MANDI034,Wheat,2467.3257101551226,2275.0,192.32571015512258,0,8.453877369455938
PR005076,27.07.2026,MANDI038,Paddy,2063.338361229852,2183.0,-119.66163877014787,1,-5.481522618879884
PR004177,2026-01-14,MANDI030,REQUIRES_INVESTIGATION,6032.75,5650.0,382.75,0,6.77433628318584
PR008324,2026-05-11,MANDI052,REQUIRES_INVESTIGATION,2288.08,2090.0,198.07999999999993,0,9.477511961722485
PR008742,2026-05-13,MANDI048,REQUIRES_INVESTIGATION,3646.93,3500.0,146.92999999999984,0,4.197999999999995
PR008063,10.05.2026,,Sugarcane,3699.33,3500.0,199.32999999999993,0,5.695142857142855
PR009005,11/06/2026,MANDI041,Cotton,7081.13,6620.0,461.1300000000001,0,6.965709969788521
PR008930,2026-01-03,MANDI042,Mustard,5869.2,5650.0,219.19999999999982,0,3.879646017699112
PR008184,2026-08-03,MANDI006,Sugarcane,3314.0,3500.0,-186.0,1,-5.314285714285714
PR010013,05/02/2026,MANDI031,Cotton,7081.0,6620.0,461.0,0,6.963746223564955
PR004565,01-13-2026,MANDI054,REQUIRES_INVESTIGATION,2099.51,2183.0,-83.48999999999978,1,-3.824553366926238
PR006508,06-17-2026,MANDI026,REQUIRES_INVESTIGATION,5260.44,5650.0,-389.5600000000004,1,-6.894867256637176
PR006237,2026-09-05,MANDI017,REQUIRES_INVESTIGATION,2472.0,2183.0,289.0,0,13.238662391204764
PR006671,13/05/2026,MANDI041,Sugarcane,3459.52,3500.0,-40.48000000000002,1,-1.156571428571429
PR010522,2026-07-20,,REQUIRES_INVESTIGATION,2367.7356029661933,2183.0,184.73560296619326,0,8.462464634273626
PR001207,30-Aug-2026,,Wheat,2489.9,2275.0,214.9000000000001,0,9.44615384615385
PR000350,12/08/2026,MANDI029,Mustard,5379.51,5650.0,-270.4899999999998,1,-4.78743362831858
PR009645,2026/01/09,MANDI038,REQUIRES_INVESTIGATION,1975.25,2183.0,-207.75,1,-9.516720109940449
PR006482,2026/03/25,MANDI049,Cotton,7227.0,6620.0,607.0,0,9.169184290030213
PR000762,2026-06-24,MANDI024,Sugarcane,3320.87,3500.0,-179.1300000000001,1,-5.118000000000003
PR002485,03.01.2026,MANDI020,Mustard,6238.51,5650.0,588.5100000000002,0,10.41610619469027
PR010325,08.04.2026,MANDI040,Paddy,2316.0,2183.0,133.0,0,6.092533211177279
PR001711,2026-03-29,,Sugarcane,3567.370160735434,3500.0,67.37016073543418,0,1.9248617352981197
PR003073,2026/03/23,,Cotton,6251.75,6620.0,-368.25,1,-5.562688821752266
PR001064,08-30-2026,MANDI032,Wheat,2333.5,2275.0,58.5,0,2.571428571428571
PR008766,07/08/2026,MANDI040,REQUIRES_INVESTIGATION,2349.1,2183.0,166.0999999999999,0,7.608795235913876
PR005079,23-Jun-2026,MANDI024,Sugarcane,3922.96,3500.0,422.96000000000004,0,12.08457142857143
PR000154,04-08-2026,MANDI001,REQUIRES_INVESTIGATION,5431.35,5650.0,-218.64999999999964,1,-3.8699115044247723
PR010910,08-Aug-2026,MANDI005,Mustard,6341.9,5650.0,691.8999999999996,0,12.246017699115038
PR007390,08-17-2026,MANDI047,Corn,2164.49,2090.0,74.48999999999978,0,3.5641148325358745
PR000398,06/05/2026,MANDI021,Cotton,7050.39,6620.0,430.3900000000003,0,6.5013595166163185
PR007115,2026/06/03,MANDI021,Sugarcane,3708.0,3500.0,208.0,0,5.942857142857143
PR011343,2026-05-25,MANDI007,Cotton,6398.028734083424,6620.0,-221.97126591657616,1,-3.3530402706431444
PR004768,18.04.2026,MANDI029,REQUIRES_INVESTIGATION,6080.59,5650.0,430.59000000000015,0,7.621061946902658
PR000737,08-Sep-2026,,Sugarcane,3377.93,3500.0,-122.07000000000016,1,-3.4877142857142904
PR001802,09/01/2026,MANDI019,Wheat,2366.86,2275.0,91.86000000000013,0,4.037802197802203
PR003407,2026/04/13,MANDI004,Mustard,6200.46,5650.0,550.46,0,9.742654867256638
PR010740,26/02/2026,,Mustard,5931.89,5650.0,281.8900000000003,0,4.989203539823015
PR010059,02.04.2026,MANDI016,Sugarcane,3322.05,3500.0,-177.94999999999982,1,-5.084285714285709
PR010566,30/06/2026,MANDI056,Mustard,5319.12,5650.0,-330.8800000000001,1,-5.856283185840709
PR009239,06-01-2026,MANDI038,REQUIRES_INVESTIGATION,2369.63,2183.0,186.6300000000001,0,8.549244159413655
PR011834,25-Apr-2026,,Wheat,2125.0,2275.0,-150.0,1,-6.593406593406594
PR000185,2026/04/17,MANDI027,Mustard,5656.0,5650.0,6.0,0,0.10619469026548674
PR010413,01-16-2026,MANDI017,REQUIRES_INVESTIGATION,1901.43,2090.0,-188.56999999999994,1,-9.022488038277508
PR007663,2026-02-01,MANDI039,Wheat,2394.05,2275.0,119.05000000000018,0,5.232967032967041
PR008922,25-Mar-2026,MANDI005,Cotton,6173.0,6620.0,-447.0,1,-6.75226586102719
PR011616,08/05/2026,MANDI044,Corn,1932.2400218168784,2090.0,-157.75997818312158,1,-7.548324314981894
PR000443,06/07/2026,MANDI036,REQUIRES_INVESTIGATION,2444.1,2183.0,261.0999999999999,0,11.960604672469074
PR001103,20-Jul-2026,MANDI002,Corn,2007.0,2090.0,-83.0,1,-3.971291866028708
PR001441,2026-07-28,MANDI045,Paddy,2238.24,2183.0,55.23999999999978,0,2.530462666055876
PR006126,2026/03/30,MANDI047,Corn,2184.28,2090.0,94.2800000000002,0,4.511004784689004
PR007334,08-15-2026,MANDI007,Sugarcane,3798.0,3500.0,298.0,0,8.514285714285714
PR005722,2026/02/09,MANDI043,Wheat,2624.0,2275.0,349.0,0,15.340659340659341
PR007077,08/05/2026,MANDI013,Wheat,2136.04,2275.0,-138.96000000000004,1,-6.10813186813187
PR004437,2026-03-21,MANDI020,Corn,1906.47,2090.0,-183.52999999999997,1,-8.78133971291866
PR006408,2026-02-15,MANDI036,Cotton,7325.58,6620.0,705.5799999999999,0,10.658308157099697
PR005037,2026-04-11,MANDI013,Sugarcane,3604.82,3500.0,104.82000000000016,0,2.9948571428571475
PR007960,2026/06/06,MANDI056,REQUIRES_INVESTIGATION,2234.68,2090.0,144.67999999999984,0,6.922488038277503
PR010393,04-24-2026,MANDI033,Cotton,7692.9,6620.0,1072.8999999999996,0,16.20694864048338
PR010174,03-24-2026,,Sugarcane,3415.88,3500.0,-84.11999999999989,1,-2.4034285714285684
PR010444,03.07.2026,MANDI052,REQUIRES_INVESTIGATION,3392.45,3500.0,-107.55000000000018,1,-3.072857142857148
PR009183,23/01/2026,MANDI047,Corn,1915.04,2090.0,-174.96000000000004,1,-8.37129186602871
PR008460,27-Feb-2026,MANDI015,Sugarcane,3799.0,3500.0,299.0,0,8.542857142857143
PR005151,2026/08/24,MANDI001,Sugarcane,3398.57,3500.0,-101.42999999999984,1,-2.8979999999999952
PR004624,2026/06/28,MANDI004,REQUIRES_INVESTIGATION,2479.0,2183.0,296.0,0,13.559322033898304
PR003250,15-Feb-2026,MANDI028,Sugarcane,3907.19,3500.0,407.19000000000005,0,11.634000000000002
PR007710,2026/06/04,,Wheat,2167.0,2275.0,-108.0,1,-4.747252747252747
PR008327,2026/04/05,MANDI032,REQUIRES_INVESTIGATION,1987.26,2183.0,-195.74,1,-8.966559780119104
PR005865,04/01/2026,MANDI020,Wheat,2193.475713550545,2275.0,-81.52428644945485,1,-3.5834851186573564
PR001105,07/06/2026,MANDI040,Wheat,2505.12,2275.0,230.1199999999999,0,10.11516483516483
PR007450,11-Jun-2026,MANDI019,Wheat,2251.14,2275.0,-23.860000000000127,1,-1.0487912087912143
PR005524,2026-05-22,MANDI015,Paddy,2095.3053061912256,2183.0,-87.69469380877445,1,-4.0171641689773
PR004251,2026-03-09,MANDI040,REQUIRES_INVESTIGATION,5830.72,5650.0,180.72000000000025,0,3.1985840707964646
PR010229,09/04/2026,MANDI056,Paddy,2422.48,2183.0,239.48000000000002,0,10.970224461749886
PR011864,17-Aug-2026,MANDI036,Cotton,6911.76,6620.0,291.7600000000002,0,4.407250755287012
PR011927,2026/01/19,MANDI049,Mustard,5996.0,5650.0,346.0,0,6.123893805309734
PR005335,06-24-2026,MANDI026,REQUIRES_INVESTIGATION,6186.99,5650.0,536.9899999999998,0,9.504247787610616
PR006152,25-Feb-2026,MANDI012,Wheat,2173.21,2275.0,-101.78999999999996,1,-4.474285714285712
PR001218,30.07.2026,MANDI015,Sugarcane,3678.5,3500.0,178.5,0,5.1
PR011050,28/04/2026,MANDI046,Corn,2142.41,2090.0,52.409999999999854,0,2.5076555023923373
PR009971,20/05/2026,MANDI010,REQUIRES_INVESTIGATION,6235.28,5650.0,585.2799999999997,0,10.358938053097342
PR010957,03-14-2026,MANDI032,Sugarcane,3571.0,3500.0,71.0,0,2.0285714285714285
PR002166,20/08/2026,MANDI031,Cotton,6060.55,6620.0,-559.4499999999998,1,-8.450906344410873
PR008396,29-Apr-2026,MANDI014,Corn,2171.69,2090.0,81.69000000000005,0,3.9086124401913906
PR002029,02.07.2026,MANDI010,REQUIRES_INVESTIGATION,5832.81,5650.0,182.8100000000004,0,3.2355752212389453
PR007911,07-Jul-2026,,Wheat,2371.35,2275.0,96.34999999999991,0,4.235164835164832
PR006718,2026/03/09,MANDI040,Sugarcane,3347.0,3500.0,-153.0,1,-4.371428571428571
PR010425,05/06/2026,MANDI038,Corn,2033.63,2090.0,-56.36999999999989,1,-2.6971291866028655
PR001795,14/02/2026,MANDI008,Corn,2000.21,2090.0,-89.78999999999996,1,-4.296172248803827
PR001693,2026/07/16,MANDI015,Mustard,5566.81,5650.0,-83.1899999999996,1,-1.4723893805309665
PR010489,01/04/2026,MANDI041,Mustard,6117.63,5650.0,467.6300000000001,0,8.276637168141594
PR011036,2026-03-10,MANDI008,Wheat,2422.0,2275.0,147.0,0,6.461538461538462
PR003574,2026-08-14,MANDI031,Mustard,6474.67,5650.0,824.6700000000001,0,14.595929203539823
PR010934,2026/06/05,MANDI050,Sugarcane,3550.79,3500.0,50.789999999999964,0,1.451142857142856
PR009920,2026-04-09,MANDI005,REQUIRES_INVESTIGATION,5797.79739872182,5650.0,147.79739872182017,0,2.615883163218056
PR010277,15/03/2026,MANDI043,Wheat,2488.965222250645,2275.0,213.96522225064518,0,9.405064714314074
PR001343,07-09-2026,MANDI002,Wheat,2605.804866757626,2275.0,330.80486675762586,0,14.540873264071466
PR001718,2026/05/01,MANDI025,Corn,2164.77,2090.0,74.76999999999998,0,3.577511961722487
PR008893,05-30-2026,,Corn,2359.93,2090.0,269.92999999999984,0,12.915311004784682
PR004200,05.07.2026,MANDI016,REQUIRES_INVESTIGATION,3741.23,3500.0,241.23000000000002,0,6.892285714285714
PR008939,28-Jul-2026,MANDI002,REQUIRES_INVESTIGATION,3589.47,3500.0,89.4699999999998,0,2.5562857142857087
PR006533,04-13-2026,MANDI020,Cotton,6252.804223391551,6620.0,-367.1957766084488,1,-5.546763997106477
PR002253,2026/02/02,MANDI025,Paddy,2130.26,2183.0,-52.73999999999978,1,-2.4159413650938975
PR000550,2026/07/10,MANDI007,Wheat,2334.0,2275.0,59.0,0,2.5934065934065935
PR005296,29.07.2026,MANDI054,Corn,2375.0,2090.0,285.0,0,13.636363636363635
PR009298,2026/05/30,MANDI057,REQUIRES_INVESTIGATION,2306.0,2183.0,123.0,0,5.634448007329363
PR005309,01.06.2026,MANDI014,REQUIRES_INVESTIGATION,2195.170267644535,2183.0,12.170267644535215,0,0.5575019534830608
PR000708,2026-06-19,MANDI029,Cotton,5926.24,6620.0,-693.7600000000002,1,-10.479758308157102
PR001771,06/04/2026,MANDI031,REQUIRES_INVESTIGATION,1931.58,2090.0,-158.42000000000007,1,-7.579904306220099
PR010350,03-02-2026,MANDI034,Paddy,2339.09,2183.0,156.09000000000015,0,7.150251946862123
PR002601,2026/08/02,MANDI024,Cotton,6937.04,6620.0,317.03999999999996,0,4.789123867069486
PR004379,21/02/2026,MANDI034,Wheat,2268.68,2275.0,-6.320000000000164,1,-0.277802197802205
PR001834,11.06.2026,MANDI043,Wheat,2545.62,2275.0,270.6199999999999,0,11.89538461538461
PR011567,01-07-2026,MANDI024,Sugarcane,3368.42,3500.0,-131.57999999999993,1,-3.759428571428569
PR000010,2026-06-27,MANDI005,Mustard,6222.0,5650.0,572.0,0,10.123893805309734
PR006069,02-Feb-2026,MANDI009,Sugarcane,3381.205433665751,3500.0,-118.79456633424888,1,-3.3941304666928254
PR003712,17-Mar-2026,MANDI038,Wheat,2553.99,2275.0,278.9899999999998,0,12.263296703296692
PR003005,08/08/2026,MANDI030,REQUIRES_INVESTIGATION,2191.43,2183.0,8.429999999999836,0,0.3861658268437854
PR000590,04-09-2026,,REQUIRES_INVESTIGATION,3990.51,3500.0,490.5100000000002,0,14.014571428571434
PR009332,27-Apr-2026,MANDI056,REQUIRES_INVESTIGATION,3244.67,3500.0,-255.32999999999993,1,-7.295142857142856
PR006333,08-14-2026,MANDI015,REQUIRES_INVESTIGATION,5060.121302850372,5650.0,-589.8786971496284,1,-10.440330923002271
PR007703,2026-04-14,MANDI035,Sugarcane,3075.97,3500.0,-424.0300000000002,1,-12.115142857142864
PR001368,2026-01-31,MANDI001,REQUIRES_INVESTIGATION,2129.52,2183.0,-53.48000000000002,1,-2.4498396701786542
PR009126,11.02.2026,MANDI044,Wheat,2433.25,2275.0,158.25,0,6.956043956043956
PR007207,2026/08/09,MANDI006,REQUIRES_INVESTIGATION,2219.01,2183.0,36.01000000000022,0,1.6495648190563545
PR001519,2026-07-04,MANDI004,Mustard,5505.67,5650.0,-144.32999999999993,1,-2.5545132743362817
PR009867,03-22-2026,MANDI049,Wheat,2537.0,2275.0,262.0,0,11.516483516483516
PR008626,29/08/2026,MANDI024,Mustard,5240.89,5650.0,-409.1099999999997,1,-7.240884955752207
PR009180,06-Mar-2026,MANDI041,Paddy,1955.25,2183.0,-227.75,1,-10.43289051763628
PR009369,13/01/2026,MANDI054,Corn,2238.49,2090.0,148.48999999999978,0,7.104784688995205
PR006372,2026-06-11,MANDI026,Cotton,6770.06,6620.0,150.0600000000004,0,2.2667673716012144
PR002571,2026/03/01,MANDI012,REQUIRES_INVESTIGATION,1883.08,2090.0,-206.92000000000007,1,-9.900478468899525
PR003189,01.09.2026,MANDI053,Sugarcane,3522.12,3500.0,22.11999999999989,0,0.6319999999999969
PR007342,19-Mar-2026,MANDI006,REQUIRES_INVESTIGATION,2449.0,2183.0,266.0,0,12.185066422354558
PR011419,2026/02/08,MANDI038,Mustard,5624.0,5650.0,-26.0,1,-0.4601769911504424
PR002816,2026-04-27,,Paddy,2060.27,2183.0,-122.73000000000002,1,-5.62207970682547
PR003170,24/02/2026,MANDI022,Mustard,5117.94,5650.0,-532.0600000000004,1,-9.416991150442485
PR005075,11-Jun-2026,MANDI032,Wheat,2284.128291798953,2275.0,9.128291798952887,0,0.4012435955583687
PR004927,08/04/2026,MANDI026,REQUIRES_INVESTIGATION,2008.0,2183.0,-175.0,1,-8.016491067338526
PR008038,17.05.2026,MANDI005,Wheat,2502.57,2275.0,227.57000000000016,0,10.00307692307693
PR004495,2026/09/03,MANDI055,Cotton,7575.479620090854,6620.0,955.479620090854,0,14.433226889589939
PR001470,08/07/2026,MANDI032,Wheat,2259.15,2275.0,-15.849999999999909,1,-0.6967032967032928
PR005725,08-31-2026,MANDI022,REQUIRES_INVESTIGATION,2391.71,2183.0,208.71000000000004,0,9.560696289509849
PR004158,15.07.2026,,Sugarcane,4003.9,3500.0,503.9000000000001,0,14.39714285714286
PR011974,28-Jan-2026,,Mustard,5789.18,5650.0,139.1800000000003,0,2.4633628318584124
PR009501,21-Mar-2026,MANDI041,Mustard,6153.95,5650.0,503.9499999999998,0,8.91946902654867
PR003533,27/06/2026,MANDI008,Corn,2128.0,2090.0,38.0,0,1.8181818181818181
PR006088,08-28-2026,MANDI025,Mustard,5637.09,5650.0,-12.909999999999854,1,-0.22849557522123637
PR008273,19.01.2026,MANDI005,Wheat,2430.16,2275.0,155.15999999999985,0,6.820219780219775
PR001396,2026-03-01,,Wheat,2199.51,2275.0,-75.48999999999978,1,-3.318241758241749
PR000009,13.07.2026,MANDI004,Paddy,2339.11,2183.0,156.11000000000013,0,7.151168117269818
PR011450,2026/08/15,,REQUIRES_INVESTIGATION,2221.0,2090.0,131.0,0,6.267942583732057
PR011209,18-Aug-2026,MANDI035,Wheat,2165.77,2275.0,-109.23000000000002,1,-4.801318681318683
PR007815,21-Apr-2026,MANDI005,Cotton,5850.2,6620.0,-769.8000000000002,1,-11.628398791540787
PR008528,2026-05-06,MANDI013,Corn,2107.0,2090.0,17.0,0,0.8133971291866028
PR006904,2026/07/31,MANDI004,Cotton,6674.0,6620.0,54.0,0,0.8157099697885197
PR010110,2026-01-02,MANDI029,Sugarcane,3555.91,3500.0,55.909999999999854,0,1.5974285714285674
PR001911,2026-06-16,MANDI033,REQUIRES_INVESTIGATION,5947.18,5650.0,297.1800000000003,0,5.259823008849562
PR002917,17-Jun-2026,MANDI047,Cotton,7412.0,6620.0,792.0,0,11.963746223564954
PR003196,04-Mar-2026,MANDI033,REQUIRES_INVESTIGATION,3632.29,3500.0,132.28999999999996,0,3.779714285714285
PR004193,12/08/2026,MANDI015,Wheat,2371.85,2275.0,96.84999999999991,0,4.257142857142853
PR008977,02-Mar-2026,MANDI057,Mustard,5087.99,5650.0,-562.0100000000002,1,-9.947079646017704
PR001375,02/05/2026,MANDI027,Wheat,2161.12,2275.0,-113.88000000000011,1,-5.005714285714291
PR006211,03-29-2026,MANDI036,Cotton,6596.0,6620.0,-24.0,1,-0.36253776435045315
PR011018,2026/06/28,MANDI030,Cotton,7264.62,6620.0,644.6199999999999,0,9.737462235649545
PR002441,2026/07/14,MANDI046,Wheat,2392.2,2275.0,117.19999999999982,0,5.151648351648343
PR003209,22/04/2026,MANDI031,Paddy,2114.36,2183.0,-68.63999999999987,1,-3.144296839212088
PR010081,2026-06-01,MANDI008,Cotton,7027.13,6620.0,407.1300000000001,0,6.150000000000002
PR002912,17.07.2026,MANDI046,Cotton,7462.13,6620.0,842.1300000000001,0,12.720996978851964
PR004043,09/09/2026,MANDI043,Sugarcane,3579.43,3500.0,79.42999999999984,0,2.2694285714285667
PR004338,05.07.2026,MANDI013,Sugarcane,3294.33,3500.0,-205.67000000000007,1,-5.876285714285716
PR007752,09-Mar-2026,MANDI055,Sugarcane,3421.0,3500.0,-79.0,1,-2.257142857142857
PR006547,15.07.2026,MANDI041,REQUIRES_INVESTIGATION,2152.0,2090.0,62.0,0,2.9665071770334928
PR010600,09/06/2026,MANDI049,Wheat,2094.0,2275.0,-181.0,1,-7.956043956043956
PR003270,2026-06-14,,Cotton,6515.0,6620.0,-105.0,1,-1.5861027190332326
PR008111,15/04/2026,MANDI034,Wheat,2363.38,2275.0,88.38000000000011,0,3.8848351648351693
PR007598,30.04.2026,MANDI003,Wheat,2267.2729576839497,2275.0,-7.7270423160503015,1,-0.33965021169451876
PR010025,2026/07/14,MANDI008,Wheat,2254.23,2275.0,-20.769999999999982,1,-0.9129670329670322
PR002539,19/07/2026,MANDI007,Corn,2044.9,2090.0,-45.09999999999991,1,-2.157894736842101
PR005826,2026-06-07,MANDI035,Cotton,6841.24,6620.0,221.23999999999978,0,3.3419939577039237
PR005377,2026/03/30,,Mustard,5526.71,5650.0,-123.28999999999996,1,-2.182123893805309
PR001093,2026-03-27,,Sugarcane,3322.227797253376,3500.0,-177.77220274662386,1,-5.079205792760682
PR008145,11/05/2026,MANDI052,Corn,1986.99,2090.0,-103.00999999999999,1,-4.928708133971291
PR010555,2026-03-17,MANDI033,REQUIRES_INVESTIGATION,2116.628160794807,2183.0,-66.37183920519283,1,-3.040395749207184
PR011944,2026-03-30,MANDI023,Wheat,2403.27,2275.0,128.26999999999998,0,5.638241758241758
PR008419,2026-02-21,MANDI013,Cotton,6436.03,6620.0,-183.97000000000025,1,-2.77900302114804
PR001908,28/01/2026,MANDI015,Paddy,2073.29,2183.0,-109.71000000000004,1,-5.025652771415485
PR003232,30.07.2026,MANDI041,Cotton,6478.44,6620.0,-141.5600000000004,1,-2.138368580060429
PR007576,02-17-2026,MANDI039,Wheat,2331.22,2275.0,56.2199999999998,0,2.4712087912087823
PR006714,2026-08-01,,REQUIRES_INVESTIGATION,2069.76,2090.0,-20.23999999999978,1,-0.9684210526315686
PR007012,25.02.2026,MANDI017,Wheat,2223.0,2275.0,-52.0,1,-2.2857142857142856
PR004790,09.07.2026,MANDI047,Paddy,2412.56,2183.0,229.55999999999995,0,10.51580393953275
PR011691,06/02/2026,MANDI014,REQUIRES_INVESTIGATION,5580.81,5650.0,-69.1899999999996,1,-1.2246017699114975
PR002144,11.02.2026,MANDI052,Sugarcane,3816.0,3500.0,316.0,0,9.028571428571428
PR002507,2026-05-28,MANDI044,Cotton,6715.0,6620.0,95.0,0,1.4350453172205437
PR011158,27/03/2026,MANDI001,Cotton,6468.98,6620.0,-151.02000000000044,1,-2.281268882175233
PR004450,11-Feb-2026,MANDI035,REQUIRES_INVESTIGATION,2092.84,2183.0,-90.15999999999985,1,-4.130096197892801
PR007352,08-Feb-2026,MANDI024,Cotton,7316.33,6620.0,696.3299999999999,0,10.51858006042296
PR008054,29-Mar-2026,MANDI044,Wheat,2268.83,2275.0,-6.170000000000073,1,-0.2712087912087944
PR001153,05-13-2026,MANDI014,Cotton,6935.1,6620.0,315.10000000000036,0,4.75981873111783
PR003901,08-07-2026,MANDI024,Paddy,2196.0,2183.0,13.0,0,0.5955107650022904
PR006631,17/01/2026,MANDI025,REQUIRES_INVESTIGATION,2276.44,2183.0,93.44000000000005,0,4.280348144754926
PR002167,10/08/2026,MANDI046,Mustard,5615.0,5650.0,-35.0,1,-0.6194690265486725
PR002442,19/07/2026,MANDI008,Mustard,6114.0,5650.0,464.0,0,8.212389380530974
PR008804,09-Aug-2026,MANDI016,Corn,2060.5679879219806,2090.0,-29.432012078019397,1,-1.4082302429674354
PR001005,27.01.2026,MANDI015,REQUIRES_INVESTIGATION,1989.93,2090.0,-100.06999999999994,1,-4.7880382775119585
PR008015,24-Mar-2026,,REQUIRES_INVESTIGATION,3509.266002115077,3500.0,9.266002115076844,0,0.2647429175736241
PR003920,15-Jun-2026,,Cotton,6163.51,6620.0,-456.4899999999998,1,-6.895619335347429
PR009634,02-May-2026,MANDI006,Cotton,6524.3,6620.0,-95.69999999999982,1,-1.4456193353474291
PR008204,07-25-2026,MANDI024,Wheat,2307.35,2275.0,32.34999999999991,0,1.421978021978018
PR001569,2026/05/18,MANDI038,Mustard,6481.0,5650.0,831.0,0,14.707964601769913
PR000455,30/06/2026,MANDI042,Corn,2090.49,2090.0,0.4899999999997817,0,0.02344497607654458
PR004165,03-12-2026,MANDI047,Corn,2142.55,2090.0,52.55000000000018,0,2.514354066985655
PR001638,05.06.2026,MANDI030,Cotton,7079.54,6620.0,459.53999999999996,0,6.941691842900302
PR008020,01.09.2026,MANDI011,Wheat,2233.114065581087,2275.0,-41.885934418913166,1,-1.8411399744577215
PR002809,07-10-2026,MANDI037,REQUIRES_INVESTIGATION,2153.46,2183.0,-29.539999999999964,1,-1.3531836921667413
PR001486,21/03/2026,MANDI001,REQUIRES_INVESTIGATION,2172.33,2183.0,-10.670000000000073,1,-0.48877691250572936
PR006563,23/02/2026,MANDI057,Corn,1998.49,2090.0,-91.50999999999999,1,-4.378468899521531
PR010815,05.05.2026,MANDI035,Sugarcane,3238.24,3500.0,-261.7600000000002,1,-7.47885714285715
PR004164,09-07-2026,MANDI015,REQUIRES_INVESTIGATION,2224.57,2090.0,134.57000000000016,0,6.438755980861252
PR009651,25-Jun-2026,MANDI035,Corn,2121.0,2090.0,31.0,0,1.4832535885167464
PR007020,12-Feb-2026,MANDI011,REQUIRES_INVESTIGATION,2240.05,2183.0,57.05000000000018,0,2.6133760879523673
PR001423,2026-04-03,MANDI054,Cotton,7002.57,6620.0,382.5699999999997,0,5.779003021148032
PR001464,2026/03/30,MANDI015,Mustard,6106.94,5650.0,456.9399999999996,0,8.087433628318577
PR003415,2026/04/20,MANDI044,Sugarcane,3723.06,3500.0,223.05999999999995,0,6.373142857142855
PR008480,29.03.2026,MANDI035,Sugarcane,3535.24,3500.0,35.23999999999978,0,1.0068571428571367
PR009832,2026-07-14,MANDI039,Mustard,5904.52,5650.0,254.52000000000044,0,4.504778761061955
PR003059,13-Jan-2026,MANDI043,REQUIRES_INVESTIGATION,3337.66580929671,3500.0,-162.33419070329,1,-4.638119734379714
PR010387,09.07.2026,MANDI010,Sugarcane,3677.42,3500.0,177.42000000000007,0,5.069142857142859
PR008234,11.08.2026,MANDI029,Sugarcane,3524.09,3500.0,24.090000000000146,0,0.6882857142857185
PR001864,27/03/2026,MANDI038,Cotton,6965.104486794689,6620.0,345.10448679468936,0,5.2130587129107155
PR008280,07.04.2026,MANDI003,Paddy,2026.5,2183.0,-156.5,1,-7.169033440219881
PR005141,23-Jul-2026,MANDI012,Corn,1927.67,2090.0,-162.32999999999993,1,-7.766985645933011
PR010570,2026-06-27,MANDI027,Wheat,2149.0,2275.0,-126.0,1,-5.538461538461538
PR002342,25-Jul-2026,MANDI015,Corn,2149.91,2090.0,59.909999999999854,0,2.866507177033486
PR007517,23.01.2026,MANDI047,Corn,1993.33,2090.0,-96.67000000000007,1,-4.625358851674645
PR007266,02/08/2026,,Cotton,6302.57,6620.0,-317.4300000000003,1,-4.795015105740186
PR009131,04-09-2026,MANDI054,Sugarcane,3826.74,3500.0,326.7399999999998,0,9.335428571428565
PR002640,26/05/2026,MANDI041,Corn,2165.0,2090.0,75.0,0,3.588516746411483
PR009970,02-15-2026,,Corn,2253.16,2090.0,163.15999999999985,0,7.806698564593296
PR004557,01-31-2026,MANDI011,Wheat,2614.02,2275.0,339.02,0,14.901978021978021
PR000843,30/08/2026,MANDI019,Mustard,5585.86,5650.0,-64.14000000000033,1,-1.135221238938059
PR010278,08-19-2026,MANDI018,Corn,2303.99,2090.0,213.98999999999978,0,10.238755980861233
PR004411,30.03.2026,,REQUIRES_INVESTIGATION,2175.0,2090.0,85.0,0,4.0669856459330145
PR004829,29.03.2026,MANDI053,Cotton,6536.65,6620.0,-83.35000000000036,1,-1.2590634441087667
PR004733,13/06/2026,MANDI042,Cotton,6563.29,6620.0,-56.710000000000036,1,-0.8566465256797589
PR005443,2026/08/07,MANDI041,Wheat,2439.11,2275.0,164.11000000000013,0,7.213626373626379
PR010616,01/05/2026,MANDI036,REQUIRES_INVESTIGATION,2390.25,2183.0,207.25,0,9.493815849748053
PR009143,2026-04-02,,Sugarcane,3316.66,3500.0,-183.34000000000015,1,-5.238285714285718
PR005449,2026-04-27,MANDI002,Mustard,5597.52,5650.0,-52.47999999999956,1,-0.9288495575221162
PR010497,05-Feb-2026,MANDI032,Wheat,2161.3,2275.0,-113.69999999999982,1,-4.99780219780219
PR002473,2026/08/09,MANDI007,Mustard,6310.962587346368,5650.0,660.9625873463683,0,11.69845287338705
PR009052,02.03.2026,MANDI028,Corn,2310.73,2090.0,220.73000000000002,0,10.561244019138757
PR002444,27-Jun-2026,MANDI021,Cotton,7090.07,6620.0,470.0699999999997,0,7.100755287009059
PR010355,14-Jan-2026,MANDI017,Paddy,2434.567193891161,2183.0,251.56719389116097,0,11.52392092950806
PR006277,2026/08/09,MANDI038,Wheat,2511.66,2275.0,236.65999999999985,0,10.402637362637355
PR007659,06-08-2026,MANDI016,Corn,1996.157869262532,2090.0,-93.8421307374681,1,-4.490054102271201
PR000403,2026/07/08,MANDI048,Wheat,2631.0,2275.0,356.0,0,15.64835164835165
PR003573,27/01/2026,MANDI044,Corn,2048.45,2090.0,-41.55000000000018,1,-1.9880382775119703
PR000795,14/05/2026,,Wheat,2310.62,2275.0,35.61999999999989,0,1.565714285714281
PR009785,2026-06-22,MANDI031,Cotton,6223.3,6620.0,-396.6999999999998,1,-5.992447129909363
PR001135,17-Jun-2026,MANDI013,REQUIRES_INVESTIGATION,3626.0,3500.0,126.0,0,3.5999999999999996
PR002429,2026/07/05,MANDI003,Mustard,5328.13,5650.0,-321.8699999999999,1,-5.696814159292034
PR008505,19/05/2026,MANDI023,Cotton,5961.62,6620.0,-658.3800000000001,1,-9.945317220543808
PR000928,2026-01-16,,REQUIRES_INVESTIGATION,2157.31,2090.0,67.30999999999995,0,3.220574162679423
PR004484,2026/02/05,MANDI056,Wheat,2065.7944935927894,2275.0,-209.20550640721058,1,-9.195846435481783
PR000888,2026/05/25,MANDI001,Sugarcane,3791.0,3500.0,291.0,0,8.314285714285715
PR003125,2026/05/02,MANDI001,Corn,2147.0,2090.0,57.0,0,2.727272727272727
PR001627,08-19-2026,MANDI003,Mustard,6106.18,5650.0,456.1800000000003,0,8.07398230088496
PR007359,12/07/2026,MANDI054,REQUIRES_INVESTIGATION,3947.0,3500.0,447.0,0,12.771428571428572
PR009115,08-14-2026,MANDI045,REQUIRES_INVESTIGATION,2289.09,2183.0,106.09000000000015,0,4.859825927622544
PR007097,14-Jun-2026,MANDI011,Wheat,2415.82,2275.0,140.82000000000016,0,6.189890109890117
PR000208,21.01.2026,MANDI030,Cotton,7331.69,6620.0,711.6899999999996,0,10.750604229607244
PR003392,25.01.2026,MANDI009,Paddy,2401.81,2183.0,218.80999999999995,0,10.023362345396242
PR010526,02-11-2026,MANDI042,Sugarcane,3607.0,3500.0,107.0,0,3.0571428571428574
PR000930,2026-07-12,MANDI027,REQUIRES_INVESTIGATION,3683.62,3500.0,183.6199999999999,0,5.246285714285711
PR010299,2026-05-16,MANDI055,Sugarcane,3537.0,3500.0,37.0,0,1.0571428571428572
PR009926,2026-08-04,MANDI025,Wheat,2425.0,2275.0,150.0,0,6.593406593406594
PR011225,06.02.2026,MANDI029,REQUIRES_INVESTIGATION,5467.915749373407,5650.0,-182.08425062659262,1,-3.2227300995857098
PR003408,02-18-2026,MANDI041,Sugarcane,3899.04,3500.0,399.03999999999996,0,11.401142857142856
PR002280,01-22-2026,MANDI004,REQUIRES_INVESTIGATION,2333.01,2090.0,243.01000000000022,0,11.627272727272738
PR000333,15.02.2026,MANDI021,REQUIRES_INVESTIGATION,2067.05,2183.0,-115.94999999999982,1,-5.311497938616575
PR011923,06-Aug-2026,MANDI026,Cotton,6974.83,6620.0,354.8299999999999,0,5.359969788519637
PR000248,08/05/2026,,Corn,1946.0,2090.0,-144.0,1,-6.889952153110047
PR009168,2026/02/24,,Wheat,2447.64,2275.0,172.63999999999987,0,7.588571428571422
PR003623,2026/08/14,MANDI051,REQUIRES_INVESTIGATION,3440.76,3500.0,-59.23999999999978,1,-1.6925714285714224
PR006244,25.07.2026,MANDI006,Wheat,2479.0,2275.0,204.0,0,8.967032967032967
PR006957,2026/06/13,MANDI027,REQUIRES_INVESTIGATION,3744.0,3500.0,244.0,0,6.9714285714285715
PR011459,19-Aug-2026,MANDI037,Wheat,2582.04,2275.0,307.03999999999996,0,13.496263736263733
PR010234,2026/08/04,MANDI024,REQUIRES_INVESTIGATION,2142.54,2090.0,52.539999999999964,0,2.513875598086123
PR010220,29-Aug-2026,MANDI002,Wheat,2502.0,2275.0,227.0,0,9.978021978021978
PR008679,2026/02/11,MANDI048,Mustard,6217.0,5650.0,567.0,0,10.035398230088495
PR006530,14.03.2026,MANDI017,Mustard,5555.0,5650.0,-95.0,1,-1.6814159292035398
PR007678,2026-04-10,MANDI049,Sugarcane,3839.6488148930175,3500.0,339.6488148930175,0,9.704251854086214
PR001427,17.06.2026,MANDI006,Sugarcane,3737.91,3500.0,237.90999999999985,0,6.797428571428567
PR011175,2026-05-25,MANDI001,Corn,2375.77,2090.0,285.77,0,13.673205741626793
PR009921,2026/04/21,MANDI008,Mustard,5681.05,5650.0,31.050000000000182,0,0.5495575221238971
PR003483,16/01/2026,,Wheat,2487.74,2275.0,212.73999999999978,0,9.351208791208782
PR007111,06-15-2026,MANDI036,Wheat,2122.6,2275.0,-152.4000000000001,1,-6.698901098901103
PR007687,01/07/2026,MANDI046,REQUIRES_INVESTIGATION,2231.83,2090.0,141.82999999999993,0,6.786124401913872
PR010426,10/04/2026,MANDI048,Mustard,5660.737743596241,5650.0,10.737743596240762,0,0.1900485592255002
PR004196,2026-03-29,MANDI018,Mustard,5392.01,5650.0,-257.9899999999998,1,-4.566194690265482
PR002432,2026-03-25,,REQUIRES_INVESTIGATION,6085.32,5650.0,435.3199999999997,0,7.7047787610619425
PR009972,2026-02-27,MANDI045,REQUIRES_INVESTIGATION,2108.3611647734087,2090.0,18.361164773408746,0,0.8785246303066386
PR011056,2026/01/04,,Cotton,7453.89,6620.0,833.8900000000003,0,12.596525679758313
PR004763,24.01.2026,MANDI014,Corn,2026.06,2090.0,-63.940000000000055,1,-3.0593301435406723
PR002308,2026-04-25,MANDI035,Cotton,7155.04,6620.0,535.04,0,8.082175226586102
PR007790,06-Sep-2026,MANDI016,REQUIRES_INVESTIGATION,6044.19,5650.0,394.1899999999996,0,6.9768141592920285
PR000783,08-06-2026,MANDI009,Mustard,6181.78264986837,5650.0,531.7826498683698,0,9.41208229855522
PR000427,2026/01/03,MANDI051,Paddy,2226.08,2183.0,43.07999999999993,0,1.9734310581768177
PR002376,2026/04/19,MANDI008,Paddy,2422.032413310266,2183.0,239.03241331026584,0,10.949721177749238
PR004489,30/07/2026,MANDI047,Corn,2006.84,2090.0,-83.16000000000008,1,-3.978947368421056
PR007047,06-03-2026,MANDI044,Cotton,6798.71,6620.0,178.71000000000004,0,2.6995468277945625
PR004754,03-Jul-2026,MANDI002,Paddy,2176.32,2183.0,-6.679999999999836,1,-0.3060009161704002
PR000061,02/01/2026,MANDI025,Cotton,6672.51,6620.0,52.51000000000022,0,0.7932024169184324
PR003764,20/01/2026,,Corn,2276.45,2090.0,186.44999999999982,0,8.92105263157894
PR001430,2026-09-01,MANDI033,Sugarcane,3836.0,3500.0,336.0,0,9.6
PR005911,2026/04/14,MANDI049,REQUIRES_INVESTIGATION,2447.42,2183.0,264.4200000000001,0,12.11268896014659
PR003241,2026-02-19,MANDI026,Cotton,7226.82,6620.0,606.8199999999997,0,9.16646525679758
PR005137,24-Feb-2026,MANDI032,Wheat,2180.0,2275.0,-95.0,1,-4.175824175824175
PR006526,01-Sep-2026,MANDI026,REQUIRES_INVESTIGATION,2064.27,2090.0,-25.730000000000018,1,-1.2311004784689004
PR001779,2026/04/03,MANDI002,Cotton,7454.99,6620.0,834.9899999999998,0,12.613141993957699
PR008195,2026/07/19,MANDI015,Sugarcane,3728.0,3500.0,228.0,0,6.514285714285714
PR002780,03.02.2026,MANDI052,Sugarcane,3436.57,3500.0,-63.429999999999836,1,-1.8122857142857096
PR005305,30.07.2026,MANDI056,Mustard,6318.82,5650.0,668.8199999999997,0,11.8375221238938
PR010020,26-Apr-2026,MANDI014,Corn,2149.07,2090.0,59.070000000000164,0,2.826315789473692
PR006899,16/04/2026,MANDI016,Sugarcane,3766.24,3500.0,266.2399999999998,0,7.606857142857136
PR001022,2026/07/02,MANDI027,Sugarcane,3788.0,3500.0,288.0,0,8.228571428571428
PR007680,01-31-2026,MANDI054,Wheat,2222.6,2275.0,-52.40000000000009,1,-2.303296703296707
PR009325,27/08/2026,MANDI026,REQUIRES_INVESTIGATION,6061.190964978921,5650.0,411.19096497892133,0,7.277716194317192
PR000466,22-Jul-2026,MANDI047,Mustard,5397.192097514321,5650.0,-252.80790248567882,1,-4.474476150189006
PR001457,12-May-2026,MANDI030,Paddy,2242.02,2183.0,59.01999999999998,0,2.703618873110398
PR006032,27-Jun-2026,MANDI012,REQUIRES_INVESTIGATION,1999.57,2183.0,-183.43000000000006,1,-8.402656894182321
PR004943,2026-06-28,MANDI012,Paddy,2222.68,2183.0,39.679999999999836,0,1.817682088868522
PR003228,2026/04/24,MANDI043,Corn,2318.27,2090.0,228.26999999999998,0,10.92200956937799
PR005917,10-Apr-2026,MANDI033,Sugarcane,3231.3,3500.0,-268.6999999999998,1,-7.677142857142852
PR001302,2026-02-01,MANDI008,Sugarcane,3290.76,3500.0,-209.23999999999978,1,-5.978285714285708
PR008475,2026-08-12,MANDI017,Mustard,5611.31,5650.0,-38.6899999999996,1,-0.6847787610619398
PR010068,05.05.2026,MANDI027,Sugarcane,3126.02,3500.0,-373.98,1,-10.685142857142859
PR000599,2026/07/19,,Paddy,2172.13,2183.0,-10.86999999999989,1,-0.4979386165826794
PR009582,2026/02/02,MANDI003,REQUIRES_INVESTIGATION,2029.2,2090.0,-60.799999999999955,1,-2.909090909090907
PR002605,20-Apr-2026,,REQUIRES_INVESTIGATION,6032.0,5650.0,382.0,0,6.761061946902655
PR010412,2026-05-16,MANDI018,Paddy,2367.56,2183.0,184.55999999999995,0,8.454420522217129
PR002287,2026/08/14,MANDI055,Corn,2020.87,2090.0,-69.13000000000011,1,-3.3076555023923495
PR005065,14.07.2026,MANDI028,Wheat,2128.65,2275.0,-146.3499999999999,1,-6.43296703296703
PR007495,05-30-2026,MANDI022,Corn,2090.489139341992,2090.0,0.489139341992086,0,0.023403796267563923
PR009045,08-11-2026,MANDI054,Paddy,2329.19,2183.0,146.19000000000005,0,6.696747595052682
PR003980,19/01/2026,MANDI055,Sugarcane,3526.0,3500.0,26.0,0,0.7428571428571429
PR000299,2026-06-29,MANDI031,Wheat,2433.72,2275.0,158.7199999999998,0,6.976703296703287
PR011416,2026/01/14,,Paddy,2279.72,2183.0,96.7199999999998,0,4.430600091617032
PR005391,03.02.2026,MANDI033,Wheat,2463.31,2275.0,188.30999999999995,0,8.277362637362636
PR010635,2026-08-05,MANDI030,Mustard,6120.57,5650.0,470.5699999999997,0,8.328672566371678
PR004438,2026-08-19,MANDI032,Sugarcane,3600.82,3500.0,100.82000000000016,0,2.8805714285714332
PR005712,2026-03-04,MANDI003,Mustard,5012.89,5650.0,-637.1099999999997,1,-11.276283185840702
PR010938,2026-07-07,MANDI023,Corn,2200.3,2090.0,110.30000000000018,0,5.277511961722497
PR004287,2026/04/08,MANDI022,Wheat,2240.79,2275.0,-34.210000000000036,1,-1.5037362637362652
PR011935,2026-08-25,MANDI032,Wheat,2655.99,2275.0,380.9899999999998,0,16.746813186813178
PR005518,2026-05-22,MANDI023,Wheat,2560.86,2275.0,285.8600000000001,0,12.56527472527473
PR006025,05-27-2026,MANDI057,Cotton,6978.59,6620.0,358.59000000000015,0,5.41676737160121
PR001202,01-Sep-2026,MANDI002,Cotton,6659.86,6620.0,39.85999999999967,0,0.6021148036253727
PR007736,2026/08/15,MANDI033,Wheat,2219.44,2275.0,-55.559999999999945,1,-2.4421978021978
PR004957,2026-03-07,MANDI044,REQUIRES_INVESTIGATION,6021.0,5650.0,371.0,0,6.566371681415929
PR002213,13.03.2026,MANDI040,REQUIRES_INVESTIGATION,2377.47,2183.0,194.4699999999998,0,8.908382959230407
PR010034,2026-02-09,MANDI049,REQUIRES_INVESTIGATION,6062.0,5650.0,412.0,0,7.292035398230088
PR006141,26/04/2026,,Cotton,7000.71,6620.0,380.71000000000004,0,5.750906344410877
PR003403,05.07.2026,MANDI006,REQUIRES_INVESTIGATION,2022.98,2183.0,-160.01999999999998,1,-7.330279431974346
PR000873,10/07/2026,MANDI057,Sugarcane,3602.79,3500.0,102.78999999999996,0,2.936857142857142
PR004857,08-22-2026,MANDI016,REQUIRES_INVESTIGATION,2388.912911816383,2183.0,205.9129118163828,0,9.432565818432561
PR005875,2026-01-18,MANDI049,Corn,2173.56,2090.0,83.55999999999995,0,3.998086124401911
PR009529,06-27-2026,MANDI003,Sugarcane,3333.0,3500.0,-167.0,1,-4.771428571428571
PR010601,2026-05-24,,REQUIRES_INVESTIGATION,2108.0,2183.0,-75.0,1,-3.435639028859368
PR005636,2026/05/27,MANDI049,Sugarcane,3389.0,3500.0,-111.0,1,-3.1714285714285717
PR007590,18/08/2026,MANDI018,Corn,1958.97,2090.0,-131.02999999999997,1,-6.269377990430621
PR010093,04/09/2026,,REQUIRES_INVESTIGATION,3420.76,3500.0,-79.23999999999978,1,-2.263999999999994
PR002752,03-Jul-2026,MANDI039,Cotton,6756.0,6620.0,136.0,0,2.054380664652568
PR007183,07/02/2026,MANDI057,Paddy,2394.39,2183.0,211.38999999999987,0,9.683463124141085
PR011428,02-03-2026,MANDI003,Mustard,6006.0,5650.0,356.0,0,6.3008849557522115
PR009909,20/07/2026,MANDI030,Paddy,2339.705598868008,2183.0,156.7055988680081,0,7.17845162015612
PR005170,02-15-2026,MANDI007,Sugarcane,3314.85,3500.0,-185.1500000000001,1,-5.290000000000003
PR003814,2026/07/25,MANDI030,REQUIRES_INVESTIGATION,2076.0,2090.0,-14.0,1,-0.6698564593301436
PR007368,08-09-2026,MANDI051,Corn,1955.12,2090.0,-134.8800000000001,1,-6.453588516746417
PR007227,07-12-2026,MANDI045,REQUIRES_INVESTIGATION,2238.753151091706,2183.0,55.75315109170606,0,2.5539693583007814
PR007319,05.02.2026,MANDI050,Corn,2181.0,2090.0,91.0,0,4.354066985645933
PR003413,07.05.2026,MANDI049,Mustard,6362.4,5650.0,712.3999999999996,0,12.608849557522117
PR000834,2026/07/02,MANDI057,REQUIRES_INVESTIGATION,3709.36,3500.0,209.36000000000013,0,5.98171428571429
PR003512,13/04/2026,MANDI026,Sugarcane,3320.95,3500.0,-179.05000000000018,1,-5.115714285714291
PR000119,2026/07/16,MANDI053,REQUIRES_INVESTIGATION,2055.86,2090.0,-34.13999999999987,1,-1.6334928229665011
PR000978,27/01/2026,,Cotton,7148.89,6620.0,528.8900000000003,0,7.989274924471304
PR003752,2026/06/24,,Sugarcane,3268.947919756177,3500.0,-231.05208024382318,1,-6.6014880069663775
PR002671,01.06.2026,MANDI050,Wheat,2478.15,2275.0,203.1500000000001,0,8.929670329670333
PR003522,16-Aug-2026,MANDI034,Wheat,2507.0,2275.0,232.0,0,10.197802197802199
PR010208,08.05.2026,MANDI024,Mustard,6184.0,5650.0,534.0,0,9.451327433628318
PR009699,14/08/2026,MANDI053,Mustard,5350.060722607079,5650.0,-299.9392773929212,1,-5.308659776865862
PR006469,29-Apr-2026,,Cotton,6161.58,6620.0,-458.4200000000001,1,-6.924773413897283
PR006400,05-13-2026,MANDI039,REQUIRES_INVESTIGATION,2073.1,2090.0,-16.90000000000009,1,-0.8086124401913919
PR000484,02-22-2026,MANDI047,Corn,1902.1,2090.0,-187.9000000000001,1,-8.990430622009574
PR000520,2026-06-05,,Wheat,2418.69,2275.0,143.69000000000005,0,6.316043956043958
PR008133,30-Mar-2026,MANDI051,Sugarcane,3332.07,3500.0,-167.92999999999984,1,-4.797999999999996
PR006110,08-10-2026,MANDI038,Sugarcane,3774.0,3500.0,274.0,0,7.828571428571429
PR006402,31/05/2026,MANDI055,Cotton,6422.66,6620.0,-197.34000000000015,1,-2.980966767371603
PR003433,28.02.2026,MANDI029,Wheat,2415.6,2275.0,140.5999999999999,0,6.180219780219776
PR005717,08/09/2026,MANDI029,Sugarcane,3301.01,3500.0,-198.98999999999978,1,-5.685428571428565
PR004002,25/06/2026,MANDI041,Mustard,6114.62,5650.0,464.6199999999999,0,8.223362831858406
PR002718,2026-04-11,MANDI050,Paddy,2220.982560063984,2183.0,37.98256006398378,0,1.7399248769575715
PR003637,06-17-2026,,Cotton,6324.676775601345,6620.0,-295.32322439865493,1,-4.461075897260648
PR003485,01-21-2026,MANDI037,Wheat,2400.44,2275.0,125.44000000000005,0,5.513846153846156
PR001175,2026/01/07,MANDI051,Corn,2238.0,2090.0,148.0,0,7.081339712918661
PR009466,29/04/2026,MANDI057,Paddy,2273.1521814996595,2183.0,90.15218149965949,0,4.1297380439605815
PR011297,22/03/2026,MANDI022,Wheat,2269.78,2275.0,-5.2199999999998,1,-0.22945054945054066
PR003496,2026-03-13,,Cotton,7106.12,6620.0,486.1199999999999,0,7.343202416918428
PR009975,2026/04/19,MANDI005,Sugarcane,4022.47,3500.0,522.4699999999998,0,14.92771428571428
PR001570,2026-06-08,,Sugarcane,3594.81,3500.0,94.80999999999995,0,2.7088571428571413
PR003076,13-Feb-2026,MANDI008,Wheat,2090.0,2275.0,-185.0,1,-8.131868131868131
PR010718,11/08/2026,MANDI010,Sugarcane,4006.0,3500.0,506.0,0,14.457142857142857
PR007867,05/02/2026,MANDI038,Wheat,2076.53,2275.0,-198.4699999999998,1,-8.723956043956035
PR002797,08-14-2026,MANDI034,REQUIRES_INVESTIGATION,2410.09,2183.0,227.09000000000015,0,10.402656894182325
PR007122,02.02.2026,MANDI046,REQUIRES_INVESTIGATION,2168.59,2090.0,78.59000000000015,0,3.7602870813397202
PR009947,11/06/2026,MANDI056,Mustard,5200.2,5650.0,-449.8000000000002,1,-7.961061946902658
PR005190,22.02.2026,,REQUIRES_INVESTIGATION,2087.0,2183.0,-96.0,1,-4.397617956939991
PR010700,2026-06-12,MANDI038,Cotton,7043.73,6620.0,423.72999999999956,0,6.400755287009057
PR007193,2026/07/01,MANDI047,Cotton,6283.07,6620.0,-336.9300000000003,1,-5.089577039274929
PR007842,20-Aug-2026,MANDI016,Mustard,5380.93,5650.0,-269.0699999999997,1,-4.762300884955747
PR003484,19/05/2026,MANDI040,REQUIRES_INVESTIGATION,2218.52,2090.0,128.51999999999998,0,6.149282296650717
PR006962,03-11-2026,MANDI042,Mustard,5231.3,5650.0,-418.6999999999998,1,-7.410619469026545
PR009415,05/09/2026,MANDI034,Corn,2032.89,2090.0,-57.1099999999999,1,-2.7325358851674593
PR006076,2026/07/29,MANDI057,REQUIRES_INVESTIGATION,3296.8,3500.0,-203.19999999999982,1,-5.805714285714281
PR007791,28.03.2026,MANDI016,Cotton,7681.0,6620.0,1061.0,0,16.02719033232628
PR009932,14/04/2026,MANDI056,Mustard,5435.62,5650.0,-214.3800000000001,1,-3.7943362831858423
PR001473,2026-01-12,MANDI017,Mustard,5686.39,5650.0,36.39000000000033,0,0.6440707964601827
PR010311,21/02/2026,MANDI027,Cotton,7100.92,6620.0,480.9200000000001,0,7.2646525679758325
PR000524,2026-02-24,MANDI005,Sugarcane,3987.0,3500.0,487.0,0,13.914285714285715
PR006167,08-12-2026,MANDI001,Sugarcane,3792.23,3500.0,292.23,0,8.349428571428572
PR007625,12-Aug-2026,MANDI006,Cotton,7122.56,6620.0,502.5600000000004,0,7.591540785498495
PR003478,2026/01/27,MANDI026,Cotton,6586.28,6620.0,-33.720000000000255,1,-0.5093655589123905
PR004045,07-16-2026,MANDI028,Paddy,2120.66,2183.0,-62.340000000000146,1,-2.8557031607879133
PR011885,2026/07/03,MANDI046,Wheat,2329.0,2275.0,54.0,0,2.3736263736263736
PR003048,13-Mar-2026,MANDI041,Cotton,6381.81,6620.0,-238.1899999999996,1,-3.598036253776429
PR000841,04-04-2026,MANDI022,Mustard,5797.35,5650.0,147.35000000000036,0,2.607964601769918
PR011812,06-22-2026,MANDI049,Mustard,6353.8,5650.0,703.8000000000002,0,12.456637168141595
PR004014,2026-07-08,MANDI045,Wheat,2203.33,2275.0,-71.67000000000007,1,-3.1503296703296733
PR000390,11.04.2026,MANDI008,Sugarcane,3399.21,3500.0,-100.78999999999996,1,-2.8797142857142846
PR009066,2026/05/17,MANDI047,Mustard,5368.0,5650.0,-282.0,1,-4.991150442477876
PR008098,10/04/2026,MANDI037,Corn,2347.84,2090.0,257.84000000000015,0,12.336842105263166
PR004219,02-12-2026,MANDI047,Wheat,2193.0,2275.0,-82.0,1,-3.604395604395604
PR006044,2026-07-06,MANDI004,Wheat,2615.6,2275.0,340.5999999999999,0,14.971428571428566
PR005415,2026-06-25,MANDI016,Mustard,5572.19,5650.0,-77.8100000000004,1,-1.3771681415929276
PR010105,08/07/2026,MANDI010,Cotton,6953.45,6620.0,333.4499999999998,0,5.037009063444106
PR000085,05-05-2026,MANDI021,Wheat,2260.46,2275.0,-14.539999999999964,1,-0.6391208791208776
PR003718,08-27-2026,MANDI028,Sugarcane,3283.0,3500.0,-217.0,1,-6.2
PR011809,2026/06/23,,Paddy,2371.69,2183.0,188.69000000000005,0,8.643609711406324
PR010702,19.02.2026,MANDI057,Wheat,2288.67,2275.0,13.670000000000073,0,0.6008791208791241
PR000179,2026/01/18,MANDI011,REQUIRES_INVESTIGATION,2079.0,2090.0,-11.0,1,-0.5263157894736842
PR001938,21/06/2026,MANDI023,Sugarcane,3501.63,3500.0,1.6300000000001091,0,0.04657142857143169
PR005764,23.04.2026,MANDI041,Sugarcane,3443.64,3500.0,-56.36000000000013,1,-1.6102857142857179
PR006208,08-16-2026,MANDI027,Sugarcane,3263.74,3500.0,-236.26000000000022,1,-6.750285714285721
PR011059,21/04/2026,MANDI007,Cotton,6239.7,6620.0,-380.3000000000002,1,-5.744712990936559
PR008320,13.01.2026,MANDI051,REQUIRES_INVESTIGATION,5717.18,5650.0,67.18000000000029,0,1.1890265486725715
PR002443,03-23-2026,MANDI018,REQUIRES_INVESTIGATION,2181.0,2183.0,-2.0,1,-0.09161704076958314
PR003257,2026-04-05,MANDI057,Cotton,7221.602462186487,6620.0,601.6024621864872,0,9.087650486200713
PR001950,08/09/2026,MANDI024,REQUIRES_INVESTIGATION,2119.0,2090.0,29.0,0,1.38755980861244
PR002050,11-Jun-2026,MANDI024,Wheat,2145.43,2275.0,-129.57000000000016,1,-5.695384615384622
PR004849,07-May-2026,MANDI055,Sugarcane,3623.0,3500.0,123.0,0,3.5142857142857142
PR011108,27/04/2026,MANDI001,Wheat,2449.46,2275.0,174.46000000000004,0,7.66857142857143
PR010288,2026-07-13,MANDI029,Mustard,5460.78,5650.0,-189.22000000000025,1,-3.3490265486725708
PR003152,15/01/2026,MANDI019,Mustard,5584.58,5650.0,-65.42000000000007,1,-1.1578761061946916
PR000938,22.07.2026,MANDI046,Mustard,5898.74,5650.0,248.73999999999978,0,4.4024778761061905
PR002181,19/02/2026,MANDI029,Cotton,6559.673066764204,6620.0,-60.32693323579588,1,-0.911282979392687
PR008780,2026-01-26,MANDI026,Wheat,2337.0,2275.0,62.0,0,2.7252747252747254
PR008951,24.06.2026,MANDI029,Mustard,5130.0,5650.0,-520.0,1,-9.20353982300885
PR007493,06-22-2026,MANDI046,REQUIRES_INVESTIGATION,2013.0,2090.0,-77.0,1,-3.684210526315789
PR010066,06.05.2026,MANDI023,Mustard,6222.86,5650.0,572.8599999999997,0,10.13911504424778
PR010739,04-27-2026,MANDI032,Sugarcane,3390.0,3500.0,-110.0,1,-3.1428571428571432
PR002373,15.08.2026,MANDI023,Mustard,5979.71,5650.0,329.71000000000004,0,5.835575221238939
PR009431,07-19-2026,MANDI033,Sugarcane,3868.3,3500.0,368.3000000000002,0,10.522857142857148
PR008124,2026-07-27,MANDI012,REQUIRES_INVESTIGATION,2036.0,2090.0,-54.0,1,-2.583732057416268
PR010191,23-Mar-2026,MANDI039,Sugarcane,3497.88,3500.0,-2.119999999999891,1,-0.060571428571425445
PR006295,27-Feb-2026,MANDI046,Cotton,7691.76,6620.0,1071.7600000000002,0,16.18972809667674
PR007587,31.05.2026,MANDI057,Paddy,2405.36,2183.0,222.36000000000013,0,10.18598259276226
PR006953,2026-03-05,MANDI027,REQUIRES_INVESTIGATION,5876.7,5650.0,226.69999999999982,0,4.01238938053097
PR003680,2026/01/29,MANDI043,Sugarcane,3756.0,3500.0,256.0,0,7.314285714285715
PR008061,20.05.2026,MANDI044,REQUIRES_INVESTIGATION,3465.52,3500.0,-34.48000000000002,1,-0.9851428571428577
PR011832,2026-06-27,MANDI028,Cotton,6580.5,6620.0,-39.5,1,-0.5966767371601208
PR005268,12-Feb-2026,MANDI047,Sugarcane,3503.125272293878,3500.0,3.12527229387797,0,0.08929349411079913
PR005566,2026/06/05,MANDI017,Cotton,6397.82,6620.0,-222.1800000000003,1,-3.3561933534743247
PR009828,23.05.2026,MANDI007,Wheat,2267.55,2275.0,-7.449999999999818,1,-0.3274725274725195
PR004842,2026/06/11,MANDI045,REQUIRES_INVESTIGATION,2030.59,2090.0,-59.41000000000008,1,-2.8425837320574203
PR005661,18.05.2026,MANDI023,Wheat,2490.04,2275.0,215.03999999999996,0,9.45230769230769
PR011681,13.07.2026,MANDI038,Corn,2255.0,2090.0,165.0,0,7.894736842105263
PR008540,03.05.2026,MANDI030,REQUIRES_INVESTIGATION,2191.83,2090.0,101.82999999999993,0,4.872248803827748
PR002355,11/02/2026,MANDI040,Sugarcane,3414.1337467024077,3500.0,-85.86625329759227,1,-2.4533215227883503
PR011975,2026/04/26,,REQUIRES_INVESTIGATION,2115.37,2090.0,25.36999999999989,0,1.2138755980861191
PR003868,31/05/2026,MANDI002,Sugarcane,3828.0,3500.0,328.0,0,9.37142857142857
PR006161,2026-03-24,MANDI020,Cotton,6557.25,6620.0,-62.75,1,-0.9478851963746223
PR003133,22.01.2026,MANDI020,Wheat,2290.0,2275.0,15.0,0,0.6593406593406593
PR000324,14.04.2026,MANDI041,REQUIRES_INVESTIGATION,2044.0,2183.0,-139.0,1,-6.3673843334860285
PR004118,20-Mar-2026,MANDI032,Mustard,6098.6,5650.0,448.60000000000036,0,7.939823008849564
PR011838,13/05/2026,MANDI019,Sugarcane,3628.28,3500.0,128.2800000000002,0,3.665142857142863
PR004156,2026-08-10,MANDI051,Cotton,6723.0,6620.0,103.0,0,1.555891238670695
PR004119,2026/07/04,MANDI016,REQUIRES_INVESTIGATION,2064.73,2183.0,-118.26999999999998,1,-5.4177737059092985
PR006452,15/05/2026,MANDI048,Sugarcane,3540.0,3500.0,40.0,0,1.1428571428571428
PR005922,25-Jan-2026,MANDI028,REQUIRES_INVESTIGATION,2351.48,2183.0,168.48000000000002,0,7.717819514429684
PR007728,13-Jul-2026,MANDI051,Sugarcane,3768.36,3500.0,268.3600000000001,0,7.667428571428575
PR005795,27.01.2026,,Corn,1964.11,2090.0,-125.8900000000001,1,-6.02344497607656
PR002024,01-Sep-2026,MANDI045,Mustard,5204.065894498197,5650.0,-445.93410550180306,1,-7.892639035430142
PR008035,09-Apr-2026,MANDI010,Mustard,6307.01,5650.0,657.0100000000002,0,11.628495575221242
PR004368,15/02/2026,MANDI019,Cotton,7642.99,6620.0,1022.9899999999998,0,15.45302114803625
PR001830,29/04/2026,MANDI038,Cotton,6793.0,6620.0,173.0,0,2.6132930513595163
PR002997,2026/02/20,MANDI042,Mustard,6009.61,5650.0,359.6099999999997,0,6.364778761061942
PR010763,22/02/2026,MANDI032,Sugarcane,3907.0,3500.0,407.0,0,11.628571428571428
PR002942,06-Sep-2026,MANDI047,Cotton,6393.02,6620.0,-226.97999999999956,1,-3.428700906344404
PR002566,2026-06-04,MANDI011,Wheat,2228.12,2275.0,-46.88000000000011,1,-2.0606593406593454
PR007406,09-06-2026,MANDI050,Wheat,2233.93,2275.0,-41.070000000000164,1,-1.8052747252747323
PR006629,2026-05-26,MANDI004,Paddy,2389.39,2183.0,206.38999999999987,0,9.454420522217125
PR004569,05.06.2026,MANDI056,REQUIRES_INVESTIGATION,6126.44,5650.0,476.4399999999996,0,8.432566371681409
PR001856,16/04/2026,MANDI023,REQUIRES_INVESTIGATION,2332.29,2183.0,149.28999999999996,0,6.838754008245532
PR002395,15.06.2026,MANDI027,REQUIRES_INVESTIGATION,2378.43,2183.0,195.42999999999984,0,8.952359138799808
PR011704,27/06/2026,MANDI048,REQUIRES_INVESTIGATION,2146.22,2090.0,56.2199999999998,0,2.6899521531100383
PR011512,12.03.2026,MANDI027,Sugarcane,3749.43,3500.0,249.42999999999984,0,7.126571428571424
PR010474,31-May-2026,MANDI029,REQUIRES_INVESTIGATION,6331.0,5650.0,681.0,0,12.053097345132743
PR009324,07-12-2026,MANDI057,Mustard,6295.08,5650.0,645.0799999999999,0,11.417345132743362
PR008411,03-May-2026,MANDI056,Cotton,6924.521578944961,6620.0,304.5215789449612,0,4.600023851132344
PR002365,11-Apr-2026,MANDI011,Sugarcane,3880.03,3500.0,380.0300000000002,0,10.858000000000006
PR003098,2026-08-06,MANDI002,Sugarcane,3759.37,3500.0,259.3699999999999,0,7.410571428571426
PR005469,2026/07/08,MANDI043,REQUIRES_INVESTIGATION,2061.31,2183.0,-121.69000000000005,1,-5.574438845625289
PR000346,09-Jul-2026,MANDI048,Corn,2132.0,2090.0,42.0,0,2.0095693779904304
PR008376,25/08/2026,MANDI019,Cotton,6618.4415523726375,6620.0,-1.5584476273625114,1,-0.02354150494505304
PR000108,10.02.2026,MANDI015,Sugarcane,3591.0,3500.0,91.0,0,2.6
PR005540,07-27-2026,MANDI010,Sugarcane,3640.354721019678,3500.0,140.35472101967798,0,4.010134886276514
PR005734,2026/09/08,MANDI048,Wheat,2540.0,2275.0,265.0,0,11.648351648351648
PR002409,20.01.2026,MANDI004,Mustard,5739.63,5650.0,89.63000000000011,0,1.5863716814159312
PR003014,07-24-2026,MANDI050,Sugarcane,3215.0,3500.0,-285.0,1,-8.142857142857144
PR003776,2026/06/25,,Cotton,6257.37,6620.0,-362.6300000000001,1,-5.477794561933536
PR010265,27/01/2026,MANDI026,REQUIRES_INVESTIGATION,3261.24,3500.0,-238.76000000000022,1,-6.821714285714292
PR004376,04-06-2026,MANDI025,Corn,1920.76,2090.0,-169.24,1,-8.097607655502392
PR003226,03.09.2026,MANDI053,Wheat,2573.0,2275.0,298.0,0,13.0989010989011
PR005104,2026/05/14,MANDI038,Wheat,2436.7,2275.0,161.69999999999982,0,7.107692307692299
PR011687,27-Jul-2026,MANDI053,Wheat,2599.76,2275.0,324.7600000000002,0,14.275164835164844
PR004226,05/04/2026,MANDI024,Mustard,5133.271377671124,5650.0,-516.7286223288756,1,-9.145639333254437
PR000021,2026-05-20,MANDI023,REQUIRES_INVESTIGATION,2222.57,2090.0,132.57000000000016,0,6.343062200956946
PR006026,2026-03-28,MANDI042,Cotton,6576.57,6620.0,-43.43000000000029,1,-0.656042296072512
PR007950,22/08/2026,MANDI036,Wheat,2087.74,2275.0,-187.26000000000022,1,-8.2312087912088
PR011186,02/04/2026,MANDI038,Paddy,2136.26,2183.0,-46.73999999999978,1,-2.1410902427851477
PR008929,2026/07/12,MANDI055,REQUIRES_INVESTIGATION,2282.0,2090.0,192.0,0,9.186602870813397
PR001154,03-13-2026,MANDI034,Mustard,5487.82,5650.0,-162.1800000000003,1,-2.8704424778761113
PR000573,2026/02/23,MANDI031,REQUIRES_INVESTIGATION,1968.8,2090.0,-121.20000000000005,1,-5.799043062200959
PR001054,2026/05/04,MANDI005,REQUIRES_INVESTIGATION,2235.0,2183.0,52.0,0,2.3820430600091616
PR003547,2026/04/18,MANDI045,Wheat,2168.09,2275.0,-106.90999999999985,1,-4.699340659340653
PR002847,2026-02-04,MANDI042,Corn,2403.54,2090.0,313.53999999999996,0,15.001913875598087
PR005859,25-Jan-2026,MANDI026,Mustard,6209.77,5650.0,559.7700000000004,0,9.907433628318591
PR001672,04-22-2026,MANDI030,Sugarcane,3463.0,3500.0,-37.0,1,-1.0571428571428572
PR001932,2026-02-01,MANDI057,Sugarcane,3928.44,3500.0,428.44000000000005,0,12.241142857142858
PR009720,20-May-2026,MANDI045,Corn,2153.7,2090.0,63.69999999999982,0,3.0478468899521447
PR009525,09-03-2026,MANDI007,Cotton,6830.0,6620.0,210.0,0,3.1722054380664653
PR011256,01-25-2026,MANDI011,Wheat,2446.0,2275.0,171.0,0,7.5164835164835155
PR000230,2026/08/30,,Paddy,2171.19916298032,2183.0,-11.800837019679875,1,-0.5405788831736086
PR002596,2026/08/18,,Mustard,5810.93,5650.0,160.9300000000003,0,2.8483185840708014
PR002731,15/01/2026,MANDI001,Sugarcane,3398.82,3500.0,-101.17999999999984,1,-2.890857142857138
PR004131,16-Jan-2026,MANDI033,Sugarcane,3633.43,3500.0,133.42999999999984,0,3.81228571428571
PR006633,2026/06/16,MANDI004,REQUIRES_INVESTIGATION,2367.89,2183.0,184.88999999999987,0,8.469537333944107
PR004217,2026-08-23,MANDI024,Mustard,5336.67,5650.0,-313.3299999999999,1,-5.545663716814158
PR001961,2026/06/22,,Mustard,6082.12,5650.0,432.1199999999999,0,7.648141592920352
PR003495,26/03/2026,MANDI056,Corn,2182.0,2090.0,92.0,0,4.401913875598086
PR011910,04-07-2026,MANDI014,Corn,2023.23,2090.0,-66.76999999999998,1,-3.194736842105262
PR001840,2026/05/02,MANDI025,Sugarcane,3353.0,3500.0,-147.0,1,-4.2
PR008276,27.07.2026,MANDI021,Wheat,2416.09,2275.0,141.09000000000015,0,6.201758241758249
PR005269,11/06/2026,,REQUIRES_INVESTIGATION,6204.04,5650.0,554.04,0,9.806017699115044
PR007848,16.08.2026,MANDI036,Wheat,2657.0,2275.0,382.0,0,16.791208791208792
PR002434,2026-06-30,MANDI030,Paddy,2254.0,2183.0,71.0,0,3.2524049473202017
PR011773,2026-05-25,,Corn,2254.83,2090.0,164.82999999999993,0,7.886602870813393
PR010424,2026/03/09,MANDI032,REQUIRES_INVESTIGATION,3161.0,3500.0,-339.0,1,-9.685714285714287
PR002909,10/01/2026,MANDI039,Paddy,2179.88,2183.0,-3.119999999999891,1,-0.14292258360054472
PR001516,2026/08/15,MANDI044,Mustard,5402.06,5650.0,-247.9399999999996,1,-4.388318584070789
PR006139,2026-05-31,MANDI037,Sugarcane,3564.79,3500.0,64.78999999999996,0,1.851142857142856
PR002483,2026-09-04,MANDI035,Cotton,7123.1807915499285,6620.0,503.1807915499285,0,7.600918301358436
PR009595,2026/05/24,MANDI013,Sugarcane,3690.08,3500.0,190.07999999999993,0,5.430857142857141
PR005472,2026-02-08,MANDI055,Wheat,2543.8,2275.0,268.8000000000002,0,11.815384615384623
PR010240,2026-01-04,MANDI053,Mustard,5937.88,5650.0,287.8800000000001,0,5.095221238938056
PR011474,2026-03-01,MANDI026,Paddy,2521.45,2183.0,338.4499999999998,0,15.503893724232698
PR000067,18.06.2026,MANDI018,Corn,2201.32,2090.0,111.32000000000016,0,5.326315789473692
PR004176,2026-01-06,MANDI048,Mustard,6441.27,5650.0,791.2700000000004,0,14.004778761061953
PR005055,07-Feb-2026,MANDI028,Mustard,5568.01,5650.0,-81.98999999999978,1,-1.4511504424778723
PR011291,22-May-2026,MANDI021,Paddy,2298.08,2183.0,115.07999999999993,0,5.27164452588181
PR000066,01-27-2026,MANDI005,Wheat,2278.0,2275.0,3.0,0,0.13186813186813187
PR005644,29-Apr-2026,MANDI004,Cotton,6394.29736264755,6620.0,-225.70263735245044,1,-3.4094053980732695
PR005850,21.02.2026,MANDI039,Wheat,2211.42,2275.0,-63.57999999999993,1,-2.7947252747252715
PR003013,2026/06/18,MANDI028,Cotton,6254.84,6620.0,-365.15999999999985,1,-5.516012084592143
PR010925,2026-01-29,MANDI052,Wheat,2170.49,2275.0,-104.51000000000022,1,-4.5938461538461635
PR000219,06-05-2026,MANDI019,Wheat,2306.0,2275.0,31.0,0,1.3626373626373627
PR011418,21-Jun-2026,MANDI005,Corn,2289.0,2090.0,199.0,0,9.521531100478468
PR010953,01-Feb-2026,MANDI051,Sugarcane,3980.06,3500.0,480.05999999999995,0,13.715999999999998
PR011251,06.01.2026,MANDI043,Mustard,5341.0,5650.0,-309.0,1,-5.469026548672566
PR009224,2026-01-30,MANDI026,Wheat,2299.1931612785925,2275.0,24.19316127859247,0,1.0634356605974713
PR008756,10/06/2026,MANDI029,Corn,1989.42,2090.0,-100.57999999999993,1,-4.812440191387556
PR009046,24-May-2026,MANDI011,REQUIRES_INVESTIGATION,3812.25,3500.0,312.25,0,8.921428571428573
PR006534,2026-04-16,MANDI026,Sugarcane,3126.0,3500.0,-374.0,1,-10.685714285714285
PR001462,2026-06-26,MANDI035,Mustard,5424.0,5650.0,-226.0,1,-4.0
PR011871,2026/08/12,,Wheat,2376.21,2275.0,101.21000000000004,0,4.448791208791211
PR003491,04/08/2026,MANDI005,Corn,2036.19,2090.0,-53.809999999999945,1,-2.574641148325356
PR004151,2026/04/07,MANDI021,Sugarcane,3427.51,3500.0,-72.48999999999978,1,-2.071142857142851
PR002362,08-21-2026,MANDI001,REQUIRES_INVESTIGATION,3749.96,3500.0,249.96000000000004,0,7.141714285714287
PR007091,2026-07-17,MANDI030,Mustard,5465.33,5650.0,-184.67000000000007,1,-3.2684955752212406
PR007434,2026-04-14,MANDI024,Cotton,6703.56,6620.0,83.5600000000004,0,1.2622356495468339
PR001228,2026-06-29,MANDI013,Sugarcane,3652.46,3500.0,152.46000000000004,0,4.356000000000001
PR011776,20.07.2026,MANDI034,Mustard,5770.8,5650.0,120.80000000000018,0,2.138053097345136
PR006669,24/01/2026,MANDI007,REQUIRES_INVESTIGATION,2280.81,2090.0,190.80999999999995,0,9.129665071770333
PR011493,2026-05-17,MANDI049,REQUIRES_INVESTIGATION,2224.59,2183.0,41.590000000000146,0,1.9051763628034881
PR010512,05-11-2026,,Wheat,2141.3765963552223,2275.0,-133.62340364477768,1,-5.873556204166052
PR006761,04.09.2026,,Paddy,2424.5,2183.0,241.5,0,11.062757672927164
PR003009,03/03/2026,MANDI018,REQUIRES_INVESTIGATION,5858.49,5650.0,208.48999999999978,0,3.6900884955752176
PR002719,2026-02-25,MANDI047,REQUIRES_INVESTIGATION,2329.24,2183.0,146.23999999999978,0,6.699038021071909
PR003813,08-23-2026,MANDI026,Cotton,6748.93,6620.0,128.9300000000003,0,1.9475830815710014
PR004052,2026/09/07,MANDI018,Cotton,7061.718461546968,6620.0,441.7184615469678,0,6.672484313398305
PR004550,2026-08-21,,Wheat,2134.81,2275.0,-140.19000000000005,1,-6.162197802197804
PR007751,2026-02-02,MANDI039,REQUIRES_INVESTIGATION,2163.64,2090.0,73.63999999999987,0,3.5234449760765485
PR002668,02-06-2026,MANDI031,Cotton,7370.0,6620.0,750.0,0,11.329305135951662
PR011896,2026-05-24,MANDI019,REQUIRES_INVESTIGATION,1971.78,2090.0,-118.22000000000003,1,-5.656459330143542
PR011833,2026-06-03,MANDI022,Wheat,2252.03,2275.0,-22.9699999999998,1,-1.0096703296703209
PR004707,2026/06/23,MANDI011,Corn,2096.69,2090.0,6.690000000000055,0,0.32009569377990693
PR003815,2026/01/12,MANDI035,Cotton,6228.97,6620.0,-391.02999999999975,1,-5.906797583081567
PR003947,21-Mar-2026,MANDI001,Wheat,2129.95,2275.0,-145.05000000000018,1,-6.375824175824183
PR008236,2026/04/01,MANDI012,Sugarcane,3589.0,3500.0,89.0,0,2.5428571428571427
PR004086,01/07/2026,,Sugarcane,3336.52,3500.0,-163.48000000000002,1,-4.670857142857143
PR001144,21-May-2026,MANDI043,Wheat,2597.0,2275.0,322.0,0,14.153846153846153
PR011963,15/07/2026,,Cotton,6227.45,6620.0,-392.5500000000002,1,-5.929758308157102
PR008102,19.03.2026,MANDI015,Corn,2062.05,2090.0,-27.949999999999818,1,-1.3373205741626708
PR004194,10/05/2026,MANDI034,REQUIRES_INVESTIGATION,5308.61,5650.0,-341.3900000000003,1,-6.042300884955758
PR004426,06-22-2026,,Wheat,2331.814112966385,2275.0,56.81411296638498,0,2.497323646874065
PR009127,10/03/2026,MANDI030,Cotton,6718.6,6620.0,98.60000000000036,0,1.4894259818731173
PR010516,03-04-2026,MANDI033,Corn,2042.58,2090.0,-47.42000000000007,1,-2.268899521531104
PR005634,02-13-2026,MANDI034,Sugarcane,4029.0,3500.0,529.0,0,15.114285714285714
PR011855,17.04.2026,MANDI007,Sugarcane,3912.0,3500.0,412.0,0,11.771428571428572
PR008298,2026/03/21,MANDI039,Cotton,7567.713145003912,6620.0,947.7131450039124,0,14.315908534802302
PR003730,2026-01-08,MANDI055,Mustard,5463.0,5650.0,-187.0,1,-3.3097345132743365
PR011701,2026-03-04,MANDI001,REQUIRES_INVESTIGATION,2399.786636958348,2183.0,216.78663695834803,0,9.930675078256895
PR008520,05-06-2026,MANDI029,Paddy,2261.35,2183.0,78.34999999999991,0,3.5890975721484155
PR001061,2026-04-08,MANDI017,REQUIRES_INVESTIGATION,3781.66,3500.0,281.65999999999985,0,8.047428571428568
PR004743,13-Aug-2026,MANDI043,Wheat,2303.0,2275.0,28.0,0,1.2307692307692308
PR008414,07/09/2026,MANDI053,REQUIRES_INVESTIGATION,3279.26,3500.0,-220.73999999999978,1,-6.306857142857137
PR006745,2026-02-02,MANDI026,Wheat,2328.43,2275.0,53.429999999999836,0,2.348571428571421
PR008323,2026/06/23,MANDI052,REQUIRES_INVESTIGATION,5897.15,5650.0,247.14999999999964,0,4.374336283185834
PR008097,02-23-2026,MANDI006,Wheat,2430.0,2275.0,155.0,0,6.813186813186813
PR006813,2026-02-12,MANDI029,Wheat,2362.366515723112,2275.0,87.36651572311212,0,3.8402864054115216
PR005198,24.01.2026,MANDI022,Cotton,5792.35,6620.0,-827.6499999999996,1,-12.502265861027183
PR011089,08/06/2026,MANDI005,Wheat,2197.56,2275.0,-77.44000000000005,1,-3.403956043956046
PR004150,13-Jun-2026,MANDI026,Mustard,5857.38,5650.0,207.3800000000001,0,3.6704424778761084
PR010251,2026-05-10,MANDI038,Mustard,6019.21,5650.0,369.21000000000004,0,6.534690265486727
PR005580,2026-05-29,MANDI030,Corn,2161.8234550643456,2090.0,71.82345506434558,0,3.436528950447157
PR001645,07-19-2026,MANDI044,REQUIRES_INVESTIGATION,2405.0,2090.0,315.0,0,15.07177033492823
PR007883,2026/06/26,MANDI043,Corn,2074.27,2090.0,-15.730000000000018,1,-0.7526315789473692
PR002343,2026-04-13,MANDI031,Cotton,6666.0,6620.0,46.0,0,0.6948640483383686
PR000139,16/01/2026,,Paddy,2423.52,2183.0,240.51999999999998,0,11.017865322950069
PR010239,2026-04-13,,Mustard,5738.29,5650.0,88.28999999999996,0,1.5626548672566365
PR009756,10/04/2026,MANDI043,Paddy,2313.2099969867386,2183.0,130.2099969867386,0,5.964727301270663
PR005118,01-23-2026,MANDI023,REQUIRES_INVESTIGATION,2238.99,2183.0,55.98999999999978,0,2.5648190563444704
PR003970,01-24-2026,MANDI041,REQUIRES_INVESTIGATION,2302.52,2183.0,119.51999999999998,0,5.475034356390288
PR011378,26/08/2026,MANDI010,Sugarcane,3967.05,3500.0,467.0500000000002,0,13.34428571428572
PR009562,2026-06-26,MANDI050,Cotton,7261.0,6620.0,641.0,0,9.682779456193353
PR007730,2026/07/03,MANDI010,Cotton,7105.83,6620.0,485.8299999999999,0,7.3388217522658605
PR008325,24/02/2026,MANDI002,Cotton,6418.0,6620.0,-202.0,1,-3.0513595166163143
PR000130,2026/05/02,MANDI027,Paddy,2146.17,2183.0,-36.82999999999993,1,-1.6871278057718702
PR001906,09-Jan-2026,,Mustard,6022.0,5650.0,372.0,0,6.5840707964601775
PR001215,2026-03-05,MANDI040,Wheat,2069.0,2275.0,-206.0,1,-9.054945054945055
PR001246,05-03-2026,MANDI022,Sugarcane,3641.64,3500.0,141.63999999999987,0,4.04685714285714
PR000365,04/01/2026,MANDI006,Paddy,2137.2,2183.0,-45.80000000000018,1,-2.0980302336234624
PR009148,30/01/2026,MANDI026,REQUIRES_INVESTIGATION,2159.94,2183.0,-23.059999999999945,1,-1.056344480073291
PR008019,2026-07-30,MANDI014,Wheat,2254.36,2275.0,-20.639999999999873,1,-0.9072527472527416
PR005500,2026-05-20,MANDI036,Wheat,2420.9020006745213,2275.0,145.90200067452133,0,6.413274754924014
PR003248,06.01.2026,MANDI001,Paddy,2406.59,2183.0,223.59000000000015,0,10.242327072835554
PR005720,05-31-2026,MANDI051,REQUIRES_INVESTIGATION,2056.28,2183.0,-126.7199999999998,1,-5.804855703160778
PR003267,07.04.2026,MANDI031,Sugarcane,3100.77,3500.0,-399.23,1,-11.406571428571429
PR007195,17/01/2026,MANDI012,Corn,2132.33,2090.0,42.32999999999993,0,2.0253588516746377
PR002834,18-Jun-2026,,REQUIRES_INVESTIGATION,2056.04,2183.0,-126.96000000000004,1,-5.8158497480531395
PR009508,2026/06/02,MANDI051,Paddy,2394.51,2183.0,211.51000000000022,0,9.688960146587275
PR010121,01-19-2026,MANDI017,Wheat,2131.34,2275.0,-143.65999999999985,1,-6.314725274725268
PR011387,2026-05-29,MANDI044,Cotton,7048.97,6620.0,428.97000000000025,0,6.479909365558917
PR006675,06-08-2026,MANDI009,Mustard,5666.02,5650.0,16.020000000000437,0,0.28353982300885733
PR007734,24.06.2026,MANDI041,REQUIRES_INVESTIGATION,4028.41,3500.0,528.4099999999999,0,15.097428571428567
PR008835,14.03.2026,MANDI034,Cotton,6585.43,6620.0,-34.56999999999971,1,-0.5222054380664609
PR011115,07-Apr-2026,MANDI007,Sugarcane,3384.94,3500.0,-115.05999999999995,1,-3.2874285714285696
PR007486,29/04/2026,,Mustard,6096.43,5650.0,446.4300000000003,0,7.901415929203545
PR004880,01-09-2026,MANDI020,Sugarcane,3884.0,3500.0,384.0,0,10.971428571428572
PR006239,28.04.2026,MANDI055,Cotton,6565.05,6620.0,-54.94999999999982,1,-0.8300604229607224
PR005196,2026-02-25,MANDI056,Cotton,6604.54,6620.0,-15.460000000000036,1,-0.2335347432024175
PR001050,2026-02-07,MANDI043,Mustard,6001.04,5650.0,351.03999999999996,0,6.213097345132742
PR000048,08-07-2026,MANDI009,Cotton,7144.75,6620.0,524.75,0,7.9267371601208465
PR008961,04-18-2026,MANDI031,Cotton,6091.6,6620.0,-528.3999999999996,1,-7.9818731117824715
PR000144,08-25-2026,MANDI051,REQUIRES_INVESTIGATION,3499.71,3500.0,-0.2899999999999636,1,-0.008285714285713246
PR001763,2026-05-07,MANDI023,REQUIRES_INVESTIGATION,2078.41,2183.0,-104.59000000000015,1,-4.7911131470453565
PR004213,08.06.2026,MANDI052,Cotton,7117.23,6620.0,497.22999999999956,0,7.51102719033232
PR007331,31-Mar-2026,MANDI025,Wheat,2256.65,2275.0,-18.34999999999991,1,-0.8065934065934026
PR011721,18-Aug-2026,MANDI056,Cotton,6451.03,6620.0,-168.97000000000025,1,-2.5524169184290066
PR000117,06.05.2026,MANDI011,Corn,2095.38,2090.0,5.380000000000109,0,0.257416267942589
PR004259,06.02.2026,MANDI019,Mustard,5523.26,5650.0,-126.73999999999978,1,-2.243185840707961
PR002927,2026-01-25,MANDI015,REQUIRES_INVESTIGATION,2308.0,2183.0,125.0,0,5.726065048098946
PR009986,2026/03/17,MANDI004,Cotton,6663.0,6620.0,43.0,0,0.649546827794562
PR007029,07-12-2026,,Wheat,2336.7453816837437,2275.0,61.745381683743744,0,2.7140827113733517
PR008312,08/08/2026,MANDI020,Mustard,6400.22,5650.0,750.2200000000003,0,13.27823008849558
PR008143,22.03.2026,MANDI044,Mustard,5746.0,5650.0,96.0,0,1.6991150442477878
PR001568,2026-04-06,MANDI034,Mustard,5119.0,5650.0,-531.0,1,-9.398230088495575
PR010130,2026/03/03,MANDI037,Wheat,2411.31,2275.0,136.30999999999995,0,5.991648351648349
PR009883,28-May-2026,MANDI024,Wheat,2472.93,2275.0,197.92999999999984,0,8.700219780219772
PR000651,30-Aug-2026,MANDI039,Cotton,6936.24,6620.0,316.2399999999998,0,4.777039274924468
PR006378,07-26-2026,MANDI039,REQUIRES_INVESTIGATION,3669.010635800875,3500.0,169.0106358008752,0,4.828875308596435
PR003749,26-Jul-2026,MANDI017,Wheat,2445.96,2275.0,170.96000000000004,0,7.514725274725276
PR007827,11/05/2026,MANDI048,Sugarcane,3621.42,3500.0,121.42000000000007,0,3.4691428571428595
PR010859,15-Jun-2026,MANDI033,Cotton,6715.11,6620.0,95.10999999999967,0,1.4367069486404784
PR002685,18.07.2026,,REQUIRES_INVESTIGATION,2056.28,2090.0,-33.7199999999998,1,-1.6133971291865934
PR010337,14/06/2026,MANDI016,Corn,2252.97,2090.0,162.9699999999998,0,7.797607655502382
PR006822,01.05.2026,MANDI030,Corn,2374.01,2090.0,284.0100000000002,0,13.588995215311014
PR009881,01-14-2026,MANDI047,Cotton,7628.707615799716,6620.0,1008.7076157997162,0,15.237275163137706
PR011488,2026/06/24,MANDI001,REQUIRES_INVESTIGATION,5793.67,5650.0,143.67000000000007,0,2.542831858407081
PR011232,2026-07-14,MANDI057,Sugarcane,3655.13,3500.0,155.1300000000001,0,4.432285714285717
PR006768,03/07/2026,MANDI005,Wheat,2008.4152127755856,2275.0,-266.5847872244144,1,-11.718012625248985
PR008306,2026-06-12,,Corn,2264.82,2090.0,174.82000000000016,0,8.364593301435415
PR002755,01.09.2026,MANDI016,Corn,2230.71,2090.0,140.71000000000004,0,6.732535885167466
PR004562,03/08/2026,MANDI043,REQUIRES_INVESTIGATION,3436.0,3500.0,-64.0,1,-1.8285714285714287
PR004967,14/02/2026,MANDI021,Paddy,2162.48,2183.0,-20.519999999999982,1,-0.9399908382959222
PR006158,12/07/2026,MANDI032,REQUIRES_INVESTIGATION,1981.09930211867,2090.0,-108.90069788132996,1,-5.210559707240668
PR005513,2026-02-02,MANDI007,REQUIRES_INVESTIGATION,5839.09,5650.0,189.09000000000015,0,3.346725663716817
PR010937,15/01/2026,MANDI048,Mustard,6374.9,5650.0,724.8999999999996,0,12.830088495575215
PR000217,2026-02-10,MANDI037,REQUIRES_INVESTIGATION,2038.24,2183.0,-144.76,1,-6.631241410902428
PR001258,25/06/2026,MANDI030,Wheat,2367.2866639300137,2275.0,92.28666393001367,0,4.056556656264338
PR000510,28-Aug-2026,MANDI013,Cotton,7176.754005731096,6620.0,556.7540057310962,0,8.410181355454625
PR011892,14/02/2026,MANDI004,Mustard,5096.54,5650.0,-553.46,1,-9.795752212389381
PR009784,06/06/2026,MANDI047,Cotton,5917.77,6620.0,-702.2299999999996,1,-10.607703927492441
PR005080,2026-08-30,MANDI035,Corn,2082.11,2090.0,-7.889999999999873,1,-0.3775119617224819
PR002360,11.03.2026,MANDI022,Wheat,2090.33,2275.0,-184.67000000000007,1,-8.11736263736264
PR009240,03-Jun-2026,MANDI023,Sugarcane,3502.94,3500.0,2.9400000000000546,0,0.08400000000000156
PR005970,07-Jun-2026,,REQUIRES_INVESTIGATION,1921.0,2183.0,-262.0,1,-12.001832340815392
PR000038,06.09.2026,,Wheat,2424.04,2275.0,149.03999999999996,0,6.55120879120879
PR003147,07.08.2026,MANDI016,REQUIRES_INVESTIGATION,1969.0,2090.0,-121.0,1,-5.7894736842105265
PR011218,01-08-2026,,Sugarcane,3293.0,3500.0,-207.0,1,-5.914285714285715
PR002810,06-Jun-2026,MANDI047,Corn,2040.0,2090.0,-50.0,1,-2.3923444976076556
PR006753,02-17-2026,MANDI036,Mustard,5577.0,5650.0,-73.0,1,-1.2920353982300885
PR007819,23.05.2026,MANDI018,Cotton,6141.85,6620.0,-478.14999999999964,1,-7.22280966767371
PR010000,19.07.2026,MANDI048,REQUIRES_INVESTIGATION,2472.3247500253347,2183.0,289.32475002533465,0,13.253538709360269
PR007528,13.02.2026,MANDI055,REQUIRES_INVESTIGATION,2158.294930463491,2183.0,-24.7050695365092,1,-1.1317026814708748
PR004683,01-31-2026,MANDI033,Corn,2093.07,2090.0,3.0700000000001637,0,0.14688995215311787
PR011716,2026-01-19,MANDI007,Mustard,6177.5,5650.0,527.5,0,9.336283185840708
PR004978,2026/08/09,MANDI012,Cotton,6964.0,6620.0,344.0,0,5.196374622356496
PR005192,30-Jul-2026,MANDI051,Corn,2304.05,2090.0,214.05000000000018,0,10.241626794258382
PR003754,29-Jul-2026,MANDI016,Sugarcane,4107.26,3500.0,607.2600000000002,0,17.35028571428572
PR004986,2026-05-20,MANDI016,Corn,2400.98,2090.0,310.98,0,14.879425837320575
PR010379,25.03.2026,MANDI003,Sugarcane,3704.857061365728,3500.0,204.857061365728,0,5.853058896163657
PR004965,19-Jun-2026,MANDI011,Cotton,7272.0,6620.0,652.0,0,9.848942598187312
PR003532,2026/03/13,MANDI026,Mustard,6399.28,5650.0,749.2799999999997,0,13.261592920353978
PR008405,14/03/2026,MANDI004,REQUIRES_INVESTIGATION,2298.89,2183.0,115.88999999999987,0,5.308749427393489
PR011767,06.01.2026,,Sugarcane,3609.34,3500.0,109.34000000000015,0,3.124000000000004
PR006592,07-25-2026,MANDI032,Mustard,6059.92,5650.0,409.9200000000001,0,7.255221238938055
PR008444,03-04-2026,MANDI005,REQUIRES_INVESTIGATION,2008.181763454364,2090.0,-81.81823654563595,1,-3.9147481600782754
PR003479,2026-01-06,MANDI004,Cotton,6735.15,6620.0,115.14999999999964,0,1.7394259818731064
PR006201,2026/04/09,MANDI049,Cotton,6760.58,6620.0,140.57999999999993,0,2.123564954682778
PR002882,24/01/2026,MANDI054,Mustard,6118.0,5650.0,468.0,0,8.283185840707965
PR000660,2026-06-03,MANDI009,REQUIRES_INVESTIGATION,2146.0,2183.0,-37.0,1,-1.694915254237288
PR009329,08-Jul-2026,,Mustard,6538.0,5650.0,888.0,0,15.716814159292037
PR007570,08/05/2026,,Cotton,6037.1,6620.0,-582.8999999999996,1,-8.805135951661626
PR011166,12/07/2026,,Wheat,2369.46,2275.0,94.46000000000004,0,4.1520879120879135
PR003037,07/02/2026,MANDI051,REQUIRES_INVESTIGATION,3807.91,3500.0,307.90999999999985,0,8.797428571428567
PR005953,2026-09-05,MANDI042,Corn,2058.88,2090.0,-31.11999999999989,1,-1.4889952153109995
PR006144,2026-01-03,MANDI016,Cotton,7386.3,6620.0,766.3000000000002,0,11.575528700906347
PR002656,04-Feb-2026,MANDI041,Sugarcane,3577.0,3500.0,77.0,0,2.1999999999999997
PR011782,05/01/2026,MANDI041,Mustard,5861.06,5650.0,211.0600000000004,0,3.7355752212389453
PR000419,2026/07/16,MANDI002,Mustard,5880.41,5650.0,230.40999999999985,0,4.07805309734513
PR007187,19-Aug-2026,MANDI022,Sugarcane,3838.61,3500.0,338.6100000000001,0,9.674571428571433
PR004779,29.07.2026,MANDI008,Sugarcane,3355.0,3500.0,-145.0,1,-4.142857142857142
PR004106,2026/02/22,,Paddy,2339.62,2183.0,156.6199999999999,0,7.174530462666051
PR006284,19/07/2026,MANDI037,Corn,2200.2,2090.0,110.19999999999982,0,5.2727272727272645
PR003355,10/02/2026,MANDI036,Wheat,2201.27,2275.0,-73.73000000000002,1,-3.240879120879122
PR010727,15-Mar-2026,MANDI036,Mustard,6072.21350186591,5650.0,422.2135018659101,0,7.47280534275947
PR004085,2026-04-13,,Paddy,2007.97,2183.0,-175.02999999999997,1,-8.017865322950067
PR001094,25-May-2026,MANDI026,Sugarcane,3346.96,3500.0,-153.03999999999996,1,-4.372571428571428
PR011524,2026-01-26,MANDI041,Cotton,7254.08,6620.0,634.0799999999999,0,9.578247734138971
PR010676,23/05/2026,MANDI017,Cotton,7114.17,6620.0,494.1700000000001,0,7.464803625377645
PR002336,31.08.2026,MANDI040,Corn,2108.96,2090.0,18.960000000000036,0,0.9071770334928246
PR002078,05.08.2026,MANDI057,Paddy,2145.0,2183.0,-38.0,1,-1.7407237746220796
PR006437,14.08.2026,MANDI019,Corn,2238.421342876377,2090.0,148.4213428763769,0,7.10149965915679
PR010045,03-10-2026,MANDI005,REQUIRES_INVESTIGATION,2322.29,2183.0,139.28999999999996,0,6.380668804397615
PR006952,01.01.2026,MANDI036,REQUIRES_INVESTIGATION,2048.06,2183.0,-134.94000000000005,1,-6.181401740723777
PR006764,10-Jul-2026,MANDI041,Wheat,2661.97,2275.0,386.9699999999998,0,17.00967032967032
PR000141,12/08/2026,MANDI044,Wheat,2121.51,2275.0,-153.48999999999978,1,-6.746813186813178
PR010159,06.08.2026,MANDI042,REQUIRES_INVESTIGATION,1933.46,2090.0,-156.53999999999996,1,-7.489952153110046
PR004983,2026-07-18,MANDI024,Corn,2004.0,2090.0,-86.0,1,-4.114832535885168
PR001267,06-Jan-2026,MANDI003,Cotton,6968.93,6620.0,348.9300000000003,0,5.270845921450156
PR007494,20/08/2026,MANDI036,Cotton,6293.56,6620.0,-326.4399999999996,1,-4.931117824773408
PR007530,2026/01/05,MANDI015,Cotton,7417.42,6620.0,797.4200000000001,0,12.045619335347434
PR005596,2026/04/06,MANDI031,Cotton,6296.89,6620.0,-323.1099999999997,1,-4.8808157099697835
PR011147,2026-02-01,MANDI040,Sugarcane,3361.83,3500.0,-138.17000000000007,1,-3.9477142857142877
PR010729,2026/08/31,MANDI045,Paddy,2001.03,2183.0,-181.97000000000003,1,-8.335776454420524
PR003215,2026/08/24,MANDI020,Corn,1930.84,2090.0,-159.16000000000008,1,-7.615311004784693
PR005996,13.04.2026,MANDI011,Cotton,6783.0,6620.0,163.0,0,2.462235649546828
PR009667,18-Jan-2026,,REQUIRES_INVESTIGATION,2472.6038332686867,2183.0,289.6038332686867,0,13.266323099802413
PR007633,2026-01-14,MANDI019,Mustard,5705.13,5650.0,55.13000000000011,0,0.9757522123893825
PR005505,2026-07-01,MANDI043,REQUIRES_INVESTIGATION,2059.1086837177445,2183.0,-123.8913162822555,1,-5.675277887414361
PR005502,25-Feb-2026,MANDI038,REQUIRES_INVESTIGATION,2140.27,2183.0,-42.73000000000002,1,-1.9573980760421446
PR007973,2026-06-11,MANDI046,Paddy,2195.28,2183.0,12.2800000000002,0,0.5625286303252496
PR008755,2026-05-05,MANDI037,Wheat,2547.0,2275.0,272.0,0,11.956043956043956
PR006670,2026-01-08,MANDI027,Paddy,2110.0,2183.0,-73.0,1,-3.344021988089785
PR001919,05-25-2026,MANDI037,Corn,1952.43,2090.0,-137.56999999999994,1,-6.5822966507177005
PR009342,2026-04-13,MANDI036,Mustard,6471.93,5650.0,821.9300000000003,0,14.54743362831859
PR001873,30.03.2026,MANDI048,Mustard,5997.758149340441,5650.0,347.7581493404414,0,6.155011492751175
PR001567,10.02.2026,MANDI011,REQUIRES_INVESTIGATION,2200.0,2090.0,110.0,0,5.263157894736842
PR007574,12.07.2026,MANDI033,Mustard,5998.26,5650.0,348.2600000000002,0,6.163893805309739
PR004509,02-17-2026,MANDI008,Corn,1962.0,2090.0,-128.0,1,-6.124401913875598
PR000974,19-Jun-2026,MANDI019,Cotton,6644.47,6620.0,24.470000000000255,0,0.3696374622356534
PR009544,26-Aug-2026,MANDI027,Cotton,6538.0,6620.0,-82.0,1,-1.2386706948640482
PR007823,12-May-2026,MANDI018,Sugarcane,3641.76,3500.0,141.76000000000022,0,4.050285714285721
PR007415,07-05-2026,MANDI002,Mustard,5172.0,5650.0,-478.0,1,-8.460176991150442
PR007151,20.01.2026,,Corn,2329.54,2090.0,239.53999999999996,0,11.461244019138753
PR010576,2026/08/28,MANDI025,REQUIRES_INVESTIGATION,2335.53,2183.0,152.5300000000002,0,6.987173614292268
PR001107,14/01/2026,MANDI006,Paddy,2111.61,2183.0,-71.38999999999987,1,-3.270270270270265
PR011267,07-15-2026,MANDI019,Cotton,7682.56,6620.0,1062.5600000000004,0,16.050755287009068
PR003022,2026-03-17,,Wheat,2275.96,2275.0,0.9600000000000364,0,0.0421978021978038
PR002974,2026-01-11,MANDI007,Wheat,2337.77,2275.0,62.76999999999998,0,2.759120879120878
PR004408,15-May-2026,,Corn,2128.62,2090.0,38.61999999999989,0,1.8478468899521479
PR004897,27/05/2026,MANDI017,Wheat,2472.0,2275.0,197.0,0,8.65934065934066
PR001827,2026/08/23,MANDI049,REQUIRES_INVESTIGATION,2473.0,2183.0,290.0,0,13.284470911589555
PR008573,24.01.2026,MANDI047,REQUIRES_INVESTIGATION,2056.0,2090.0,-34.0,1,-1.6267942583732056
PR009566,14.03.2026,MANDI017,Wheat,2451.35,2275.0,176.3499999999999,0,7.751648351648348
PR005825,2026/03/14,MANDI028,Cotton,7319.63,6620.0,699.6300000000001,0,10.56842900302115
PR005947,2026-02-07,MANDI052,Corn,2245.16,2090.0,155.15999999999985,0,7.4239234449760705
PR009002,17/05/2026,MANDI014,Cotton,6362.47528263049,6620.0,-257.52471736950974,1,-3.890101470838516
PR005695,01-30-2026,MANDI041,Wheat,2101.47680291683,2275.0,-173.5231970831701,1,-7.627393278381104
PR003750,11/06/2026,,Cotton,6576.0,6620.0,-44.0,1,-0.6646525679758308
PR006652,2026-02-08,MANDI050,REQUIRES_INVESTIGATION,2449.59,2183.0,266.59000000000015,0,12.212093449381593
PR007964,28/07/2026,MANDI054,REQUIRES_INVESTIGATION,2399.93,2183.0,216.92999999999984,0,9.937242327072827
PR010812,2026/09/02,,Corn,1979.96,2090.0,-110.03999999999996,1,-5.265071770334926
PR011911,2026-07-23,MANDI023,Cotton,6785.248969549042,6620.0,165.24896954904216,0,2.496207999230244
PR001192,17.05.2026,MANDI051,Sugarcane,3583.0,3500.0,83.0,0,2.3714285714285714
PR005943,2026-05-20,MANDI050,Cotton,5864.732983722297,6620.0,-755.2670162777031,1,-11.408867315373158
PR009703,2026/03/30,MANDI053,Cotton,7238.4,6620.0,618.3999999999996,0,9.341389728096672
PR005109,09-01-2026,MANDI050,Cotton,7052.144333764811,6620.0,432.14433376481065,0,6.527860026658772
PR004613,2026-05-29,MANDI054,Corn,2174.51,2090.0,84.51000000000022,0,4.04354066985647
PR003384,28-Mar-2026,MANDI053,Cotton,6867.93,6620.0,247.9300000000003,0,3.7451661631419984
PR002694,2026-01-02,MANDI008,REQUIRES_INVESTIGATION,2087.26,2183.0,-95.73999999999978,1,-4.385707741639935
PR001550,28/02/2026,MANDI034,REQUIRES_INVESTIGATION,5610.36,5650.0,-39.64000000000033,1,-0.7015929203539881
PR011888,12.02.2026,MANDI006,Mustard,6087.81861842975,5650.0,437.81861842975013,0,7.749002096101772
PR007904,06.05.2026,MANDI039,Corn,2297.59,2090.0,207.59000000000015,0,9.932535885167471
PR006889,2026-08-11,MANDI029,Corn,2032.38,2090.0,-57.61999999999989,1,-2.756937799043057
PR008556,2026-05-24,MANDI051,Wheat,2436.0,2275.0,161.0,0,7.076923076923077
PR011627,27-May-2026,MANDI008,REQUIRES_INVESTIGATION,2234.11,2090.0,144.11000000000013,0,6.89521531100479
PR000641,2026/08/29,,Mustard,5860.17,5650.0,210.17000000000007,0,3.7198230088495583
PR006812,16/05/2026,MANDI036,Corn,2299.53,2090.0,209.5300000000002,0,10.025358851674651
PR004094,17.04.2026,MANDI004,Corn,2147.28487140294,2090.0,57.2848714029401,0,2.7409029379397176
PR003684,2026-05-28,MANDI047,Sugarcane,3350.99,3500.0,-149.01000000000022,1,-4.257428571428578
PR009896,2026-06-22,MANDI034,Mustard,5989.0,5650.0,339.0,0,6.0
PR010184,2026-01-20,MANDI039,Cotton,6595.51,6620.0,-24.48999999999978,1,-0.36993957703927166
PR006136,20/06/2026,MANDI035,Mustard,5325.550124411224,5650.0,-324.4498755887762,1,-5.742475674137632
PR007772,21.02.2026,MANDI056,Sugarcane,4042.0,3500.0,542.0,0,15.485714285714286
PR009967,07-14-2026,MANDI046,Sugarcane,3635.0,3500.0,135.0,0,3.8571428571428568
PR008793,2026-01-30,MANDI039,Corn,2072.0,2090.0,-18.0,1,-0.8612440191387559
PR002307,2026-01-01,,REQUIRES_INVESTIGATION,3662.98,3500.0,162.98000000000002,0,4.6565714285714295
PR000188,12-Feb-2026,MANDI044,Cotton,6465.3,6620.0,-154.69999999999982,1,-2.336858006042293
PR007392,19/02/2026,MANDI024,REQUIRES_INVESTIGATION,2328.0,2183.0,145.0,0,6.642235455794777
PR011340,2026-07-13,MANDI053,REQUIRES_INVESTIGATION,2165.5620790310318,2090.0,75.56207903103177,0,3.6154104799536735
PR007879,2026/08/10,,Mustard,5441.02,5650.0,-208.97999999999956,1,-3.6987610619468954
PR005249,2026-06-19,MANDI051,Cotton,6651.41,6620.0,31.409999999999854,0,0.47447129909365343
PR010819,2026-01-24,,REQUIRES_INVESTIGATION,2287.18,2183.0,104.17999999999984,0,4.772331653687578
PR008697,2026/04/02,MANDI032,Cotton,6334.48,6620.0,-285.52000000000044,1,-4.312990936555898
PR007418,2026/06/12,MANDI005,REQUIRES_INVESTIGATION,6199.82,5650.0,549.8199999999997,0,9.731327433628314
PR003268,12-Jul-2026,MANDI021,Wheat,2117.0,2275.0,-158.0,1,-6.945054945054944
PR003604,27/08/2026,MANDI002,Wheat,2332.53,2275.0,57.5300000000002,0,2.5287912087912177
PR007232,2026-07-27,MANDI014,REQUIRES_INVESTIGATION,1947.58,2090.0,-142.42000000000007,1,-6.814354066985649
PR009737,04-09-2026,MANDI028,Mustard,6187.05,5650.0,537.0500000000002,0,9.505309734513277
PR006754,2026/03/15,MANDI038,REQUIRES_INVESTIGATION,2209.72,2183.0,26.7199999999998,0,1.2240036646816217
PR011785,2026-08-21,MANDI013,REQUIRES_INVESTIGATION,2173.0,2090.0,83.0,0,3.971291866028708
PR000717,07-Aug-2026,MANDI028,Sugarcane,3482.99,3500.0,-17.01000000000022,1,-0.4860000000000062
PR004658,04-Sep-2026,MANDI051,Sugarcane,3480.0,3500.0,-20.0,1,-0.5714285714285714
PR006313,02/04/2026,MANDI016,Cotton,7263.84,6620.0,643.8400000000001,0,9.725679758308159
PR006677,2026-01-19,MANDI048,Wheat,2072.2076719004945,2275.0,-202.79232809950554,1,-8.913948487890353
PR000787,2026-04-22,MANDI034,Cotton,7000.82,6620.0,380.8199999999997,0,5.752567975830812
PR000389,2026-09-04,MANDI035,REQUIRES_INVESTIGATION,2095.09,2183.0,-87.90999999999985,1,-4.027027027027021
PR011684,2026-08-07,MANDI036,Paddy,2328.45,2183.0,145.44999999999982,0,6.662849289967926
PR010988,02.04.2026,MANDI043,Cotton,6557.35,6620.0,-62.649999999999636,1,-0.94637462235649
PR001503,05-29-2026,MANDI012,Wheat,2415.461999304047,2275.0,140.4619993040469,0,6.1741538155625015
PR009820,2026/09/04,MANDI037,Cotton,6016.86,6620.0,-603.1400000000003,1,-9.11087613293052
PR001078,06.02.2026,MANDI032,Mustard,5300.83,5650.0,-349.1700000000001,1,-6.1800000000000015
PR000120,03/04/2026,MANDI013,REQUIRES_INVESTIGATION,2129.59,2090.0,39.590000000000146,0,1.8942583732057487
PR004729,04-09-2026,MANDI017,Cotton,6881.25,6620.0,261.25,0,3.9463746223564953
PR009976,02-Jan-2026,MANDI005,Wheat,2189.0,2275.0,-86.0,1,-3.7802197802197806
PR009197,08-Apr-2026,MANDI015,Sugarcane,3501.0,3500.0,1.0,0,0.028571428571428574
PR001655,2026/02/12,MANDI041,Paddy,2221.0,2183.0,38.0,0,1.7407237746220796
PR011570,2026-08-28,MANDI009,Wheat,2487.2,2275.0,212.19999999999982,0,9.32747252747252
PR001278,2026-08-03,MANDI051,Sugarcane,3615.73,3500.0,115.73000000000002,0,3.306571428571429
PR009080,2026-04-05,MANDI042,Cotton,6230.12,6620.0,-389.8800000000001,1,-5.889425981873114
PR011354,01-28-2026,MANDI046,Corn,2298.24,2090.0,208.23999999999978,0,9.963636363636354
PR000132,13.07.2026,MANDI050,Sugarcane,3720.86,3500.0,220.86000000000013,0,6.310285714285718
PR007917,20/04/2026,MANDI006,Wheat,2388.79,2275.0,113.78999999999996,0,5.001758241758241
PR000301,27/04/2026,MANDI042,Corn,2334.73,2090.0,244.73000000000002,0,11.70956937799043
PR006379,08-Mar-2026,MANDI009,Mustard,5425.52,5650.0,-224.47999999999956,1,-3.9730973451327354
PR003285,2026/06/08,MANDI048,Paddy,2213.32,2183.0,30.320000000000164,0,1.388914338066888
PR006864,30/01/2026,MANDI053,REQUIRES_INVESTIGATION,2101.3,2090.0,11.300000000000182,0,0.5406698564593388
PR005096,01.08.2026,MANDI024,Sugarcane,3154.62,3500.0,-345.3800000000001,1,-9.868000000000004
PR003558,07-30-2026,MANDI007,Cotton,6730.0,6620.0,110.0,0,1.6616314199395772
PR008432,21-May-2026,MANDI002,Cotton,6618.3,6620.0,-1.699999999999818,1,-0.02567975830815435
PR005746,2026-01-28,MANDI007,Paddy,2280.28,2183.0,97.2800000000002,0,4.456252863032533
PR002597,2026-08-30,MANDI040,REQUIRES_INVESTIGATION,3401.24,3500.0,-98.76000000000022,1,-2.821714285714292
PR010554,29.05.2026,MANDI016,Wheat,2408.85,2275.0,133.8499999999999,0,5.8835164835164795
PR002833,2026-08-05,MANDI026,Mustard,5788.035583833335,5650.0,138.0355838333353,0,2.443107678466111
PR003297,01-Mar-2026,MANDI009,Wheat,2343.59,2275.0,68.59000000000015,0,3.0149450549450614
PR002907,11-May-2026,MANDI002,Cotton,6582.0,6620.0,-38.0,1,-0.5740181268882175
PR003676,29.01.2026,MANDI056,Cotton,7023.91,6620.0,403.90999999999985,0,6.101359516616312
PR006639,18/02/2026,MANDI020,REQUIRES_INVESTIGATION,2316.66,2183.0,133.65999999999985,0,6.122766834631235
PR006992,2026/08/04,MANDI051,Mustard,5246.74,5650.0,-403.2600000000002,1,-7.137345132743366
PR002906,23-Jun-2026,MANDI046,Mustard,6341.84,5650.0,691.8400000000001,0,12.244955752212391
PR005132,28-Jul-2026,MANDI020,Wheat,2155.35,2275.0,-119.65000000000009,1,-5.259340659340663
PR006178,31.01.2026,MANDI028,Mustard,5731.16,5650.0,81.15999999999985,0,1.436460176991148
PR009453,2026-05-19,MANDI035,Corn,2341.26,2090.0,251.26000000000022,0,12.022009569378
PR008346,04-Mar-2026,MANDI054,Cotton,7377.82,6620.0,757.8199999999997,0,11.44743202416918
PR002958,14/05/2026,MANDI017,REQUIRES_INVESTIGATION,3285.06,3500.0,-214.94000000000005,1,-6.141142857142859
PR002703,2026/04/29,MANDI040,Paddy,2293.7,2183.0,110.69999999999982,0,5.071003206596418
PR006471,03-05-2026,MANDI004,REQUIRES_INVESTIGATION,1986.5,2183.0,-196.5,1,-9.001374255611545
PR001048,2026/03/15,MANDI023,Sugarcane,3389.7971787552606,3500.0,-110.20282124473943,1,-3.1486520355639835
PR011469,08.04.2026,MANDI012,REQUIRES_INVESTIGATION,2050.0,2090.0,-40.0,1,-1.9138755980861244
PR004972,2026/07/04,,Wheat,2228.59,2275.0,-46.409999999999854,1,-2.0399999999999934
PR008857,13-Aug-2026,MANDI006,REQUIRES_INVESTIGATION,2105.0,2183.0,-78.0,1,-3.5730645900137428
PR004083,2026/07/31,MANDI031,Paddy,2121.59,2183.0,-61.409999999999854,1,-2.8131012368300436
PR002513,11-Jul-2026,MANDI009,REQUIRES_INVESTIGATION,2461.0,2183.0,278.0,0,12.734768666972057
PR006525,08-22-2026,MANDI054,Corn,2112.266922758202,2090.0,22.266922758201872,0,1.0654030027847785
PR000233,17/03/2026,MANDI003,Paddy,1953.0,2183.0,-230.0,1,-10.53595968850206
PR008853,18-Mar-2026,MANDI036,Cotton,6120.25,6620.0,-499.75,1,-7.549093655589124
PR002214,28/03/2026,MANDI039,Sugarcane,3992.48,3500.0,492.48,0,14.070857142857143
PR005257,07-10-2026,MANDI053,Mustard,6148.6,5650.0,498.60000000000036,0,8.824778761061953
PR010952,2026-09-07,MANDI057,Wheat,2466.91,2275.0,191.90999999999985,0,8.435604395604388
PR005541,05-21-2026,,Wheat,2437.73,2275.0,162.73000000000002,0,7.152967032967034
PR004911,2026/05/31,MANDI038,Cotton,6423.8130295051005,6620.0,-196.18697049489947,1,-2.9635494032462155
PR000065,2026-07-19,MANDI013,Wheat,2509.6536027809675,2275.0,234.6536027809675,0,10.314444078284286
PR004037,01.07.2026,,REQUIRES_INVESTIGATION,2254.76,2183.0,71.76000000000022,0,3.2872194228126532
PR010948,2026-03-02,,Wheat,2341.13,2275.0,66.13000000000011,0,2.9068131868131917
PR008318,2026/09/08,MANDI052,REQUIRES_INVESTIGATION,2444.1880739889148,2183.0,261.18807398891477,0,11.96463921158565
PR005517,08-30-2026,MANDI035,REQUIRES_INVESTIGATION,3752.62,3500.0,252.6199999999999,0,7.217714285714283
PR003135,2026-04-07,MANDI021,Sugarcane,3762.0,3500.0,262.0,0,7.485714285714286
PR004454,10/05/2026,MANDI051,REQUIRES_INVESTIGATION,2222.15,2183.0,39.15000000000009,0,1.793403573064594
PR008548,2026/03/02,MANDI009,REQUIRES_INVESTIGATION,3750.05,3500.0,250.05000000000018,0,7.1442857142857195
PR003402,22.02.2026,MANDI011,REQUIRES_INVESTIGATION,2110.14,2090.0,20.139999999999873,0,0.9636363636363575
PR004406,02-04-2026,MANDI024,Sugarcane,3400.02,3500.0,-99.98000000000002,1,-2.856571428571429
PR008275,2026/05/16,MANDI038,Sugarcane,3253.42333471898,3500.0,-246.5766652810198,1,-7.045047579457709
PR003350,2026/07/08,MANDI053,REQUIRES_INVESTIGATION,2082.24,2090.0,-7.760000000000218,1,-0.3712918660287186
PR003224,15/01/2026,MANDI021,REQUIRES_INVESTIGATION,2213.08,2183.0,30.079999999999927,0,1.3779202931745271
PR007160,01/04/2026,MANDI018,Mustard,6038.98,5650.0,388.97999999999956,0,6.884601769911497
PR000479,01-17-2026,MANDI057,Mustard,5975.49,5650.0,325.4899999999998,0,5.760884955752209
PR002265,22-Jan-2026,MANDI004,Wheat,2115.36,2275.0,-159.63999999999987,1,-7.017142857142851
PR008490,10/02/2026,MANDI035,Cotton,6769.1,6620.0,149.10000000000036,0,2.2522658610271957
PR010848,2026-01-25,MANDI036,Corn,2242.652864100083,2090.0,152.6528641000832,0,7.303964789477665
PR003317,2026/04/18,MANDI027,Mustard,6158.08,5650.0,508.0799999999999,0,8.992566371681415
PR006854,2026-06-01,MANDI029,Corn,2308.62,2090.0,218.6199999999999,0,10.460287081339708
PR009939,28/02/2026,MANDI045,REQUIRES_INVESTIGATION,2151.0,2090.0,61.0,0,2.9186602870813396
PR001224,04-12-2026,MANDI041,Paddy,2333.26,2183.0,150.26000000000022,0,6.883188273018792
PR001339,08/04/2026,MANDI020,Cotton,7072.73,6620.0,452.72999999999956,0,6.838821752265854
PR001741,03.06.2026,MANDI052,Wheat,2171.1189046586665,2275.0,-103.88109534133355,1,-4.5662019930256506
PR005672,12/02/2026,MANDI034,REQUIRES_INVESTIGATION,2052.73,2090.0,-37.26999999999998,1,-1.7832535885167458
PR000757,01/07/2026,MANDI005,Cotton,7350.24,6620.0,730.2399999999998,0,11.030815709969785
PR002568,2026/07/18,MANDI045,REQUIRES_INVESTIGATION,2318.37,2090.0,228.3699999999999,0,10.9267942583732
PR010341,2026/02/09,MANDI055,REQUIRES_INVESTIGATION,3370.29,3500.0,-129.71000000000004,1,-3.706000000000001
PR008472,05.08.2026,MANDI045,Sugarcane,3318.98,3500.0,-181.01999999999998,1,-5.172
PR009520,2026-03-22,MANDI034,REQUIRES_INVESTIGATION,2501.99,2183.0,318.9899999999998,0,14.612459917544655
PR011953,03/06/2026,MANDI030,Wheat,2146.0,2275.0,-129.0,1,-5.670329670329671
PR004267,16/07/2026,MANDI016,Cotton,7050.21,6620.0,430.21000000000004,0,6.498640483383686
PR005651,07/01/2026,MANDI025,Mustard,5929.0,5650.0,279.0,0,4.938053097345133
PR011010,2026-03-14,MANDI002,Corn,2359.31,2090.0,269.30999999999995,0,12.88564593301435
PR011945,2026/08/14,MANDI013,Paddy,2201.38,2183.0,18.38000000000011,0,0.841960604672474
PR001129,28.01.2026,MANDI011,REQUIRES_INVESTIGATION,2040.94,2090.0,-49.059999999999945,1,-2.347368421052629
PR000782,2026/03/14,MANDI013,Corn,2158.31,2090.0,68.30999999999995,0,3.268421052631576
PR009220,07-Jul-2026,MANDI012,Cotton,6350.13,6620.0,-269.8699999999999,1,-4.076586102719031
PR000646,07.05.2026,MANDI024,Sugarcane,3982.44,3500.0,482.44000000000005,0,13.784000000000002
PR008485,2026/03/17,MANDI026,Cotton,6856.73,6620.0,236.72999999999956,0,3.5759818731117754
PR004417,12/01/2026,MANDI057,Cotton,6855.17,6620.0,235.17000000000007,0,3.5524169184290044
PR006517,06.06.2026,MANDI019,REQUIRES_INVESTIGATION,2436.08,2183.0,253.07999999999993,0,11.593220338983047
PR011496,23.02.2026,MANDI004,Wheat,2169.48,2275.0,-105.51999999999998,1,-4.638241758241757
PR003586,2026/08/22,,Wheat,2542.93,2275.0,267.92999999999984,0,11.77714285714285
PR010030,2026-05-19,MANDI042,Cotton,7006.0,6620.0,386.0,0,5.830815709969789
PR000414,06/01/2026,MANDI010,REQUIRES_INVESTIGATION,3676.90529856368,3500.0,176.90529856367993,0,5.054437101819427
PR011227,2026-03-12,MANDI018,REQUIRES_INVESTIGATION,2102.76,2183.0,-80.23999999999978,1,-3.6756756756756657
PR000322,02.07.2026,MANDI035,Cotton,5901.31,6620.0,-718.6899999999996,1,-10.856344410876128
PR010655,12/01/2026,MANDI015,REQUIRES_INVESTIGATION,2274.53,2183.0,91.5300000000002,0,4.192853870819982
PR009331,02.02.2026,MANDI038,Corn,2248.08,2090.0,158.07999999999993,0,7.56363636363636
PR009741,07-03-2026,MANDI043,Wheat,2534.0,2275.0,259.0,0,11.384615384615385
PR005665,2026-04-10,MANDI025,REQUIRES_INVESTIGATION,2295.0,2183.0,112.0,0,5.130554283096656
PR002351,02-03-2026,MANDI048,Mustard,5411.0,5650.0,-239.0,1,-4.230088495575221
PR007817,15/08/2026,,Cotton,5907.0,6620.0,-713.0,1,-10.770392749244714
PR005610,01-Jul-2026,MANDI038,Mustard,5805.712880607011,5650.0,155.71288060701136,0,2.755980187734714
PR002919,2026/08/28,MANDI057,REQUIRES_INVESTIGATION,5308.74,5650.0,-341.2600000000002,1,-6.040000000000004
PR009294,2026-07-01,MANDI044,Paddy,2276.29,2183.0,93.28999999999996,0,4.273476866697204
PR005119,18.01.2026,MANDI038,Cotton,6328.95,6620.0,-291.0500000000002,1,-4.396525679758311
PR005214,27.03.2026,MANDI009,Cotton,7295.36,6620.0,675.3599999999997,0,10.201812688821747
PR003103,07-30-2026,MANDI019,Wheat,2430.41,2275.0,155.40999999999985,0,6.831208791208784
PR007378,21/03/2026,MANDI040,Wheat,2378.52,2275.0,103.51999999999998,0,4.55032967032967
PR005262,2026-04-23,,Corn,2060.94,2090.0,-29.059999999999945,1,-1.3904306220095668
PR008924,04-29-2026,MANDI006,Corn,1972.95,2090.0,-117.04999999999995,1,-5.60047846889952
PR006111,2026/07/23,MANDI027,Mustard,5564.92,5650.0,-85.07999999999993,1,-1.5058407079646003
PR005625,2026-05-09,MANDI023,Corn,2114.78,2090.0,24.7800000000002,0,1.1856459330143636
PR008768,29.06.2026,MANDI047,Corn,2264.29,2090.0,174.28999999999996,0,8.339234449760765
PR000465,2026-04-15,MANDI019,Wheat,2256.0,2275.0,-19.0,1,-0.8351648351648353
PR008809,27/04/2026,MANDI047,Wheat,2229.3,2275.0,-45.69999999999982,1,-2.0087912087912008
PR000461,2026-02-12,MANDI035,Sugarcane,3421.68,3500.0,-78.32000000000016,1,-2.2377142857142904
PR009693,2026-04-20,MANDI003,Mustard,5607.45,5650.0,-42.55000000000018,1,-0.7530973451327466
PR001171,21.06.2026,MANDI047,REQUIRES_INVESTIGATION,3643.0,3500.0,143.0,0,4.085714285714285
PR005235,15/05/2026,MANDI021,Mustard,5787.17,5650.0,137.17000000000007,0,2.4277876106194705
PR007673,2026-08-16,MANDI023,Paddy,2365.772310043741,2183.0,182.77231004374107,0,8.372529090414158
PR005238,2026/01/31,MANDI055,Paddy,2403.71,2183.0,220.71000000000004,0,10.110398534127349
PR011737,05-26-2026,MANDI053,Wheat,2359.0,2275.0,84.0,0,3.6923076923076925
PR004427,20.03.2026,MANDI039,REQUIRES_INVESTIGATION,2401.87,2183.0,218.8699999999999,0,10.026110856619326
PR007566,01-11-2026,MANDI026,Sugarcane,3709.63,3500.0,209.6300000000001,0,5.989428571428575
PR009847,04-08-2026,MANDI046,Wheat,2190.72,2275.0,-84.2800000000002,1,-3.7046153846153937
PR009488,04.05.2026,MANDI020,Cotton,7626.52,6620.0,1006.5200000000004,0,15.204229607250763
PR001997,27/02/2026,MANDI019,REQUIRES_INVESTIGATION,1993.57,2090.0,-96.43000000000006,1,-4.6138755980861275
PR005966,24/05/2026,MANDI002,Wheat,2133.25,2275.0,-141.75,1,-6.230769230769231
PR000947,2026-02-18,MANDI004,Mustard,5630.11,5650.0,-19.890000000000327,1,-0.3520353982300943
PR005058,04.09.2026,MANDI005,Sugarcane,3188.28,3500.0,-311.7199999999998,1,-8.906285714285708
PR006392,23-Feb-2026,MANDI037,Mustard,6190.73,5650.0,540.7299999999996,0,9.570442477876098
PR003888,2026-01-13,MANDI016,Wheat,2209.01,2275.0,-65.98999999999978,1,-2.900659340659331
PR002524,2026/08/28,MANDI046,REQUIRES_INVESTIGATION,5467.41,5650.0,-182.59000000000015,1,-3.2316814159292058
PR003942,02-13-2026,MANDI030,Wheat,2458.0,2275.0,183.0,0,8.043956043956044
PR001801,2026/05/10,,Wheat,2334.83,2275.0,59.82999999999993,0,2.629890109890107
PR005536,2026/05/30,MANDI049,REQUIRES_INVESTIGATION,2164.02,2183.0,-18.980000000000018,1,-0.8694457169033448
PR005018,2026/07/15,MANDI019,Sugarcane,3943.21,3500.0,443.21000000000004,0,12.663142857142859
PR009528,2026-05-06,MANDI054,REQUIRES_INVESTIGATION,2280.8,2183.0,97.80000000000018,0,4.480073293632624
PR002825,07-Jul-2026,MANDI007,Cotton,6564.74,6620.0,-55.26000000000022,1,-0.8347432024169217
PR001248,05.09.2026,MANDI033,Cotton,7038.12,6620.0,418.1199999999999,0,6.316012084592143
PR006082,07-Feb-2026,MANDI052,Mustard,5416.47,5650.0,-233.52999999999975,1,-4.133274336283181
PR007926,2026-05-15,MANDI044,REQUIRES_INVESTIGATION,1989.2640535659093,2090.0,-100.73594643409069,1,-4.819901743257928
PR004273,01-05-2026,MANDI013,Cotton,6786.88,6620.0,166.8800000000001,0,2.5208459214501526
PR002722,2026/01/09,,Sugarcane,3646.69,3500.0,146.69000000000005,0,4.191142857142858
PR000517,2026-07-01,,Sugarcane,3643.25,3500.0,143.25,0,4.0928571428571425
PR000944,14-Mar-2026,MANDI016,Corn,2188.0,2090.0,98.0,0,4.688995215311005
PR007335,18/04/2026,MANDI048,Wheat,2105.75,2275.0,-169.25,1,-7.43956043956044
PR005700,2026/03/08,MANDI046,Paddy,2150.01,2183.0,-32.98999999999978,1,-1.511223087494264
PR006900,13-Mar-2026,,Corn,2039.5268441180865,2090.0,-50.4731558819135,1,-2.414983535019785
PR007741,18-Apr-2026,MANDI012,Cotton,7071.292567242997,6620.0,451.2925672429974,0,6.817108266510534
PR003171,2026-08-08,,Sugarcane,3882.3,3500.0,382.3000000000002,0,10.922857142857149
PR005258,08-11-2026,MANDI051,Sugarcane,3309.28,3500.0,-190.7199999999998,1,-5.449142857142852
PR010596,14-Jan-2026,MANDI005,Sugarcane,3237.93,3500.0,-262.07000000000016,1,-7.487714285714291
PR001383,06.02.2026,MANDI057,Corn,2393.52,2090.0,303.52,0,14.522488038277512
PR007198,2026-01-17,MANDI031,Cotton,7474.56,6620.0,854.5600000000004,0,12.90876132930514
PR000655,2026-05-23,MANDI031,Sugarcane,3621.33,3500.0,121.32999999999993,0,3.4665714285714264
PR003563,2026-02-26,MANDI019,Cotton,7652.53,6620.0,1032.5299999999997,0,15.597129909365556
PR008545,2026-05-11,MANDI025,Mustard,5428.84,5650.0,-221.15999999999985,1,-3.9143362831858384
PR006835,20-Mar-2026,,Wheat,2347.0,2275.0,72.0,0,3.1648351648351647
PR006807,2026-01-08,MANDI034,Corn,2181.64,2090.0,91.63999999999987,0,4.384688995215305
PR006051,08-03-2026,MANDI056,Cotton,6224.452479232326,6620.0,-395.54752076767363,1,-5.975038078061535
PR001841,12/01/2026,,Corn,2193.21,2090.0,103.21000000000004,0,4.938277511961724
PR007702,04/02/2026,MANDI035,Sugarcane,3513.09,3500.0,13.090000000000146,0,0.37400000000000416
PR007249,01-24-2026,MANDI009,Wheat,2071.0,2275.0,-204.0,1,-8.967032967032967
PR000679,09/01/2026,MANDI057,REQUIRES_INVESTIGATION,2215.18,2183.0,32.179999999999836,0,1.4741181859825851
PR006686,01-14-2026,MANDI005,Cotton,6326.092116595704,6620.0,-293.9078834042957,1,-4.4396961239319594
PR007333,01-03-2026,MANDI049,Cotton,6009.49,6620.0,-610.5100000000002,1,-9.222205438066469
PR003019,17.07.2026,MANDI011,REQUIRES_INVESTIGATION,2252.0,2183.0,69.0,0,3.160787906550618
PR003039,20/08/2026,,Sugarcane,4054.66,3500.0,554.6599999999999,0,15.847428571428567
PR008333,28/07/2026,,REQUIRES_INVESTIGATION,2086.07,2090.0,-3.9299999999998363,1,-0.1880382775119539
PR007028,19-Feb-2026,MANDI011,REQUIRES_INVESTIGATION,2535.37,2183.0,352.3699999999999,0,16.141548327989
PR005633,09-08-2026,MANDI015,Paddy,2533.99,2183.0,350.9899999999998,0,16.078332569857984
PR004895,14.01.2026,MANDI030,Wheat,2140.5,2275.0,-134.5,1,-5.912087912087912
PR009669,2026-04-14,MANDI034,Cotton,6663.04,6620.0,43.039999999999964,0,0.6501510574018121
PR000763,2026-07-18,MANDI054,Wheat,2552.9051563145285,2275.0,277.90515631452854,0,12.215611266572683
PR003027,2026/05/01,MANDI010,Cotton,6642.14,6620.0,22.140000000000327,0,0.334441087613298
PR005091,2026/07/08,MANDI008,Sugarcane,3359.36,3500.0,-140.63999999999987,1,-4.01828571428571
PR000568,08-11-2026,MANDI007,Corn,1966.6,2090.0,-123.40000000000009,1,-5.904306220095698
PR011067,02/08/2026,MANDI038,REQUIRES_INVESTIGATION,2254.09,2090.0,164.09000000000015,0,7.851196172248811
PR006624,2026/01/31,MANDI045,Paddy,2368.48,2183.0,185.48000000000002,0,8.496564360971142
PR000567,2026-02-05,,Mustard,5391.588865158177,5650.0,-258.4111348418228,1,-4.573648404280049
PR001720,30/05/2026,,Wheat,2426.0,2275.0,151.0,0,6.637362637362637
PR004988,01-17-2026,MANDI051,Sugarcane,3732.58,3500.0,232.57999999999993,0,6.645142857142855
PR011116,23.08.2026,MANDI050,Mustard,5858.0,5650.0,208.0,0,3.6814159292035393
PR002301,16.08.2026,MANDI020,REQUIRES_INVESTIGATION,2169.66,2183.0,-13.340000000000146,1,-0.6110856619331262
PR010703,2026-02-01,MANDI043,REQUIRES_INVESTIGATION,6103.33,5650.0,453.3299999999999,0,8.023539823008848
PR001912,10.06.2026,MANDI006,Corn,2329.958572430285,2090.0,239.95857243028513,0,11.481271408147615
PR011014,05-05-2026,,Wheat,2098.62,2275.0,-176.3800000000001,1,-7.752967032967038
PR003503,20.07.2026,MANDI016,Sugarcane,3829.79,3500.0,329.78999999999996,0,9.422571428571427
PR010140,09-Jul-2026,MANDI014,Wheat,2245.55,2275.0,-29.449999999999818,1,-1.2945054945054866
PR001871,18.08.2026,,REQUIRES_INVESTIGATION,2363.0109366025526,2183.0,180.01093660255265,0,8.246034658843456
PR004664,24-Jan-2026,MANDI043,REQUIRES_INVESTIGATION,2457.75,2183.0,274.75,0,12.585890975721483
PR008410,2026-08-02,MANDI041,REQUIRES_INVESTIGATION,2444.4412950422384,2090.0,354.4412950422384,0,16.95891363838461
PR002872,2026-05-13,MANDI034,Cotton,7137.34825788008,6620.0,517.3482578800804,0,7.814928366768586
PR007865,03-Aug-2026,MANDI053,Corn,2171.6868673609288,2090.0,81.68686736092877,0,3.9084625531544868
PR008585,24-Apr-2026,MANDI031,Wheat,2064.6857709384617,2275.0,-210.3142290615383,1,-9.244581497210474
PR009694,13/05/2026,MANDI043,REQUIRES_INVESTIGATION,3256.77,3500.0,-243.23000000000002,1,-6.949428571428571
PR002198,2026/08/28,MANDI017,Mustard,6003.95,5650.0,353.9499999999998,0,6.2646017699115015
PR001846,08-17-2026,MANDI030,Corn,2066.7,2090.0,-23.300000000000182,1,-1.114832535885176
PR002609,2026/06/08,MANDI020,REQUIRES_INVESTIGATION,2210.0,2183.0,27.0,0,1.2368300503893723
PR000423,03-10-2026,MANDI041,REQUIRES_INVESTIGATION,2019.35,2090.0,-70.65000000000009,1,-3.380382775119622
PR002179,27.07.2026,,Wheat,2221.0,2275.0,-54.0,1,-2.3736263736263736
PR003690,2026/06/10,MANDI050,Wheat,2497.0,2275.0,222.0,0,9.758241758241757
PR002697,06.05.2026,MANDI009,REQUIRES_INVESTIGATION,3956.96,3500.0,456.96000000000004,0,13.056000000000001
PR008553,27/08/2026,,Cotton,6297.03,6620.0,-322.97000000000025,1,-4.878700906344415
PR001964,2026/08/12,MANDI013,Cotton,6284.15,6620.0,-335.85000000000036,1,-5.07326283987916
PR008787,10/08/2026,MANDI009,Mustard,6623.0,5650.0,973.0,0,17.221238938053098
PR000391,2026-03-02,MANDI038,Mustard,6045.57,5650.0,395.5699999999997,0,7.001238938053092
PR000536,02-08-2026,,Sugarcane,3498.07,3500.0,-1.9299999999998363,1,-0.05514285714285247
PR008676,17.02.2026,MANDI024,Wheat,2220.05,2275.0,-54.94999999999982,1,-2.4153846153846072
PR011665,2026-07-30,MANDI017,Cotton,6092.0,6620.0,-528.0,1,-7.975830815709969
PR010552,20-Apr-2026,MANDI049,REQUIRES_INVESTIGATION,5619.94,5650.0,-30.0600000000004,1,-0.5320353982300956
PR010801,11.02.2026,MANDI057,Mustard,5775.5,5650.0,125.5,0,2.2212389380530975
PR011440,06/06/2026,MANDI053,Wheat,2380.74,2275.0,105.73999999999978,0,4.647912087912078
PR007515,24-Feb-2026,MANDI011,Sugarcane,3559.71,3500.0,59.710000000000036,0,1.7060000000000008
PR000457,02-27-2026,MANDI027,REQUIRES_INVESTIGATION,5920.42,5650.0,270.4200000000001,0,4.7861946902654875
PR007776,04/06/2026,,Cotton,6968.270185872294,6620.0,348.27018587229395,0,5.260878940669093
PR011509,30/05/2026,MANDI032,Cotton,6898.17,6620.0,278.1700000000001,0,4.201963746223566
PR001762,30/04/2026,MANDI045,Wheat,2084.06,2275.0,-190.94000000000005,1,-8.392967032967036
PR008278,14.08.2026,MANDI017,Cotton,6575.0,6620.0,-45.0,1,-0.6797583081570997
PR002495,2026/03/01,MANDI052,Corn,2042.49,2090.0,-47.50999999999999,1,-2.2732057416267937
PR006539,03-16-2026,MANDI010,REQUIRES_INVESTIGATION,2111.22,2090.0,21.2199999999998,0,1.0153110047846794
PR003803,02-Mar-2026,MANDI015,Corn,2064.1,2090.0,-25.90000000000009,1,-1.23923444976077
PR001157,01-10-2026,MANDI030,Wheat,2319.34,2275.0,44.340000000000146,0,1.9490109890109952
PR007366,02.01.2026,MANDI013,Sugarcane,3359.8086043077765,3500.0,-140.19139569222352,1,-4.0054684483492435
PR010015,04/03/2026,MANDI044,Cotton,6414.44,6620.0,-205.5600000000004,1,-3.1051359516616377
PR007535,26/01/2026,,Sugarcane,3577.51,3500.0,77.51000000000022,0,2.2145714285714346
PR003823,2026-03-20,MANDI010,REQUIRES_INVESTIGATION,3798.264151212772,3500.0,298.26415121277205,0,8.521832891793487
PR010143,2026-05-10,MANDI002,Cotton,7287.08,6620.0,667.0799999999999,0,10.076737160120846
PR000082,03/04/2026,MANDI036,Cotton,6233.66,6620.0,-386.34000000000015,1,-5.835951661631422
PR001318,2026-02-10,MANDI016,Wheat,2229.66,2275.0,-45.340000000000146,1,-1.9929670329670395
PR002421,04-06-2026,MANDI036,Cotton,7264.56,6620.0,644.5600000000004,0,9.736555891238677
PR001743,2026/04/20,,Corn,2128.3889250349694,2090.0,38.38892503496936,0,1.8367906715296347
PR004172,12-Jul-2026,MANDI055,Cotton,6246.6,6620.0,-373.39999999999964,1,-5.640483383685795
PR008617,15-Jul-2026,MANDI041,Mustard,5457.49,5650.0,-192.51000000000022,1,-3.4072566371681456
PR011777,24/07/2026,MANDI046,Corn,2126.7,2090.0,36.69999999999982,0,1.7559808612440104
PR000775,11/01/2026,MANDI042,REQUIRES_INVESTIGATION,2274.02,2183.0,91.01999999999998,0,4.169491525423728
PR001145,01-25-2026,MANDI036,REQUIRES_INVESTIGATION,2079.0,2090.0,-11.0,1,-0.5263157894736842
PR011946,2026-02-28,MANDI018,Cotton,6329.51,6620.0,-290.4899999999998,1,-4.388066465256794
PR007062,14.07.2026,,Sugarcane,3676.0,3500.0,176.0,0,5.0285714285714285
PR005126,2026-08-04,MANDI038,Wheat,2510.04,2275.0,235.03999999999996,0,10.33142857142857
PR009399,12/02/2026,MANDI011,Wheat,2262.0,2275.0,-13.0,1,-0.5714285714285714
PR008231,24/04/2026,MANDI008,Cotton,7232.77,6620.0,612.7700000000004,0,9.25634441087614
PR006078,17.06.2026,MANDI049,REQUIRES_INVESTIGATION,2014.22,2183.0,-168.77999999999997,1,-7.73156207054512
PR002557,04.01.2026,MANDI018,REQUIRES_INVESTIGATION,3717.0,3500.0,217.0,0,6.2
PR002352,22.03.2026,MANDI014,Corn,2301.67,2090.0,211.67000000000007,0,10.127751196172252
PR004342,09.03.2026,MANDI017,REQUIRES_INVESTIGATION,2161.1,2183.0,-21.90000000000009,1,-1.0032065964269394
PR006054,2026/06/22,,REQUIRES_INVESTIGATION,2320.0,2090.0,230.0,0,11.004784688995215
PR003779,2026-09-08,MANDI006,Wheat,2280.63,2275.0,5.630000000000109,0,0.2474725274725323
PR005792,2026-08-03,MANDI019,REQUIRES_INVESTIGATION,6600.581244930174,5650.0,950.5812449301739,0,16.82444681292343
PR000688,03-Mar-2026,MANDI016,REQUIRES_INVESTIGATION,2215.88,2183.0,32.88000000000011,0,1.506184150251952
PR001342,2026/06/12,MANDI032,Corn,2202.32,2090.0,112.32000000000016,0,5.3741626794258455
PR011506,20/01/2026,MANDI012,Corn,2252.0,2090.0,162.0,0,7.751196172248803
PR011966,2026/04/26,,Sugarcane,3786.09,3500.0,286.09000000000015,0,8.174000000000003
PR007771,20.08.2026,MANDI010,Mustard,6146.953699179814,5650.0,496.95369917981407,0,8.795640693448037
PR008466,30-May-2026,MANDI031,Cotton,6481.8,6620.0,-138.19999999999982,1,-2.0876132930513567
PR005054,2026/03/28,MANDI019,Cotton,6470.96,6620.0,-149.03999999999996,1,-2.2513595166163136
PR006688,19.04.2026,MANDI048,Sugarcane,3608.78,3500.0,108.7800000000002,0,3.1080000000000054
PR007236,22/03/2026,MANDI003,REQUIRES_INVESTIGATION,2390.43,2183.0,207.42999999999984,0,9.502061383417308
PR001132,11-May-2026,MANDI032,Mustard,6204.49,5650.0,554.4899999999998,0,9.813982300884952
PR007060,2026-03-30,MANDI045,Mustard,5489.498240229819,5650.0,-160.5017597701808,1,-2.840739110976651
PR005605,01-May-2026,MANDI023,Wheat,2276.94,2275.0,1.9400000000000546,0,0.08527472527472767
PR001782,04-21-2026,MANDI034,Corn,2064.64,2090.0,-25.360000000000127,1,-1.2133971291866088
PR008331,18/01/2026,MANDI036,REQUIRES_INVESTIGATION,6339.0,5650.0,689.0,0,12.194690265486726
PR005832,2026/05/29,MANDI051,Wheat,2198.64,2275.0,-76.36000000000013,1,-3.3564835164835225
PR002990,09/02/2026,MANDI025,Wheat,2189.13,2275.0,-85.86999999999989,1,-3.7745054945054894
PR007645,02/07/2026,,Paddy,2258.53,2183.0,75.5300000000002,0,3.4599175446633166
PR009864,02.09.2026,MANDI024,Paddy,2380.0,2183.0,197.0,0,9.024278515803939
PR008140,2026/09/02,MANDI049,Mustard,5663.0,5650.0,13.0,0,0.2300884955752212
PR002453,28-Jan-2026,MANDI052,Mustard,5345.21,5650.0,-304.78999999999996,1,-5.3945132743362825
PR008745,2026/04/26,MANDI001,Sugarcane,3890.0,3500.0,390.0,0,11.142857142857142
PR004922,2026-05-03,MANDI052,Wheat,2471.79,2275.0,196.78999999999996,0,8.650109890109889
PR001443,14.07.2026,MANDI006,Corn,2077.0,2090.0,-13.0,1,-0.6220095693779905
PR006919,29.03.2026,,Wheat,2476.2,2275.0,201.19999999999982,0,8.843956043956036
PR008006,03-01-2026,MANDI049,Wheat,2289.261895073784,2275.0,14.261895073784217,0,0.6268964867597459
PR000265,15.03.2026,MANDI006,Sugarcane,3570.3,3500.0,70.30000000000018,0,2.008571428571434
PR007182,20/08/2026,MANDI012,REQUIRES_INVESTIGATION,2250.0,2090.0,160.0,0,7.655502392344498
PR003502,2026-07-31,MANDI011,Cotton,7251.0,6620.0,631.0,0,9.531722054380666
PR006892,2026/07/28,,Corn,2147.76,2090.0,57.76000000000022,0,2.763636363636374
PR006444,06-05-2026,MANDI002,Sugarcane,3790.84,3500.0,290.84000000000015,0,8.30971428571429
PR009644,2026-04-21,MANDI039,Corn,2324.59,2090.0,234.59000000000015,0,11.224401913875605
PR002689,14-Jul-2026,MANDI047,Paddy,2209.55,2183.0,26.550000000000182,0,1.2162162162162247
PR003273,08-04-2026,MANDI019,Wheat,2420.06,2275.0,145.05999999999995,0,6.376263736263733
PR004072,16/06/2026,MANDI030,Mustard,5491.040997696066,5650.0,-158.95900230393363,1,-2.8134336690961703
PR004620,18-Jun-2026,,REQUIRES_INVESTIGATION,3572.08,3500.0,72.07999999999993,0,2.0594285714285694
PR003546,19-Aug-2026,MANDI043,Cotton,7264.93,6620.0,644.9300000000003,0,9.742145015105745
PR005627,2026/02/08,MANDI028,Wheat,2601.96,2275.0,326.96000000000004,0,14.371868131868135
PR006094,01-27-2026,MANDI014,Sugarcane,3650.83,3500.0,150.82999999999993,0,4.30942857142857
PR007585,16/04/2026,MANDI049,Wheat,2137.1,2275.0,-137.9000000000001,1,-6.061538461538466
PR009385,2026-03-01,MANDI048,Mustard,5739.34706079173,5650.0,89.34706079172975,0,1.5813639078182256
PR010178,13-May-2026,MANDI010,Corn,2094.38,2090.0,4.380000000000109,0,0.20956937799043585
PR007052,2026/02/19,MANDI018,Wheat,2116.0,2275.0,-159.0,1,-6.989010989010989
PR001902,07-Feb-2026,MANDI004,Mustard,6188.0,5650.0,538.0,0,9.52212389380531
PR006246,27/02/2026,MANDI003,Paddy,2263.55,2183.0,80.55000000000018,0,3.6898763169949693
PR005745,2026-03-23,,Paddy,2327.82,2183.0,144.82000000000016,0,6.633989922125523
PR004552,21/07/2026,MANDI017,Mustard,5831.72,5650.0,181.72000000000025,0,3.2162831858407124
PR009904,20.01.2026,MANDI047,REQUIRES_INVESTIGATION,2172.0,2183.0,-11.0,1,-0.5038937242327073
PR011743,2026/02/16,MANDI018,Wheat,2104.0,2275.0,-171.0,1,-7.5164835164835155
PR003987,19-Mar-2026,MANDI006,REQUIRES_INVESTIGATION,1988.610438096391,2090.0,-101.38956190360909,1,-4.851175210699
PR001885,06.03.2026,MANDI039,Wheat,2230.0,2275.0,-45.0,1,-1.9780219780219779
PR006182,2026-01-01,MANDI017,Paddy,2296.84,2183.0,113.84000000000015,0,5.214841960604679
PR004109,06-12-2026,MANDI047,Cotton,7330.41,6620.0,710.4099999999999,0,10.731268882175224
PR008079,20/07/2026,MANDI012,Sugarcane,3543.15,3500.0,43.15000000000009,0,1.2328571428571455
PR009852,14-Aug-2026,MANDI021,Sugarcane,3589.0,3500.0,89.0,0,2.5428571428571427
PR000214,15-Feb-2026,MANDI017,Mustard,5840.6,5650.0,190.60000000000036,0,3.3734513274336346
PR005261,2026-06-11,MANDI049,REQUIRES_INVESTIGATION,2201.32,2183.0,18.320000000000164,0,0.8392120934493892
PR008970,2026/04/06,MANDI032,Corn,2251.1,2090.0,161.0999999999999,0,7.708133971291861
PR001075,28/02/2026,MANDI045,Sugarcane,3412.0,3500.0,-88.0,1,-2.5142857142857142
PR008551,04/01/2026,MANDI011,REQUIRES_INVESTIGATION,5875.77,5650.0,225.77000000000044,0,3.995929203539831
PR004019,26-Apr-2026,MANDI030,Sugarcane,3373.246804091013,3500.0,-126.75319590898698,1,-3.621519883113914
PR009779,2026/07/20,MANDI019,Corn,2215.18,2090.0,125.17999999999984,0,5.989473684210519
PR002747,09.06.2026,MANDI028,Paddy,2167.08,2183.0,-15.920000000000073,1,-0.7292716445258852
PR011284,2026-05-13,MANDI005,Mustard,5599.63,5650.0,-50.36999999999989,1,-0.8915044247787591
PR007329,27/07/2026,MANDI036,Cotton,7138.49,6620.0,518.4899999999998,0,7.8321752265860995
PR004215,2026-02-04,MANDI032,Cotton,6412.64,6620.0,-207.35999999999967,1,-3.13232628398791
PR000619,29/03/2026,MANDI044,Cotton,7164.84,6620.0,544.8400000000001,0,8.23021148036254
PR005993,28.07.2026,MANDI001,Sugarcane,3592.0,3500.0,92.0,0,2.6285714285714286
PR004834,22-May-2026,MANDI010,Cotton,6642.37,6620.0,22.36999999999989,0,0.33791540785498325
PR011642,2026/02/09,MANDI049,Cotton,5864.39,6620.0,-755.6099999999997,1,-11.414048338368575
PR006681,15/06/2026,MANDI020,Cotton,6427.5,6620.0,-192.5,1,-2.90785498489426
PR002709,25.03.2026,MANDI009,REQUIRES_INVESTIGATION,2025.0443179076103,2183.0,-157.95568209238968,1,-7.235716083022889
PR009028,19/05/2026,MANDI020,Cotton,6986.34,6620.0,366.34000000000015,0,5.533836858006044
PR007993,09.09.2026,MANDI054,Wheat,2123.14,2275.0,-151.86000000000013,1,-6.67516483516484
PR000335,24-Jun-2026,MANDI009,REQUIRES_INVESTIGATION,2260.76,2090.0,170.76000000000022,0,8.170334928229675
PR003075,2026-08-28,MANDI007,Corn,2099.83,2090.0,9.829999999999927,0,0.47033492822966155
PR006189,24/01/2026,MANDI040,Cotton,6602.47,6620.0,-17.529999999999745,1,-0.26480362537763963
PR005239,04/09/2026,,Cotton,6110.1,6620.0,-509.89999999999964,1,-7.702416918428997
PR000028,12.02.2026,MANDI033,REQUIRES_INVESTIGATION,2050.862853424056,2090.0,-39.137146575943916,1,-1.8725907452604744
PR003339,18-May-2026,MANDI046,Wheat,2587.25,2275.0,312.25,0,13.725274725274724
PR007063,2026-06-04,MANDI011,Sugarcane,3721.091153985609,3500.0,221.0911539856088,0,6.316890113874537
PR004429,2026-01-27,MANDI052,Mustard,5403.154086614334,5650.0,-246.84591338566588,1,-4.3689542192153255
PR003419,25/05/2026,MANDI033,Mustard,5347.84,5650.0,-302.15999999999985,1,-5.347964601769909
PR001147,05/09/2026,MANDI013,REQUIRES_INVESTIGATION,6331.0,5650.0,681.0,0,12.053097345132743
PR007238,12.04.2026,MANDI014,Corn,2213.86,2090.0,123.86000000000013,0,5.926315789473691
PR008871,31/01/2026,MANDI001,Wheat,2346.39,2275.0,71.38999999999987,0,3.1380219780219725
PR006156,13.01.2026,MANDI039,Sugarcane,3745.98,3500.0,245.98000000000002,0,7.0280000000000005
PR002991,20-Apr-2026,MANDI024,REQUIRES_INVESTIGATION,2447.220700763857,2183.0,264.22070076385717,0,12.103559357025064
PR010725,08-25-2026,MANDI002,Wheat,2478.0,2275.0,203.0,0,8.923076923076923
PR010940,09-Jun-2026,MANDI029,Cotton,6441.0,6620.0,-179.0,1,-2.70392749244713
PR006564,2026-07-16,MANDI047,Corn,2207.29,2090.0,117.28999999999996,0,5.6119617224880365
PR006867,05-14-2026,MANDI057,Mustard,5893.0,5650.0,243.0,0,4.300884955752212
PR011477,2026/07/14,,Wheat,2474.0,2275.0,199.0,0,8.747252747252746
PR010331,09-07-2026,,Sugarcane,3544.911027692416,3500.0,44.911027692416155,0,1.2831722197833189
PR010369,2026/04/29,MANDI034,Mustard,6487.21,5650.0,837.21,0,14.81787610619469
PR006573,17-Apr-2026,MANDI033,REQUIRES_INVESTIGATION,2217.06,2183.0,34.059999999999945,0,1.5602382043059984
PR009573,2026-08-11,MANDI027,REQUIRES_INVESTIGATION,2058.74,2183.0,-124.26000000000022,1,-5.69216674301421
PR009650,27/07/2026,MANDI006,Wheat,2465.45,2275.0,190.44999999999982,0,8.371428571428563
PR004831,2026-06-19,MANDI007,Mustard,5426.0,5650.0,-224.0,1,-3.9646017699115044
PR008287,2026-03-01,MANDI016,Mustard,5339.71,5650.0,-310.28999999999996,1,-5.491858407079645
PR003974,24.05.2026,MANDI026,REQUIRES_INVESTIGATION,2160.83,2183.0,-22.170000000000073,1,-1.0155748969308325
PR002061,06-09-2026,MANDI054,REQUIRES_INVESTIGATION,5409.0,5650.0,-241.0,1,-4.265486725663717
PR004354,06-17-2026,MANDI027,REQUIRES_INVESTIGATION,2306.0,2183.0,123.0,0,5.634448007329363
PR005128,09/02/2026,,Corn,1924.27,2090.0,-165.73000000000002,1,-7.929665071770335
PR008687,2026-04-23,MANDI046,Mustard,5884.83,5650.0,234.82999999999993,0,4.1562831858407066
PR000868,06-28-2026,MANDI031,Sugarcane,3857.48,3500.0,357.48,0,10.213714285714286
PR002490,13/02/2026,,Paddy,2325.28,2183.0,142.2800000000002,0,6.517636280348153
PR010365,02-01-2026,MANDI033,REQUIRES_INVESTIGATION,2162.95,2090.0,72.94999999999982,0,3.4904306220095602
PR010822,23/08/2026,MANDI011,REQUIRES_INVESTIGATION,6086.33,5650.0,436.3299999999999,0,7.722654867256636
PR008833,01/01/2026,MANDI009,Corn,1944.77,2090.0,-145.23000000000002,1,-6.948803827751197
PR006382,2026/08/20,,Mustard,5489.0,5650.0,-161.0,1,-2.849557522123894
PR008387,2026-02-22,MANDI030,Sugarcane,3282.67,3500.0,-217.32999999999993,1,-6.209428571428569
PR011093,05-Sep-2026,,Cotton,6072.0,6620.0,-548.0,1,-8.277945619335348
PR000383,08-Aug-2026,MANDI020,REQUIRES_INVESTIGATION,2274.94,2090.0,184.94000000000005,0,8.8488038277512
PR005053,23/05/2026,MANDI024,Wheat,2191.78,2275.0,-83.2199999999998,1,-3.658021978021969
PR008796,21.04.2026,MANDI002,Mustard,5256.39,5650.0,-393.6099999999997,1,-6.966548672566366
PR000760,2026-05-26,MANDI045,Paddy,1982.0,2183.0,-201.0,1,-9.207512597343106
PR006549,2026-08-06,,Sugarcane,3263.0,3500.0,-237.0,1,-6.771428571428571
PR000402,19-Jul-2026,MANDI011,Cotton,6755.92,6620.0,135.92000000000007,0,2.0531722054380674
PR009755,10.07.2026,MANDI048,Mustard,5922.43,5650.0,272.4300000000003,0,4.82176991150443
PR004952,23/03/2026,MANDI046,Corn,1909.976077483709,2090.0,-180.0239225162909,1,-8.613584809391908
PR007228,03-30-2026,MANDI053,Mustard,5180.29,5650.0,-469.71000000000004,1,-8.313451327433627
PR011630,2026/03/16,MANDI041,REQUIRES_INVESTIGATION,2370.88,2183.0,187.8800000000001,0,8.606504809894645
PR006061,01-11-2026,MANDI049,REQUIRES_INVESTIGATION,2095.8,2183.0,-87.19999999999982,1,-3.994502977553817
PR007189,03/04/2026,MANDI028,REQUIRES_INVESTIGATION,2350.18,2183.0,167.17999999999984,0,7.658268437929447
PR010032,2026-07-22,MANDI001,Wheat,2494.95,2275.0,219.94999999999982,0,9.66813186813186
PR002147,16/03/2026,MANDI041,Cotton,6386.0,6620.0,-234.0,1,-3.5347432024169185
PR001857,2026-03-15,MANDI026,Mustard,5201.33,5650.0,-448.6700000000001,1,-7.941061946902655
PR001304,30/06/2026,MANDI001,Cotton,6439.15,6620.0,-180.85000000000036,1,-2.731873111782483
PR000407,28.06.2026,MANDI013,REQUIRES_INVESTIGATION,2072.318339900732,2183.0,-110.6816600992679,1,-5.070163082879885
PR004389,03-16-2026,MANDI047,REQUIRES_INVESTIGATION,5471.7,5650.0,-178.30000000000018,1,-3.1557522123893835
PR011951,25-Aug-2026,MANDI009,Mustard,6046.0,5650.0,396.0,0,7.008849557522123
PR004671,2026-06-01,,Wheat,2408.25,2275.0,133.25,0,5.857142857142858
PR010964,11-May-2026,MANDI003,Cotton,6721.92,6620.0,101.92000000000007,0,1.5395770392749257
PR008840,2026-04-06,MANDI049,Cotton,6925.68,6620.0,305.6800000000003,0,4.617522658610277
PR009210,23.07.2026,MANDI022,REQUIRES_INVESTIGATION,2149.0,2183.0,-34.0,1,-1.5574896930829134
PR006783,04-10-2026,MANDI050,Corn,1981.773075954723,2090.0,-108.22692404527697,1,-5.178321724654401
PR007843,22.02.2026,MANDI050,Wheat,2177.43,2275.0,-97.57000000000016,1,-4.288791208791216
PR005862,14.06.2026,MANDI056,Mustard,5009.21,5650.0,-640.79,1,-11.34141592920354
PR001038,2026/01/27,MANDI051,Cotton,6617.41,6620.0,-2.5900000000001455,1,-0.0391238670694886
PR008723,2026/02/03,MANDI023,Cotton,6133.21,6620.0,-486.78999999999996,1,-7.353323262839878
PR003345,15/08/2026,MANDI023,Mustard,5649.59,5650.0,-0.4099999999998545,1,-0.007256637168139017
PR003762,18-Apr-2026,MANDI006,Cotton,7285.05,6620.0,665.0500000000002,0,10.046072507552871
PR010642,2026/05/20,MANDI025,Sugarcane,3481.33,3500.0,-18.670000000000073,1,-0.5334285714285735
PR000177,15.07.2026,MANDI026,REQUIRES_INVESTIGATION,3672.544761309944,3500.0,172.54476130994408,0,4.929850323141259
PR011048,07-11-2026,MANDI029,Paddy,2145.368355162389,2183.0,-37.63164483761102,1,-1.7238499696569412
PR003136,14/01/2026,MANDI001,Mustard,5439.21,5650.0,-210.78999999999996,1,-3.7307964601769905
PR000313,29/06/2026,MANDI028,Corn,2272.12,2090.0,182.1199999999999,0,8.71387559808612
PR011698,18.02.2026,MANDI006,REQUIRES_INVESTIGATION,3596.42,3500.0,96.42000000000007,0,2.754857142857145
PR000582,31/01/2026,MANDI006,Corn,2278.65,2090.0,188.6500000000001,0,9.026315789473689
PR001987,11/02/2026,MANDI021,REQUIRES_INVESTIGATION,3487.73,3500.0,-12.269999999999982,1,-0.35057142857142803
PR004496,05/06/2026,MANDI056,Cotton,6380.88,6620.0,-239.1199999999999,1,-3.6120845921450138
PR006395,2026/09/04,MANDI051,Corn,2173.0,2090.0,83.0,0,3.971291866028708
PR009505,2026/05/12,MANDI041,REQUIRES_INVESTIGATION,2257.0,2183.0,74.0,0,3.389830508474576
PR000161,2026-08-06,MANDI047,Cotton,6449.74,6620.0,-170.26000000000022,1,-2.5719033232628434
PR010115,2026-03-23,MANDI017,REQUIRES_INVESTIGATION,2331.16,2090.0,241.15999999999985,0,11.538755980861238
PR003610,2026-04-04,MANDI005,REQUIRES_INVESTIGATION,3590.86,3500.0,90.86000000000013,0,2.5960000000000036
PR007462,13/06/2026,MANDI002,Wheat,2191.1883653905525,2275.0,-83.81163460944754,1,-3.6840278949207708
PR002805,2026/04/26,MANDI010,Sugarcane,3220.27,3500.0,-279.73,1,-7.992285714285714
PR000046,26-Mar-2026,,Cotton,7486.72,6620.0,866.7200000000003,0,13.092447129909369
PR007429,13.05.2026,MANDI043,Mustard,5150.4,5650.0,-499.60000000000036,1,-8.842477876106202
PR000786,2026-02-06,MANDI054,Mustard,6145.468648447529,5650.0,495.4686484475287,0,8.769356609690773
PR008265,08-23-2026,MANDI040,Mustard,6053.71,5650.0,403.71000000000004,0,7.145309734513275
PR000766,19-May-2026,,Cotton,7595.35,6620.0,975.3500000000004,0,14.73338368580061
PR011303,07-12-2026,MANDI035,Mustard,5680.59,5650.0,30.590000000000146,0,0.5414159292035423
PR008729,10/03/2026,MANDI053,Mustard,5916.0,5650.0,266.0,0,4.707964601769912
PR001573,17-May-2026,MANDI048,Paddy,2326.13,2183.0,143.1300000000001,0,6.556573522675222
PR005595,16/04/2026,MANDI042,Wheat,2384.0,2275.0,109.0,0,4.791208791208791
PR009535,01-13-2026,MANDI045,Sugarcane,3549.22,3500.0,49.2199999999998,0,1.4062857142857086
PR002117,11-Jun-2026,MANDI028,REQUIRES_INVESTIGATION,2139.0,2090.0,49.0,0,2.3444976076555024
PR000315,06-21-2026,MANDI016,Cotton,6206.27,6620.0,-413.72999999999956,1,-6.249697885196368
PR000684,2026-05-26,MANDI036,Wheat,2520.3485676096034,2275.0,245.34856760960338,0,10.784552422400148
PR010796,2026/06/22,MANDI045,Mustard,6105.0,5650.0,455.0,0,8.053097345132745
PR002451,22.05.2026,MANDI032,Wheat,2048.39,2275.0,-226.61000000000013,1,-9.960879120879126
PR010698,02-Jul-2026,MANDI029,REQUIRES_INVESTIGATION,2251.586308118241,2183.0,68.58630811824105,0,3.1418372935520402
PR000206,04-02-2026,MANDI036,Cotton,7257.49,6620.0,637.4899999999998,0,9.629758308157097
PR006746,18.04.2026,MANDI012,Mustard,5853.99,5650.0,203.98999999999978,0,3.610442477876102
PR001322,2026-08-19,,REQUIRES_INVESTIGATION,6193.95,5650.0,543.9499999999998,0,9.627433628318581
PR002113,04-06-2026,MANDI023,REQUIRES_INVESTIGATION,1993.388681763794,2183.0,-189.611318236206,1,-8.685813936610444
PR006489,10/06/2026,MANDI028,Paddy,2216.57,2183.0,33.570000000000164,0,1.5377920293174605
PR007124,2026/04/15,MANDI003,Paddy,1975.33,2183.0,-207.67000000000007,1,-9.51305542830967
PR003102,2026-05-04,,REQUIRES_INVESTIGATION,3308.04,3500.0,-191.96000000000004,1,-5.48457142857143
PR011161,2026/02/05,MANDI018,Mustard,6262.56,5650.0,612.5600000000004,0,10.841769911504432
PR003593,18/05/2026,MANDI052,Sugarcane,3142.62,3500.0,-357.3800000000001,1,-10.210857142857147
PR004946,2026-04-24,MANDI044,Sugarcane,3411.13,3500.0,-88.86999999999989,1,-2.539142857142854
PR006615,14.06.2026,MANDI020,Mustard,6111.06,5650.0,461.0600000000004,0,8.160353982300892
PR005039,21/04/2026,MANDI012,REQUIRES_INVESTIGATION,2234.21,2183.0,51.210000000000036,0,2.345854328905178
PR006134,19.01.2026,MANDI022,Mustard,6160.92,5650.0,510.9200000000001,0,9.042831858407082
PR010898,13-Jan-2026,MANDI053,Paddy,2121.0,2183.0,-62.0,1,-2.840128263857077
PR008127,24/01/2026,MANDI053,Cotton,7257.68,6620.0,637.6800000000003,0,9.632628398791546
PR000175,2026-06-14,MANDI051,Wheat,2533.0,2275.0,258.0,0,11.340659340659341
PR008706,2026/02/06,MANDI005,Wheat,2404.0,2275.0,129.0,0,5.670329670329671
PR010226,2026/02/02,MANDI050,Corn,1899.57,2090.0,-190.43000000000006,1,-9.11148325358852
PR010327,04-Feb-2026,MANDI046,Cotton,6544.93,6620.0,-75.06999999999971,1,-1.1339879154078505
PR010098,18-Apr-2026,MANDI032,Sugarcane,3291.67,3500.0,-208.32999999999993,1,-5.952285714285712
PR004225,05-04-2026,MANDI040,REQUIRES_INVESTIGATION,2185.95,2183.0,2.949999999999818,0,0.1351351351351268
PR008543,2026-03-29,MANDI052,Sugarcane,3821.1706496940224,3500.0,321.17064969402236,0,9.176304276972068
PR010411,29.03.2026,,REQUIRES_INVESTIGATION,1981.29,2090.0,-108.71000000000004,1,-5.201435406698566
PR009873,2026-04-15,MANDI047,Wheat,2392.7336664829472,2275.0,117.73366648294723,0,5.175106219030647
PR000649,02-15-2026,MANDI003,Mustard,5797.77,5650.0,147.77000000000044,0,2.6153982300885033
PR010569,12/01/2026,MANDI007,Cotton,6829.404753384242,6620.0,209.4047533842422,0,3.1632137973450485
PR009711,05-20-2026,MANDI029,Corn,2258.66,2090.0,168.65999999999985,0,8.069856459330136
PR003917,26.04.2026,MANDI048,Paddy,2274.0,2183.0,91.0,0,4.168575355016033
PR007516,19/02/2026,MANDI055,Paddy,1978.28,2183.0,-204.72000000000003,1,-9.377920293174531
PR006876,2026-06-03,MANDI057,Paddy,2374.0,2183.0,191.0,0,8.749427393495191
PR010893,2026-06-08,MANDI052,Wheat,2301.58,2275.0,26.579999999999927,0,1.1683516483516452
PR008296,04-04-2026,MANDI025,Mustard,5391.31,5650.0,-258.6899999999996,1,-4.5785840707964525
PR000726,2026/07/07,,Sugarcane,3421.5310600030343,3500.0,-78.46893999696567,1,-2.241969714199019
PR008597,31.08.2026,MANDI007,Mustard,5256.78,5650.0,-393.22000000000025,1,-6.95964601769912
PR006986,2026/08/11,,Paddy,1992.17,2183.0,-190.82999999999993,1,-8.741639945029773
PR008672,06-19-2026,MANDI019,Cotton,7168.88,6620.0,548.8800000000001,0,8.291238670694865
PR007991,05/07/2026,MANDI053,REQUIRES_INVESTIGATION,1920.0,2090.0,-170.0,1,-8.133971291866029
PR006155,2026/07/13,MANDI008,Cotton,6665.52,6620.0,45.52000000000044,0,0.6876132930513661
PR000133,31.05.2026,MANDI017,Cotton,7133.42,6620.0,513.4200000000001,0,7.755589123867071
PR004159,25/01/2026,MANDI045,Mustard,5081.69,5650.0,-568.3100000000004,1,-10.058584070796467
PR007637,07-28-2026,MANDI026,Wheat,2221.07,2275.0,-53.929999999999836,1,-2.3705494505494435
PR000374,23-Feb-2026,MANDI019,REQUIRES_INVESTIGATION,2384.69,2090.0,294.69000000000005,0,14.100000000000001
PR011286,11.01.2026,MANDI024,Wheat,2091.13,2275.0,-183.8699999999999,1,-8.082197802197797
PR003734,2026/05/28,MANDI018,REQUIRES_INVESTIGATION,3503.93,3500.0,3.9299999999998363,0,0.1122857142857096
PR010867,05-27-2026,MANDI025,Mustard,5190.147248937994,5650.0,-459.85275106200606,1,-8.138986744460285
PR004771,21.04.2026,MANDI055,Wheat,2201.43,2275.0,-73.57000000000016,1,-3.233846153846161
PR001226,2026-04-14,MANDI045,Cotton,6212.62,6620.0,-407.3800000000001,1,-6.153776435045319
PR003594,2026-06-13,MANDI013,Wheat,2180.48,2275.0,-94.51999999999998,1,-4.154725274725274
PR001349,04-28-2026,MANDI046,Mustard,5986.26,5650.0,336.2600000000002,0,5.951504424778765
PR008427,2026-03-24,MANDI026,REQUIRES_INVESTIGATION,2176.0,2090.0,86.0,0,4.114832535885168
PR009968,19-Aug-2026,MANDI024,Cotton,6630.32,6620.0,10.319999999999709,0,0.15589123867069046
PR008100,08-04-2026,MANDI007,Mustard,5419.0,5650.0,-231.0,1,-4.088495575221239
PR009003,2026-06-10,MANDI042,Wheat,2428.0,2275.0,153.0,0,6.725274725274725
PR011139,07-09-2026,MANDI029,Sugarcane,3833.0,3500.0,333.0,0,9.514285714285714
PR001868,08-Jan-2026,MANDI027,REQUIRES_INVESTIGATION,3362.0,3500.0,-138.0,1,-3.942857142857143
PR005202,02-17-2026,MANDI031,Mustard,5537.0,5650.0,-113.0,1,-2.0
PR000781,2026/06/04,MANDI009,Sugarcane,3372.9,3500.0,-127.09999999999991,1,-3.631428571428569
PR007560,2026-05-09,MANDI021,Sugarcane,3590.0,3500.0,90.0,0,2.571428571428571
PR001001,2026/08/25,MANDI008,Paddy,2553.14,2183.0,370.1399999999999,0,16.955565735226745
PR005682,2026-01-30,MANDI036,Corn,2022.29,2090.0,-67.71000000000004,1,-3.239712918660289
PR009688,12/01/2026,MANDI027,Mustard,5126.19,5650.0,-523.8100000000004,1,-9.27097345132744
PR011654,21-Aug-2026,MANDI025,REQUIRES_INVESTIGATION,2087.2,2183.0,-95.80000000000018,1,-4.38845625286304
PR005538,08/02/2026,MANDI027,Corn,1978.33,2090.0,-111.67000000000007,1,-5.3430622009569415
PR002502,2026-09-02,MANDI047,REQUIRES_INVESTIGATION,2187.22,2090.0,97.2199999999998,0,4.651674641148316
PR003587,2026-07-11,MANDI048,Cotton,6065.849129155291,6620.0,-554.1508708447091,1,-8.370859076204065
PR003542,07/05/2026,MANDI038,Wheat,2135.22,2275.0,-139.7800000000002,1,-6.144175824175833
PR011164,10.01.2026,MANDI047,Wheat,2295.15,2275.0,20.15000000000009,0,0.8857142857142897
PR009722,07-11-2026,MANDI018,REQUIRES_INVESTIGATION,3879.83,3500.0,379.8299999999999,0,10.852285714285712
PR011409,25.03.2026,MANDI023,Cotton,6326.28,6620.0,-293.72000000000025,1,-4.4368580060423
PR001511,07.04.2026,MANDI038,REQUIRES_INVESTIGATION,1930.5,2090.0,-159.5,1,-7.631578947368421
PR006815,14.04.2026,MANDI048,Corn,1892.1,2090.0,-197.9000000000001,1,-9.468899521531105
PR001806,03-14-2026,MANDI057,Wheat,2059.15,2275.0,-215.8499999999999,1,-9.487912087912084
PR002683,01-18-2026,MANDI049,Corn,2117.49,2090.0,27.48999999999978,0,1.3153110047846786
PR008025,01-07-2026,,Mustard,6358.0,5650.0,708.0,0,12.530973451327435
PR008071,23.08.2026,MANDI026,REQUIRES_INVESTIGATION,2146.0,2183.0,-37.0,1,-1.694915254237288
PR010880,2026-05-03,MANDI007,Mustard,6260.41,5650.0,610.4099999999999,0,10.803716814159289
PR009500,23/01/2026,MANDI001,Mustard,6036.83,5650.0,386.8299999999999,0,6.84654867256637
PR003064,13/01/2026,MANDI005,Mustard,6276.32,5650.0,626.3199999999997,0,11.08530973451327
PR002480,04.02.2026,MANDI049,Wheat,2295.0,2275.0,20.0,0,0.8791208791208791
PR010525,27/04/2026,MANDI053,REQUIRES_INVESTIGATION,2395.94,2090.0,305.94000000000005,0,14.638277511961725
PR007324,05-06-2026,MANDI035,Wheat,2033.74,2275.0,-241.26,1,-10.604835164835166
PR008886,2026/05/27,MANDI032,Mustard,5234.79,5650.0,-415.21000000000004,1,-7.348849557522125
PR004096,09-Jul-2026,MANDI006,REQUIRES_INVESTIGATION,3454.44,3500.0,-45.559999999999945,1,-1.3017142857142843
PR005444,07-Feb-2026,MANDI038,Sugarcane,3466.0,3500.0,-34.0,1,-0.9714285714285713
PR009104,12-May-2026,MANDI014,Cotton,6884.95975132869,6620.0,264.9597513286899,0,4.002413162064801
PR008855,05-23-2026,MANDI019,REQUIRES_INVESTIGATION,2285.46,2090.0,195.46000000000004,0,9.35215311004785
PR003444,14/07/2026,MANDI052,Cotton,7075.19,6620.0,455.1899999999996,0,6.875981873111776
PR001574,15-May-2026,MANDI015,Paddy,2403.51,2183.0,220.51000000000022,0,10.101236830050398
PR004007,2026-01-11,MANDI018,Wheat,2414.49,2275.0,139.48999999999978,0,6.131428571428562
PR009140,01/07/2026,MANDI042,Sugarcane,3744.92,3500.0,244.92000000000007,0,6.997714285714288
PR007890,20.04.2026,MANDI005,Sugarcane,3305.68,3500.0,-194.32000000000016,1,-5.552000000000005
PR006250,2026/08/13,MANDI031,REQUIRES_INVESTIGATION,2308.39,2183.0,125.38999999999987,0,5.743930371049009
PR007338,29-Jul-2026,MANDI021,REQUIRES_INVESTIGATION,3440.7,3500.0,-59.30000000000018,1,-1.6942857142857193
PR006265,01/05/2026,MANDI047,Cotton,6059.380366149355,6620.0,-560.6196338506452,1,-8.468574529465938
PR009773,08-21-2026,MANDI009,REQUIRES_INVESTIGATION,3282.0,3500.0,-218.0,1,-6.228571428571429
PR002525,30.04.2026,MANDI034,Sugarcane,3915.0,3500.0,415.0,0,11.857142857142858
PR004433,2026/03/03,MANDI015,Corn,2291.0,2090.0,201.0,0,9.617224880382775
PR003614,27/04/2026,MANDI004,Cotton,6853.775377951746,6620.0,233.77537795174612,0,3.531350120117011
PR004110,02-25-2026,MANDI012,Cotton,6249.0,6620.0,-371.0,1,-5.604229607250756
PR008703,06-11-2026,MANDI009,Cotton,6053.0,6620.0,-567.0,1,-8.564954682779456
PR006834,2026/07/04,MANDI027,REQUIRES_INVESTIGATION,2074.67,2183.0,-108.32999999999993,1,-4.962437013284467
PR010063,31-May-2026,MANDI047,Corn,2115.0,2090.0,25.0,0,1.1961722488038278
PR000747,2026-06-16,MANDI053,Corn,2077.78,2090.0,-12.2199999999998,1,-0.5846889952153015
PR009029,05-12-2026,MANDI011,Corn,2161.0,2090.0,71.0,0,3.3971291866028706
PR010922,2026-05-02,MANDI056,Sugarcane,3750.19,3500.0,250.19000000000005,0,7.1482857142857155
PR010681,2026-02-02,MANDI030,Cotton,6366.78,6620.0,-253.22000000000025,1,-3.82507552870091
PR007617,03/09/2026,,Wheat,2543.71,2275.0,268.71000000000004,0,11.811428571428573
PR003399,03-05-2026,,Cotton,7403.83,6620.0,783.8299999999999,0,11.840332326283987
PR010366,06-10-2026,MANDI019,Corn,1913.6,2090.0,-176.4000000000001,1,-8.440191387559812
PR002542,28-Jun-2026,MANDI055,Wheat,2490.93,2275.0,215.92999999999984,0,9.491428571428564
PR007874,15-May-2026,,Sugarcane,3849.18,3500.0,349.17999999999984,0,9.976571428571424
PR008598,13-Jun-2026,MANDI013,Corn,2071.0,2090.0,-19.0,1,-0.9090909090909091
PR007064,2026/01/25,MANDI018,REQUIRES_INVESTIGATION,2045.0,2183.0,-138.0,1,-6.321575813101236
PR006695,2026/02/10,MANDI029,Mustard,5407.18,5650.0,-242.8199999999997,1,-4.297699115044243
PR003030,05.01.2026,MANDI020,Cotton,6262.0,6620.0,-358.0,1,-5.40785498489426
PR009627,2026-05-18,MANDI024,Sugarcane,3915.95,3500.0,415.9499999999998,0,11.88428571428571
PR009758,03/02/2026,MANDI050,Sugarcane,3175.24,3500.0,-324.7600000000002,1,-9.278857142857149
PR002817,12.07.2026,MANDI016,Cotton,6442.24,6620.0,-177.76000000000022,1,-2.6851963746223597
PR005440,05-Aug-2026,MANDI020,Cotton,6630.89,6620.0,10.890000000000327,0,0.16450151057402307
PR001689,2026-04-21,MANDI039,REQUIRES_INVESTIGATION,5260.0,5650.0,-390.0,1,-6.902654867256637
PR004280,2026-04-29,MANDI040,Corn,2032.06,2090.0,-57.940000000000055,1,-2.772248803827754
PR008828,17/03/2026,MANDI018,Wheat,2306.13,2275.0,31.13000000000011,0,1.3683516483516531
PR009796,07-18-2026,MANDI033,Wheat,2165.7,2275.0,-109.30000000000018,1,-4.804395604395612
PR009037,05.09.2026,MANDI003,REQUIRES_INVESTIGATION,1979.7920944320656,2090.0,-110.2079055679344,1,-5.27310552956624
PR007753,17/06/2026,MANDI026,REQUIRES_INVESTIGATION,3220.43,3500.0,-279.57000000000016,1,-7.987714285714291
PR000741,31/05/2026,MANDI005,Mustard,5939.581337721134,5650.0,289.58133772113433,0,5.1253334109935285
PR003560,2026-04-22,MANDI018,REQUIRES_INVESTIGATION,2043.0,2183.0,-140.0,1,-6.41319285387082
PR006588,2026-02-16,MANDI045,Cotton,7068.0,6620.0,448.0,0,6.767371601208459
PR007009,19/02/2026,MANDI048,REQUIRES_INVESTIGATION,2134.97,2183.0,-48.0300000000002,1,-2.2001832340815484
PR008536,2026/07/03,MANDI015,Sugarcane,3156.31,3500.0,-343.69000000000005,1,-9.819714285714287
PR009912,2026/06/19,MANDI036,Cotton,7425.42,6620.0,805.4200000000001,0,12.166465256797585
PR011873,18.04.2026,MANDI055,REQUIRES_INVESTIGATION,1932.42,2090.0,-157.57999999999993,1,-7.539712918660284
PR011735,24/07/2026,MANDI002,Paddy,2304.0,2183.0,121.0,0,5.54283096655978
PR000718,03-01-2026,MANDI011,REQUIRES_INVESTIGATION,2029.37,2090.0,-60.63000000000011,1,-2.900956937799048
PR004530,2026/04/04,MANDI057,REQUIRES_INVESTIGATION,6445.44,5650.0,795.4399999999996,0,14.078584070796454
PR003214,17-Jun-2026,MANDI038,REQUIRES_INVESTIGATION,2315.49,2183.0,132.48999999999978,0,6.069170865781025
PR003194,15-Aug-2026,MANDI044,Cotton,7233.98,6620.0,613.9799999999996,0,9.274622356495462
PR009348,11-May-2026,MANDI030,Mustard,5271.38,5650.0,-378.6199999999999,1,-6.701238938053096
PR005525,01-15-2026,MANDI028,REQUIRES_INVESTIGATION,2198.69,2183.0,15.690000000000055,0,0.7187356848373823
PR009419,2026/04/17,MANDI047,Wheat,2280.65,2275.0,5.650000000000091,0,0.24835164835165235
PR000229,2026/02/21,MANDI050,REQUIRES_INVESTIGATION,2197.55,2183.0,14.550000000000182,0,0.6665139715987257
PR001852,07-Jul-2026,MANDI054,Sugarcane,3755.56,3500.0,255.55999999999995,0,7.301714285714284
PR006234,2026-07-03,MANDI025,Sugarcane,3473.0,3500.0,-27.0,1,-0.7714285714285715
PR006988,08-14-2026,MANDI019,Wheat,2257.0,2275.0,-18.0,1,-0.7912087912087912
PR004524,23/04/2026,MANDI048,Cotton,6512.0,6620.0,-108.0,1,-1.6314199395770395
PR002549,07-12-2026,MANDI034,REQUIRES_INVESTIGATION,2226.14,2183.0,43.13999999999987,0,1.9761795693999027
PR002245,07-Sep-2026,MANDI036,REQUIRES_INVESTIGATION,2399.19,2183.0,216.19000000000005,0,9.903344021988092
PR010295,2026-04-28,MANDI045,Corn,2028.11,2090.0,-61.8900000000001,1,-2.9612440191387606
PR001453,2026-01-19,,Mustard,5809.23,5650.0,159.22999999999956,0,2.8182300884955676
PR011066,2026/05/09,MANDI008,Sugarcane,3497.0,3500.0,-3.0,1,-0.08571428571428572
PR011652,29/08/2026,MANDI006,Corn,2101.19,2090.0,11.190000000000055,0,0.5354066985645959
PR000865,20-Aug-2026,MANDI012,Cotton,6058.675851775299,6620.0,-561.3241482247013,1,-8.479216740554401
PR006015,13/06/2026,MANDI056,Mustard,5576.370211935104,5650.0,-73.62978806489627,1,-1.3031820896441817
PR006543,19.06.2026,MANDI051,Mustard,5465.17,5650.0,-184.82999999999993,1,-3.2713274336283176
PR005858,2026-02-02,MANDI042,Mustard,5452.03,5650.0,-197.97000000000025,1,-3.5038938053097395
PR000739,2026-04-14,MANDI010,Corn,2166.251663165921,2090.0,76.25166316592095,0,3.6484049361684665
PR008007,2026/01/22,MANDI013,REQUIRES_INVESTIGATION,2245.0,2183.0,62.0,0,2.840128263857077
PR004363,27/05/2026,MANDI035,REQUIRES_INVESTIGATION,2126.5758600953127,2183.0,-56.42413990468731,1,-2.5847063630182
PR009302,25/08/2026,MANDI036,Mustard,5527.19,5650.0,-122.8100000000004,1,-2.1736283185840777
PR007533,18/03/2026,MANDI050,Wheat,2574.410545664054,2275.0,299.4105456640541,0,13.160903106112269
PR006012,03-04-2026,MANDI044,Sugarcane,3463.25,3500.0,-36.75,1,-1.05
PR001176,2026/05/02,MANDI046,Cotton,7447.940480963256,6620.0,827.940480963256,0,12.506653790985741
PR005532,02-May-2026,MANDI027,Cotton,7012.239741972245,6620.0,392.2397419722447,0,5.925071631000675
PR001747,2026/09/04,MANDI042,Cotton,6638.43,6620.0,18.43000000000029,0,0.2783987915407899
PR007974,01-06-2026,MANDI034,Paddy,2218.9761436632534,2183.0,35.976143663253424,0,1.6480139103643345
PR003985,10.04.2026,MANDI004,Mustard,5438.16,5650.0,-211.84000000000015,1,-3.749380530973454
PR003700,04-Aug-2026,MANDI036,Cotton,6679.12,6620.0,59.11999999999989,0,0.8930513595166146
PR004856,2026-06-11,MANDI020,Cotton,6225.17,6620.0,-394.8299999999999,1,-5.964199395770391
PR003518,09-Jun-2026,MANDI055,Mustard,5585.31,5650.0,-64.6899999999996,1,-1.1449557522123823
PR003620,2026-03-23,MANDI050,REQUIRES_INVESTIGATION,3714.6,3500.0,214.5999999999999,0,6.131428571428569
PR003984,25/01/2026,,Sugarcane,3267.66413784277,3500.0,-232.33586215723017,1,-6.638167490206576
PR010565,04-18-2026,MANDI003,Corn,2236.86,2090.0,146.86000000000013,0,7.0267942583732115
PR000705,04-13-2026,MANDI038,Mustard,6225.8528077937735,5650.0,575.8528077937735,0,10.192085093695107
PR007412,2026-08-11,,Mustard,5960.08,5650.0,310.0799999999999,0,5.4881415929203525
PR000104,28.02.2026,MANDI023,Mustard,5798.99,5650.0,148.98999999999978,0,2.636991150442474
PR006418,2026-05-26,MANDI023,Corn,2282.32,2090.0,192.32000000000016,0,9.201913875598095
PR005516,2026/08/18,MANDI057,Sugarcane,3396.15,3500.0,-103.84999999999991,1,-2.967142857142855
PR006657,2026/02/10,MANDI018,REQUIRES_INVESTIGATION,5342.67,5650.0,-307.3299999999999,1,-5.439469026548672
PR007782,2026/05/17,MANDI056,Mustard,6308.0,5650.0,658.0,0,11.646017699115044
PR008909,2026/02/24,MANDI007,REQUIRES_INVESTIGATION,6570.0,5650.0,920.0,0,16.283185840707965
PR010420,2026/04/17,MANDI013,Cotton,6122.37,6620.0,-497.6300000000001,1,-7.517069486404836
PR008563,2026/03/19,MANDI026,Cotton,6978.0,6620.0,358.0,0,5.40785498489426
PR008502,2026/06/08,,REQUIRES_INVESTIGATION,1933.06,2183.0,-249.94000000000005,1,-11.449381584974807
PR009411,17-Apr-2026,,Corn,2251.74,2090.0,161.73999999999978,0,7.738755980861233
PR001479,03/02/2026,MANDI009,Sugarcane,3586.49,3500.0,86.48999999999978,0,2.471142857142851
PR005426,19.07.2026,MANDI052,Paddy,2340.03,2183.0,157.0300000000002,0,7.193311956023829
PR001482,22.08.2026,MANDI026,Paddy,2547.71,2183.0,364.71000000000004,0,16.706825469537335
PR008227,13/07/2026,MANDI052,Mustard,5479.54,5650.0,-170.46000000000004,1,-3.0169911504424785
PR002837,04/07/2026,,Cotton,6214.16,6620.0,-405.84000000000015,1,-6.130513595166166
PR009621,2026-01-17,MANDI048,REQUIRES_INVESTIGATION,3611.75,3500.0,111.75,0,3.192857142857143
PR010481,05/09/2026,MANDI029,REQUIRES_INVESTIGATION,2064.0,2183.0,-119.0,1,-5.4512139257901975
PR007743,2026-04-12,MANDI018,Cotton,6373.0,6620.0,-247.0,1,-3.731117824773414
PR010096,04-03-2026,MANDI014,Paddy,2055.0,2183.0,-128.0,1,-5.863490609253321
PR000442,2026/02/12,MANDI049,REQUIRES_INVESTIGATION,6325.0,5650.0,675.0,0,11.946902654867257
PR007030,2026-05-30,MANDI016,Cotton,6393.68,6620.0,-226.3199999999997,1,-3.4187311178247692
PR007128,05-17-2026,MANDI042,Paddy,2146.5252322449583,2183.0,-36.47476775504174,1,-1.670855142237368
PR004875,2026/04/09,MANDI021,REQUIRES_INVESTIGATION,2219.35,2183.0,36.34999999999991,0,1.6651397159871695
PR010532,03/08/2026,MANDI022,Corn,2013.62,2090.0,-76.38000000000011,1,-3.6545454545454596
PR008194,2026-02-27,MANDI007,Sugarcane,3864.54,3500.0,364.53999999999996,0,10.41542857142857
PR011783,07-06-2026,MANDI017,Mustard,5372.56,5650.0,-277.4399999999996,1,-4.910442477876099
PR011858,10-Feb-2026,MANDI004,Corn,2041.17,2090.0,-48.82999999999993,1,-2.336363636363633
PR005944,06-Apr-2026,,REQUIRES_INVESTIGATION,2329.0,2183.0,146.0,0,6.68804397617957
PR005739,2026/05/05,MANDI042,Wheat,2185.8,2275.0,-89.19999999999982,1,-3.920879120879113
PR009262,29/08/2026,MANDI006,Corn,2211.61,2090.0,121.61000000000013,0,5.818660287081346
PR000207,2026-07-02,MANDI010,Cotton,6423.88,6620.0,-196.1199999999999,1,-2.9625377643504516
PR011429,06-11-2026,MANDI052,Mustard,5034.88,5650.0,-615.1199999999999,1,-10.887079646017698
PR001305,18-Jun-2026,MANDI025,Corn,1988.0,2090.0,-102.0,1,-4.8803827751196165
PR003220,26.05.2026,MANDI005,Mustard,5365.5,5650.0,-284.5,1,-5.035398230088496
PR010823,2026-04-02,MANDI020,Corn,2114.47,2090.0,24.4699999999998,0,1.170813397129177
PR006121,10-Aug-2026,MANDI023,Wheat,2431.1104930830043,2275.0,156.11049308300426,0,6.86199969595623
PR001901,2026/02/07,MANDI034,Paddy,2354.37,2183.0,171.3699999999999,0,7.8502061383417265
PR006307,2026-05-20,MANDI046,Sugarcane,3383.91,3500.0,-116.09000000000015,1,-3.316857142857147
PR004146,19-Feb-2026,MANDI038,Corn,2243.65,2090.0,153.6500000000001,0,7.35167464114833
PR008629,05.02.2026,MANDI055,REQUIRES_INVESTIGATION,5657.479968939649,5650.0,7.479968939648643,0,0.13238883079024147
PR007806,01-22-2026,MANDI034,Mustard,5886.27,5650.0,236.27000000000044,0,4.181769911504433
PR008832,03-Feb-2026,MANDI017,REQUIRES_INVESTIGATION,2326.93,2090.0,236.92999999999984,0,11.336363636363629
PR011249,2026/04/21,MANDI008,REQUIRES_INVESTIGATION,3679.24,3500.0,179.23999999999978,0,5.121142857142851
PR006023,2026/07/31,MANDI035,REQUIRES_INVESTIGATION,2171.85,2183.0,-11.150000000000091,1,-0.5107650022904302
PR001736,02-06-2026,MANDI009,REQUIRES_INVESTIGATION,2239.2,2090.0,149.19999999999982,0,7.138755980861235
PR008896,08-15-2026,MANDI020,REQUIRES_INVESTIGATION,2098.69,2090.0,8.690000000000055,0,0.41578947368421315
PR007708,29.01.2026,MANDI017,Mustard,6270.1,5650.0,620.1000000000004,0,10.97522123893806
PR011662,2026/01/30,MANDI007,REQUIRES_INVESTIGATION,4063.14,3500.0,563.1399999999999,0,16.089714285714283
PR004533,2026-05-08,MANDI035,Sugarcane,3724.063116545915,3500.0,224.0631165459149,0,6.4018033298832835
PR006895,29.07.2026,MANDI043,Wheat,2475.0,2275.0,200.0,0,8.791208791208792
PR006397,29.05.2026,MANDI011,Paddy,2127.0,2183.0,-56.0,1,-2.565277141548328
PR005246,22-Mar-2026,MANDI005,REQUIRES_INVESTIGATION,2115.23,2183.0,-67.76999999999998,1,-3.104443426477324
PR011703,02/09/2026,MANDI001,Wheat,2377.4209895280173,2275.0,102.42098952801734,0,4.502021517715049
PR009169,27/04/2026,MANDI007,Mustard,6522.02,5650.0,872.0200000000004,0,15.433982300884963
PR010613,14/04/2026,,REQUIRES_INVESTIGATION,3880.06,3500.0,380.05999999999995,0,10.858857142857142
PR000449,08-04-2026,MANDI020,Mustard,6094.0,5650.0,444.0,0,7.858407079646018
PR008514,2026/02/28,MANDI043,Corn,1851.0,2090.0,-239.0,1,-11.435406698564593
PR011031,06-02-2026,MANDI016,Cotton,7662.17,6620.0,1042.17,0,15.742749244712991
PR007438,08-18-2026,MANDI018,REQUIRES_INVESTIGATION,3223.87,3500.0,-276.1300000000001,1,-7.889428571428575
PR009740,2026-01-18,MANDI032,Sugarcane,3515.86,3500.0,15.860000000000127,0,0.4531428571428608
PR007413,04.02.2026,MANDI024,Cotton,6872.0,6620.0,252.0,0,3.8066465256797586
PR001362,2026-08-23,MANDI009,REQUIRES_INVESTIGATION,3683.0,3500.0,183.0,0,5.228571428571429
PR002183,2026-05-19,MANDI002,Cotton,7560.0,6620.0,940.0,0,14.19939577039275
PR010943,05/08/2026,MANDI001,Cotton,7155.42,6620.0,535.4200000000001,0,8.087915407854986
PR000900,12-Mar-2026,MANDI057,Corn,2297.0,2090.0,207.0,0,9.904306220095693
PR008370,03-Jan-2026,MANDI030,REQUIRES_INVESTIGATION,3654.57,3500.0,154.57000000000016,0,4.416285714285719
PR001240,01-Sep-2026,MANDI013,Sugarcane,3328.81756332184,3500.0,-171.18243667815977,1,-4.8909267622331365
PR005583,14-Apr-2026,MANDI013,Mustard,5263.05,5650.0,-386.9499999999998,1,-6.848672566371679
PR008160,2026-03-04,,REQUIRES_INVESTIGATION,2287.3,2183.0,104.30000000000018,0,4.777828676133769
PR005143,09/04/2026,MANDI044,Wheat,2164.44,2275.0,-110.55999999999995,1,-4.859780219780217
PR010090,19/06/2026,MANDI023,Sugarcane,3604.040444184008,3500.0,104.04044418400781,0,2.97258411954308
PR005293,09-Jul-2026,MANDI001,Wheat,2105.999807519711,2275.0,-169.00019248028912,1,-7.428579889243478
PR011872,2026-06-05,MANDI056,Sugarcane,3520.36,3500.0,20.360000000000127,0,0.5817142857142893
PR007058,19-Feb-2026,MANDI007,REQUIRES_INVESTIGATION,2354.83,2090.0,264.8299999999999,0,12.671291866028705
PR010856,03/02/2026,MANDI021,REQUIRES_INVESTIGATION,2215.0,2183.0,32.0,0,1.4658726523133303
PR010395,06.05.2026,MANDI020,REQUIRES_INVESTIGATION,1973.8,2090.0,-116.20000000000005,1,-5.559808612440194
PR000715,28/01/2026,MANDI015,Corn,1961.0,2090.0,-129.0,1,-6.172248803827751
PR001888,23-Jun-2026,,Sugarcane,4022.78,3500.0,522.7800000000002,0,14.936571428571435
PR002427,2026-03-12,MANDI012,Corn,2286.0,2090.0,196.0,0,9.37799043062201
PR000996,2026/03/13,MANDI010,REQUIRES_INVESTIGATION,2285.93,2090.0,195.92999999999984,0,9.37464114832535
PR001388,07-23-2026,MANDI029,Sugarcane,3593.0,3500.0,93.0,0,2.657142857142857
PR003389,14-Jul-2026,MANDI018,Mustard,5357.7,5650.0,-292.3000000000002,1,-5.173451327433631
PR003581,19/08/2026,MANDI055,REQUIRES_INVESTIGATION,2172.66,2183.0,-10.340000000000146,1,-0.47366010077875154
PR009474,2026-01-18,MANDI043,REQUIRES_INVESTIGATION,2047.7442376016663,2183.0,-135.25576239833367,1,-6.195866348984593
PR010791,2026-05-08,MANDI048,Cotton,7640.15,6620.0,1020.1499999999996,0,15.410120845921444
PR010663,25.06.2026,MANDI015,Wheat,2397.41,2275.0,122.40999999999985,0,5.380659340659334
PR008879,12-Aug-2026,MANDI037,REQUIRES_INVESTIGATION,2406.96,2183.0,223.96000000000004,0,10.259276225377922
PR008032,12/05/2026,,Wheat,2319.86,2275.0,44.86000000000013,0,1.9718681318681375
PR000527,02/05/2026,MANDI036,REQUIRES_INVESTIGATION,2260.79,2090.0,170.78999999999996,0,8.171770334928228
PR001062,17.03.2026,MANDI049,Corn,2247.87,2090.0,157.8699999999999,0,7.553588516746407
PR001985,2026-03-19,MANDI011,Mustard,5266.17,5650.0,-383.8299999999999,1,-6.793451327433626
PR009609,25/03/2026,MANDI008,Mustard,6491.08,5650.0,841.0799999999999,0,14.886371681415927
PR011125,12.02.2026,MANDI024,REQUIRES_INVESTIGATION,2000.18,2090.0,-89.81999999999994,1,-4.297607655502389
PR008681,14/03/2026,MANDI025,Paddy,2459.79,2183.0,276.78999999999996,0,12.679340357306456
PR006351,15/01/2026,MANDI022,Corn,2173.51,2090.0,83.51000000000022,0,3.995693779904317
PR003425,29/06/2026,MANDI053,Corn,2262.0,2090.0,172.0,0,8.229665071770336
PR001995,2026/03/15,MANDI017,Sugarcane,3904.0,3500.0,404.0,0,11.542857142857143
PR006416,18.04.2026,MANDI015,Sugarcane,3609.0,3500.0,109.0,0,3.1142857142857143
PR000911,17/02/2026,,Corn,2243.21,2090.0,153.21000000000004,0,7.330622009569379
PR004359,23/06/2026,MANDI026,Sugarcane,3924.0,3500.0,424.0,0,12.114285714285716
PR003836,2026-04-29,MANDI011,Corn,2276.82,2090.0,186.82000000000016,0,8.938755980861252
PR008341,03-Mar-2026,MANDI010,Cotton,5882.83,6620.0,-737.1700000000001,1,-11.135498489425983
PR010120,26/06/2026,MANDI034,REQUIRES_INVESTIGATION,5525.67,5650.0,-124.32999999999993,1,-2.200530973451326
PR003990,2026-02-01,MANDI029,Wheat,2186.8,2275.0,-88.19999999999982,1,-3.876923076923069
PR008208,02-24-2026,MANDI033,Cotton,7116.480501300202,6620.0,496.4805013002024,0,7.499705457706984
PR002092,24/06/2026,MANDI029,REQUIRES_INVESTIGATION,2288.66,2183.0,105.65999999999985,0,4.84012826385707
PR000478,2026-07-22,MANDI042,Corn,2298.0,2090.0,208.0,0,9.952153110047847
PR002215,2026-05-23,,Wheat,2564.44,2275.0,289.44000000000005,0,12.722637362637364
PR010578,09-05-2026,MANDI052,Wheat,2455.25,2275.0,180.25,0,7.923076923076923
PR005894,09/04/2026,MANDI030,Cotton,7068.88,6620.0,448.8800000000001,0,6.780664652567977
PR003732,04.02.2026,MANDI031,Cotton,7167.4,6620.0,547.3999999999996,0,8.26888217522658
PR000743,06-26-2026,,REQUIRES_INVESTIGATION,2401.6512030924177,2183.0,218.65120309241775,0,10.01608809401822
PR004076,22.03.2026,MANDI034,Wheat,2332.04,2275.0,57.039999999999964,0,2.5072527472527457
PR008525,30/07/2026,MANDI052,REQUIRES_INVESTIGATION,2236.74,2090.0,146.73999999999978,0,7.021052631578938
PR010216,01-18-2026,MANDI015,REQUIRES_INVESTIGATION,2079.04,2090.0,-10.960000000000036,1,-0.5244019138755998
PR001426,2026-04-05,MANDI030,Mustard,5894.85,5650.0,244.85000000000036,0,4.333628318584077
PR009905,02-10-2026,MANDI006,Cotton,7385.0,6620.0,765.0,0,11.555891238670695
PR005786,2026-03-17,MANDI015,Sugarcane,3689.0,3500.0,189.0,0,5.4
PR009305,2026/02/16,MANDI015,REQUIRES_INVESTIGATION,2258.0,2183.0,75.0,0,3.435639028859368
PR002447,27/03/2026,MANDI015,Sugarcane,3784.47,3500.0,284.4699999999998,0,8.12771428571428
PR003047,2026-02-11,,Corn,1981.64,2090.0,-108.3599999999999,1,-5.184688995215306
PR000211,2026-06-03,,REQUIRES_INVESTIGATION,3382.09,3500.0,-117.90999999999985,1,-3.3688571428571388
PR010721,04-01-2026,MANDI015,Cotton,7289.0,6620.0,669.0,0,10.105740181268882
PR000488,02-09-2026,MANDI041,Paddy,2065.11,2183.0,-117.88999999999987,1,-5.400366468163073
PR002935,2026-05-28,MANDI014,Wheat,2036.96,2275.0,-238.03999999999996,1,-10.4632967032967
PR007996,19/05/2026,MANDI036,Sugarcane,3398.9,3500.0,-101.09999999999991,1,-2.888571428571426
PR001955,2026-03-07,MANDI023,REQUIRES_INVESTIGATION,2522.6,2183.0,339.5999999999999,0,15.556573522675214
PR001312,09-05-2026,MANDI053,REQUIRES_INVESTIGATION,2086.54,2090.0,-3.4600000000000364,1,-0.1655502392344515
PR000310,03-07-2026,MANDI014,Cotton,7543.91,6620.0,923.9099999999999,0,13.956344410876131
PR007744,07/07/2026,MANDI055,Corn,2035.29,2090.0,-54.710000000000036,1,-2.6177033492822983
PR005709,14-Jan-2026,MANDI001,Sugarcane,3749.19,3500.0,249.19000000000005,0,7.119714285714288
PR006968,2026-06-29,MANDI036,Cotton,6048.55,6620.0,-571.4499999999998,1,-8.6321752265861
PR003995,31/08/2026,MANDI015,Corn,2297.81,2090.0,207.80999999999995,0,9.943062200956936
PR004697,07.09.2026,,Corn,2156.15,2090.0,66.15000000000009,0,3.1650717703349325
PR008484,2026-02-15,MANDI030,Corn,2102.67,2090.0,12.670000000000073,0,0.6062200956937834
PR006713,2026-03-11,MANDI020,Wheat,2077.643367696678,2275.0,-197.35663230332193,1,-8.675016804541622
PR008508,13.01.2026,MANDI016,REQUIRES_INVESTIGATION,2142.0,2183.0,-41.0,1,-1.8781493357764543
PR011154,19-Jan-2026,MANDI033,Mustard,5462.9,5650.0,-187.10000000000036,1,-3.3115044247787675
PR006465,03-06-2026,MANDI019,Sugarcane,4077.19,3500.0,577.19,0,16.49114285714286
PR005343,2026/03/08,MANDI031,Wheat,2405.475298160841,2275.0,130.4752981608408,0,5.735177941135859
PR000189,01-24-2026,MANDI037,Wheat,2401.33,2275.0,126.32999999999993,0,5.55296703296703
PR005647,2026-07-25,MANDI039,Mustard,5976.562912030839,5650.0,326.56291203083856,0,5.779874549218381
PR004170,30-Aug-2026,MANDI027,Paddy,2378.77,2183.0,195.76999999999998,0,8.967934035730645
PR006068,2026/03/22,MANDI009,Sugarcane,3863.74,3500.0,363.7399999999998,0,10.392571428571422
PR001055,03-Jan-2026,MANDI056,Sugarcane,3893.18,3500.0,393.17999999999984,0,11.233714285714282
PR008249,2026-09-07,MANDI009,Wheat,2327.92,2275.0,52.92000000000007,0,2.3261538461538493
PR009250,2026-03-17,MANDI013,Paddy,2179.39,2183.0,-3.6100000000001273,1,-0.1653687585891034
PR005259,14/08/2026,MANDI001,REQUIRES_INVESTIGATION,2339.99,2183.0,156.98999999999978,0,7.191479615208419
PR009181,04/09/2026,,Wheat,2035.0,2275.0,-240.0,1,-10.54945054945055
PR000345,2026/05/26,MANDI046,REQUIRES_INVESTIGATION,2122.0682507842284,2183.0,-60.93174921577156,1,-2.791193276031679
PR001547,04-Apr-2026,MANDI006,REQUIRES_INVESTIGATION,2008.6,2090.0,-81.40000000000009,1,-3.8947368421052673
PR000585,08-28-2026,,Paddy,2033.92,2183.0,-149.07999999999993,1,-6.829134218964724
PR001234,2026-01-02,MANDI031,Cotton,6224.51,6620.0,-395.4899999999998,1,-5.974169184290027
PR008698,18-Feb-2026,MANDI008,Wheat,2157.3171070910457,2275.0,-117.68289290895427,1,-5.1728744135804074
PR011639,2026/02/09,MANDI041,Sugarcane,3654.0,3500.0,154.0,0,4.3999999999999995
PR000778,02-01-2026,MANDI046,Mustard,5444.94,5650.0,-205.0600000000004,1,-3.6293805309734584
PR009308,2026-09-07,MANDI006,Wheat,2086.98,2275.0,-188.01999999999998,1,-8.264615384615384
PR002720,01-14-2026,MANDI030,Mustard,5133.55,5650.0,-516.4499999999998,1,-9.140707964601766
PR000639,11/07/2026,MANDI027,Wheat,2589.12,2275.0,314.1199999999999,0,13.807472527472523
PR001222,08-Feb-2026,MANDI053,Mustard,5864.116654059802,5650.0,214.11665405980239,0,3.7896752930938478
PR010454,24/04/2026,MANDI054,Corn,2019.52,2090.0,-70.48000000000002,1,-3.3722488038277523
PR011780,26-Jun-2026,,Cotton,6809.114749488615,6620.0,189.11474948861542,0,2.8567182702207767
PR003056,27-Mar-2026,MANDI054,Wheat,2299.23,2275.0,24.230000000000018,0,1.065054945054946
PR011531,09/01/2026,MANDI035,Cotton,6113.41,6620.0,-506.59000000000015,1,-7.652416918429006
PR002706,2026/04/10,MANDI053,Mustard,5098.09,5650.0,-551.9099999999999,1,-9.768318584070794
PR001447,2026-03-28,MANDI048,Paddy,2098.0,2183.0,-85.0,1,-3.893724232707284
PR004360,05-Sep-2026,MANDI049,REQUIRES_INVESTIGATION,3990.029116481685,3500.0,490.0291164816849,0,14.000831899476712
PR004199,04-11-2026,MANDI005,Cotton,6837.61463828225,6620.0,217.61463828224987,0,3.2872301855324757
PR001469,20.01.2026,MANDI005,Corn,2015.68,2090.0,-74.31999999999994,1,-3.555980861244016
PR008504,03/05/2026,MANDI042,Sugarcane,3824.98,3500.0,324.98,0,9.285142857142857
PR010585,02/02/2026,,REQUIRES_INVESTIGATION,2247.42,2183.0,64.42000000000007,0,2.9509848831882763
PR007693,08-25-2026,MANDI052,REQUIRES_INVESTIGATION,2238.0887554351743,2183.0,55.088755435174335,0,2.523534376324981
PR009902,02-May-2026,MANDI025,REQUIRES_INVESTIGATION,6098.0,5650.0,448.0,0,7.929203539823009
PR011015,2026-06-09,MANDI044,Paddy,2272.27,2183.0,89.26999999999998,0,4.089326614750343
PR001253,08-14-2026,MANDI055,Wheat,2538.19,2275.0,263.19000000000005,0,11.568791208791211
PR007887,11.04.2026,MANDI048,Wheat,2013.708986476543,2275.0,-261.29101352345697,1,-11.48531927575635
PR002951,06.04.2026,MANDI015,Mustard,6014.93,5650.0,364.9300000000003,0,6.45893805309735
PR011517,01-21-2026,MANDI039,REQUIRES_INVESTIGATION,2028.37,2183.0,-154.6300000000001,1,-7.083371507100325
PR007812,08-01-2026,MANDI050,Corn,2135.68164199338,2090.0,45.6816419933798,0,2.1857244972908996
PR010872,31.07.2026,MANDI018,Paddy,2409.37,2183.0,226.3699999999999,0,10.369674759505262
PR009447,2026/06/09,MANDI053,Wheat,2239.53,2275.0,-35.4699999999998,1,-1.5591208791208704
PR011316,07-03-2026,MANDI027,REQUIRES_INVESTIGATION,2395.32,2183.0,212.32000000000016,0,9.726065048098954
PR000825,19.04.2026,MANDI006,Corn,2031.49,2090.0,-58.50999999999999,1,-2.799521531100478
PR004141,03-24-2026,MANDI018,REQUIRES_INVESTIGATION,2467.0438953450166,2183.0,284.0438953450166,0,13.011630570087798
PR000721,03/07/2026,MANDI031,Corn,2333.08,2090.0,243.07999999999993,0,11.630622009569375
PR001589,04-13-2026,MANDI030,Wheat,2493.5,2275.0,218.5,0,9.604395604395604
PR007978,13-Apr-2026,MANDI056,REQUIRES_INVESTIGATION,3702.04,3500.0,202.03999999999996,0,5.772571428571427
PR008112,05/07/2026,MANDI041,Wheat,2402.0,2275.0,127.0,0,5.582417582417582
PR004883,24.08.2026,MANDI033,Cotton,6635.24,6620.0,15.239999999999782,0,0.23021148036253447
PR001114,27.03.2026,MANDI052,Wheat,2508.0,2275.0,233.0,0,10.241758241758243
PR001883,2026-07-13,,Corn,2036.4,2090.0,-53.59999999999991,1,-2.5645933014354023
PR011613,29.04.2026,MANDI036,Cotton,6680.05,6620.0,60.05000000000018,0,0.9070996978851992
PR005217,22/03/2026,MANDI036,REQUIRES_INVESTIGATION,2356.3,2183.0,173.30000000000018,0,7.9386165826843875
PR011473,24/08/2026,MANDI021,Wheat,2465.32,2275.0,190.32000000000016,0,8.365714285714294
PR004580,07/08/2026,MANDI005,Cotton,6358.43,6620.0,-261.5699999999997,1,-3.951208459214497
PR001254,2026/08/13,MANDI034,Paddy,2228.83,2183.0,45.82999999999993,0,2.0994044892349946
PR002137,15/02/2026,MANDI003,Paddy,2085.574883590212,2183.0,-97.42511640978819,1,-4.462900431048475
PR007395,2026/07/22,MANDI021,Corn,2306.0,2090.0,216.0,0,10.334928229665072
PR006730,05-10-2026,MANDI021,REQUIRES_INVESTIGATION,2353.0,2090.0,263.0,0,12.583732057416269
PR008642,05-07-2026,,Wheat,2402.78,2275.0,127.7800000000002,0,5.616703296703306
PR007147,06-10-2026,MANDI010,Wheat,2561.0,2275.0,286.0,0,12.571428571428573
PR000620,17-Aug-2026,MANDI053,REQUIRES_INVESTIGATION,2238.77,2090.0,148.76999999999998,0,7.118181818181818
PR004068,27/01/2026,MANDI052,Paddy,2302.4926528794317,2183.0,119.49265287943172,0,5.473781625260271
PR004516,29/08/2026,MANDI011,Corn,1971.73,2090.0,-118.26999999999998,1,-5.658851674641148
PR003695,2026-02-13,MANDI001,REQUIRES_INVESTIGATION,2384.39,2183.0,201.38999999999987,0,9.22537792029317
PR004960,05-23-2026,,Sugarcane,3657.0,3500.0,157.0,0,4.485714285714286
PR003674,06/07/2026,MANDI007,Corn,2168.74,2090.0,78.73999999999978,0,3.7674641148325256
PR008459,2026-03-13,MANDI013,Mustard,6273.1,5650.0,623.1000000000004,0,11.028318584070803
PR007409,17.05.2026,MANDI055,Cotton,6592.0,6620.0,-28.0,1,-0.4229607250755287
PR007850,2026-08-04,MANDI018,Paddy,2106.0,2183.0,-77.0,1,-3.5272560696289506
PR009759,04-05-2026,MANDI026,Cotton,7020.93,6620.0,400.9300000000003,0,6.056344410876138
PR005688,16-Jan-2026,MANDI025,Wheat,2210.13,2275.0,-64.86999999999989,1,-2.8514285714285665
PR007256,14/06/2026,MANDI026,Wheat,2197.03,2275.0,-77.9699999999998,1,-3.427252747252738
PR004249,21-Jan-2026,MANDI039,Sugarcane,3785.0,3500.0,285.0,0,8.142857142857144
PR011854,2026-02-22,MANDI007,Wheat,2292.95,2275.0,17.949999999999818,0,0.789010989010981
PR011080,03-Mar-2026,MANDI010,Mustard,6100.47,5650.0,450.47000000000025,0,7.972920353982306
PR005169,2026-02-01,MANDI001,Corn,2293.0,2090.0,203.0,0,9.712918660287082
PR011324,24/07/2026,MANDI010,Wheat,1997.0,2275.0,-278.0,1,-12.21978021978022
PR009428,09-Mar-2026,MANDI025,Cotton,6546.44,6620.0,-73.5600000000004,1,-1.111178247734145
PR002318,30.08.2026,MANDI009,Cotton,7525.0,6620.0,905.0,0,13.670694864048338
PR006691,2026-01-05,,Corn,2042.0,2090.0,-48.0,1,-2.2966507177033493
PR002083,2026-02-19,MANDI030,REQUIRES_INVESTIGATION,2217.8,2183.0,34.80000000000018,0,1.5941365093907551
PR011929,03/01/2026,MANDI027,Cotton,6604.563591265893,6620.0,-15.436408734107317,1,-0.23317837966929483
PR002745,2026/05/28,,Corn,2219.0,2090.0,129.0,0,6.172248803827751
PR006240,04.08.2026,MANDI051,Cotton,6926.65,6620.0,306.64999999999964,0,4.632175226586098
PR000848,2026-02-05,MANDI030,Cotton,7085.54,6620.0,465.53999999999996,0,7.032326283987915
PR001609,24-Jan-2026,MANDI034,Corn,2385.0,2090.0,295.0,0,14.114832535885165
PR004604,24/06/2026,MANDI054,Sugarcane,3760.31,3500.0,260.30999999999995,0,7.43742857142857
PR011039,02-08-2026,,Wheat,2447.0,2275.0,172.0,0,7.560439560439561
PR007051,14.06.2026,MANDI030,Sugarcane,3570.16,3500.0,70.15999999999985,0,2.0045714285714245
PR006506,2026/06/12,MANDI004,REQUIRES_INVESTIGATION,3172.14,3500.0,-327.8600000000001,1,-9.367428571428576
PR003652,30/04/2026,MANDI020,Cotton,7328.41,6620.0,708.4099999999999,0,10.701057401812687
PR002224,02-19-2026,MANDI002,Mustard,5417.78,5650.0,-232.22000000000025,1,-4.110088495575226
PR001608,01-Mar-2026,MANDI024,Sugarcane,3939.0,3500.0,439.0,0,12.542857142857141
PR001890,2026/07/02,MANDI028,Wheat,2091.41,2275.0,-183.59000000000015,1,-8.069890109890117
PR002980,2026-07-29,,Mustard,6016.6169968719205,5650.0,366.6169968719205,0,6.488796404812752
PR009252,2026-04-30,MANDI029,Corn,2091.1,2090.0,1.099999999999909,0,0.052631578947364074
PR009242,05/09/2026,MANDI045,Cotton,7642.12,6620.0,1022.1199999999999,0,15.439879154078548
PR010582,2026-09-07,MANDI056,Mustard,5859.0,5650.0,209.0,0,3.6991150442477876
PR005452,11-Aug-2026,MANDI008,Paddy,2140.3,2183.0,-42.69999999999982,1,-1.9560238204305918
PR003549,2026-02-25,MANDI054,Cotton,6419.0,6620.0,-201.0,1,-3.0362537764350455
PR007355,11.03.2026,MANDI053,Cotton,7092.18,6620.0,472.1800000000003,0,7.132628398791545
PR011501,2026/08/05,MANDI031,Cotton,6634.810684331878,6620.0,14.810684331878292,0,0.2237263494241434
PR007714,2026-02-11,MANDI053,REQUIRES_INVESTIGATION,2417.6895421918025,2183.0,234.6895421918025,0,10.750780677590587
PR000673,08-28-2026,MANDI005,Wheat,2157.89,2275.0,-117.11000000000013,1,-5.147692307692314
PR009955,16-Aug-2026,MANDI031,Cotton,7321.0,6620.0,701.0,0,10.589123867069485
PR003795,18/04/2026,MANDI002,REQUIRES_INVESTIGATION,2157.5346924841106,2090.0,67.53469248411056,0,3.23132499923974
PR006227,21/03/2026,,REQUIRES_INVESTIGATION,2356.832867383795,2183.0,173.83286738379502,0,7.9630264490973435
PR000344,11/07/2026,MANDI017,Cotton,6840.0,6620.0,220.0,0,3.3232628398791544
PR008586,11-Jul-2026,MANDI029,Sugarcane,3888.0,3500.0,388.0,0,11.085714285714285
PR003410,03-Jun-2026,,Cotton,6714.0,6620.0,94.0,0,1.4199395770392749
PR006487,17-Jun-2026,MANDI026,Sugarcane,3606.92,3500.0,106.92000000000007,0,3.054857142857145
PR000123,07.02.2026,MANDI022,Cotton,6637.26,6620.0,17.26000000000022,0,0.26072507552870416
PR007386,02/07/2026,MANDI042,Sugarcane,3240.5752921261874,3500.0,-259.4247078738126,1,-7.412134510680361
PR002737,02-28-2026,,Corn,2331.23,2090.0,241.23000000000002,0,11.542105263157895
PR003659,16-Jun-2026,MANDI040,REQUIRES_INVESTIGATION,6070.59,5650.0,420.59000000000015,0,7.4440707964601796
PR000803,10-Jan-2026,MANDI010,REQUIRES_INVESTIGATION,1912.3,2090.0,-177.70000000000005,1,-8.50239234449761
PR011518,11-Jul-2026,MANDI027,Cotton,6531.0,6620.0,-89.0,1,-1.3444108761329305
PR001446,11.05.2026,MANDI018,Wheat,2312.0,2275.0,37.0,0,1.6263736263736264
PR001880,2026-02-25,MANDI008,Sugarcane,3572.0,3500.0,72.0,0,2.057142857142857
PR006356,01/03/2026,MANDI022,Wheat,2107.59,2275.0,-167.40999999999985,1,-7.358681318681312
PR010902,12/07/2026,MANDI018,Mustard,6318.03,5650.0,668.0299999999997,0,11.823539823008845
PR004759,15.04.2026,MANDI041,Cotton,6829.09,6620.0,209.09000000000015,0,3.1584592145015127
PR003528,16/03/2026,MANDI026,Corn,1991.13,2090.0,-98.86999999999989,1,-4.730622009569372
PR011194,16-May-2026,MANDI035,Cotton,6335.2,6620.0,-284.8000000000002,1,-4.30211480362538
PR009194,03-17-2026,MANDI018,REQUIRES_INVESTIGATION,2053.29,2090.0,-36.710000000000036,1,-1.7564593301435425
PR001940,07-09-2026,MANDI004,Sugarcane,3290.44,3500.0,-209.55999999999995,1,-5.98742857142857
PR011760,06-24-2026,MANDI037,Wheat,2351.0,2275.0,76.0,0,3.3406593406593412
PR011127,21.06.2026,MANDI020,REQUIRES_INVESTIGATION,3736.95,3500.0,236.94999999999982,0,6.769999999999995
PR009199,2026-02-14,MANDI047,Paddy,2384.52,2183.0,201.51999999999998,0,9.231333027943196
PR008878,2026-08-30,MANDI033,Mustard,6427.610161822227,5650.0,777.6101618222274,0,13.763011713667742
PR010816,15-Jul-2026,MANDI029,Cotton,7406.0,6620.0,786.0,0,11.873111782477341
PR007623,21.02.2026,,Wheat,2160.42,2275.0,-114.57999999999993,1,-5.036483516483513
PR005837,08-01-2026,MANDI032,Mustard,5470.55,5650.0,-179.44999999999982,1,-3.1761061946902625
PR007935,2026/05/23,MANDI009,Wheat,2203.67,2275.0,-71.32999999999993,1,-3.135384615384612
PR008785,2026/02/12,MANDI048,REQUIRES_INVESTIGATION,3835.19,3500.0,335.19000000000005,0,9.576857142857143
PR009853,2026/05/11,MANDI057,Mustard,5855.55,5650.0,205.55000000000018,0,3.638053097345136
PR009838,05-Mar-2026,MANDI033,Cotton,6515.481696875984,6620.0,-104.5183031240158,1,-1.5788263311784865
PR008136,2026/08/25,MANDI008,Paddy,2453.0,2183.0,270.0,0,12.368300503893725
PR011049,01-23-2026,MANDI009,Corn,2019.6,2090.0,-70.40000000000009,1,-3.368421052631583
PR008151,2026/04/02,MANDI021,REQUIRES_INVESTIGATION,5390.0,5650.0,-260.0,1,-4.601769911504425
PR009147,2026-08-12,MANDI039,Wheat,2125.0,2275.0,-150.0,1,-6.593406593406594
PR003849,01/08/2026,MANDI032,Corn,1946.95,2090.0,-143.04999999999995,1,-6.844497607655501
PR005378,17.04.2026,MANDI016,Cotton,6112.7618412174015,6620.0,-507.2381587825985,1,-7.662207836595143
PR009145,27/02/2026,MANDI002,REQUIRES_INVESTIGATION,3520.34,3500.0,20.340000000000146,0,0.5811428571428613
PR011718,2026-03-14,MANDI012,Wheat,2403.65,2275.0,128.6500000000001,0,5.654945054945059
PR011331,2026/08/14,MANDI031,REQUIRES_INVESTIGATION,2359.76,2183.0,176.76000000000022,0,8.097114063215768
PR005248,12/04/2026,MANDI008,REQUIRES_INVESTIGATION,5396.86,5650.0,-253.14000000000033,1,-4.48035398230089
PR008538,04/01/2026,MANDI054,Cotton,7147.99,6620.0,527.9899999999998,0,7.975679758308154
PR005267,17-Jun-2026,MANDI054,Cotton,6636.0,6620.0,16.0,0,0.2416918429003021
PR007459,2026-07-20,MANDI003,Sugarcane,3454.76,3500.0,-45.23999999999978,1,-1.2925714285714223
PR003951,2026-04-24,,REQUIRES_INVESTIGATION,2354.75,2183.0,171.75,0,7.867613376087952
PR005117,06-11-2026,MANDI046,Paddy,2390.76,2183.0,207.76000000000022,0,9.517178195144307
PR000598,2026/08/02,MANDI052,Sugarcane,3874.65,3500.0,374.6500000000001,0,10.704285714285717
PR004220,2026/04/08,MANDI008,Wheat,2275.12,2275.0,0.11999999999989086,0,0.005274725274720477
PR011078,01-26-2026,MANDI018,Cotton,7117.1,6620.0,497.10000000000036,0,7.509063444108767
PR001884,2026/07/25,MANDI034,Cotton,7480.0,6620.0,860.0,0,12.990936555891238
PR006725,2026-03-17,MANDI008,REQUIRES_INVESTIGATION,2304.31,2090.0,214.30999999999995,0,10.254066985645931
PR011277,01.07.2026,MANDI019,REQUIRES_INVESTIGATION,1940.0,2183.0,-243.0,1,-11.131470453504352
PR007435,2026-02-09,MANDI004,Wheat,2241.0,2275.0,-34.0,1,-1.4945054945054945
PR004444,04-Mar-2026,MANDI021,Paddy,2355.0,2183.0,172.0,0,7.87906550618415
PR006561,04-21-2026,,Wheat,2415.0,2275.0,140.0,0,6.153846153846154
PR010619,07-24-2026,,Cotton,6885.54,6620.0,265.53999999999996,0,4.011178247734139
PR008497,2026/07/13,MANDI003,Cotton,6486.7,6620.0,-133.30000000000018,1,-2.0135951661631446
PR009322,2026-01-29,MANDI004,Cotton,6079.76,6620.0,-540.2399999999998,1,-8.160725075528697
PR005495,07-04-2026,MANDI037,Paddy,1973.73,2183.0,-209.26999999999998,1,-9.58634906092533
PR000749,01-14-2026,MANDI031,Corn,2046.0,2090.0,-44.0,1,-2.1052631578947367
PR004548,09/04/2026,MANDI046,Wheat,2223.33,2275.0,-51.67000000000007,1,-2.2712087912087946
PR005061,2026-03-13,MANDI002,Paddy,2042.8293940353508,2183.0,-140.1706059646492,1,-6.4210080606802205
PR011443,10/01/2026,MANDI041,REQUIRES_INVESTIGATION,2051.0,2090.0,-39.0,1,-1.8660287081339715
PR004464,22/05/2026,MANDI029,Cotton,6432.55,6620.0,-187.44999999999982,1,-2.831570996978849
PR004365,21-Feb-2026,MANDI013,Corn,1960.76,2090.0,-129.24,1,-6.183732057416268
PR011692,08-Sep-2026,MANDI052,Wheat,2296.58,2275.0,21.579999999999927,0,0.9485714285714254
PR002084,08-31-2026,MANDI022,Cotton,6577.79,6620.0,-42.210000000000036,1,-0.63761329305136
PR001494,01-Jul-2026,,Wheat,2333.051855503203,2275.0,58.051855503203114,0,2.5517299122287085
PR001828,10/08/2026,MANDI036,Wheat,2091.06,2275.0,-183.94000000000005,1,-8.085274725274727
PR006995,2026-07-04,MANDI032,REQUIRES_INVESTIGATION,3323.85,3500.0,-176.1500000000001,1,-5.032857142857146
PR000811,07-17-2026,MANDI016,Wheat,2529.88,2275.0,254.8800000000001,0,11.20351648351649
PR004473,13/02/2026,MANDI054,Paddy,2095.08,2183.0,-87.92000000000007,1,-4.027485112230878
PR011933,2026/03/29,MANDI046,REQUIRES_INVESTIGATION,2300.0,2090.0,210.0,0,10.047846889952153
PR005782,2026/06/04,MANDI010,Cotton,6778.17,6620.0,158.17000000000007,0,2.3892749244713003
PR005092,11-May-2026,MANDI050,Wheat,2551.0,2275.0,276.0,0,12.131868131868131
PR002653,18/04/2026,MANDI030,Wheat,2376.3267705795365,2275.0,101.32677057953651,0,4.453923981518089
PR004899,03.01.2026,MANDI047,Mustard,5860.44,5650.0,210.4399999999996,0,3.7246017699114975
PR011731,2026-08-02,MANDI014,Cotton,7336.54,6620.0,716.54,0,10.823867069486404
PR006806,08-20-2026,MANDI040,REQUIRES_INVESTIGATION,1974.54,2090.0,-115.46000000000004,1,-5.5244019138756
PR001282,01-Jan-2026,MANDI033,REQUIRES_INVESTIGATION,2316.0,2183.0,133.0,0,6.092533211177279
PR005765,2026-03-04,MANDI003,Wheat,2352.2,2275.0,77.19999999999982,0,3.3934065934065853
PR004136,13.08.2026,MANDI024,REQUIRES_INVESTIGATION,2146.5,2090.0,56.5,0,2.7033492822966507
PR005602,07-30-2026,MANDI052,Paddy,2015.69,2183.0,-167.30999999999995,1,-7.664223545579476
PR003238,29/08/2026,MANDI037,Sugarcane,3964.0,3500.0,464.0,0,13.257142857142856
PR004424,2026-07-27,MANDI035,Sugarcane,3698.35,3500.0,198.3499999999999,0,5.667142857142855
PR001560,2026-03-05,MANDI040,Mustard,5521.36,5650.0,-128.64000000000033,1,-2.2768141592920412
PR002194,2026-04-26,MANDI019,REQUIRES_INVESTIGATION,3627.0,3500.0,127.0,0,3.628571428571428
PR004154,30-Jun-2026,,Cotton,7474.960552865923,6620.0,854.9605528659231,0,12.914811976826632
PR010594,27.04.2026,MANDI026,REQUIRES_INVESTIGATION,5583.88,5650.0,-66.11999999999989,1,-1.1702654867256617
PR001992,12/08/2026,MANDI010,Paddy,2170.99,2183.0,-12.010000000000218,1,-0.5501603298213568
PR009016,05-01-2026,,Wheat,2557.5272179590247,2275.0,282.5272179590247,0,12.418778811385701
PR004214,2026/05/01,MANDI057,Wheat,2053.56,2275.0,-221.44000000000005,1,-9.733626373626377
PR006172,2026-07-24,MANDI009,Corn,2075.0,2090.0,-15.0,1,-0.7177033492822966
PR008223,2026/04/22,MANDI052,Paddy,2446.27,2183.0,263.27,0,12.060009161704075
PR008984,2026/05/25,,Sugarcane,3371.688203307087,3500.0,-128.31179669291305,1,-3.66605133408323
PR002558,21-Jan-2026,MANDI030,Cotton,6347.53,6620.0,-272.47000000000025,1,-4.115861027190336
PR007540,04.01.2026,MANDI031,Cotton,7191.25,6620.0,571.25,0,8.629154078549849
PR003140,03-11-2026,MANDI055,Mustard,5846.427531034507,5650.0,196.4275310345074,0,3.476593469637299
PR010043,05-27-2026,MANDI028,Corn,1970.71,2090.0,-119.28999999999996,1,-5.707655502392343
PR007897,2026-07-24,MANDI048,Mustard,5207.95,5650.0,-442.0500000000002,1,-7.823893805309738
PR009468,16-Jun-2026,MANDI057,Mustard,5253.0,5650.0,-397.0,1,-7.0265486725663715
PR011394,03-Jun-2026,MANDI006,Sugarcane,3419.28,3500.0,-80.7199999999998,1,-2.3062857142857087
PR005024,18.05.2026,MANDI023,Mustard,5761.27,5650.0,111.27000000000044,0,1.969380530973459
PR010286,02-11-2026,MANDI039,Wheat,2469.21,2275.0,194.21000000000004,0,8.536703296703298
PR008667,01.02.2026,MANDI008,Sugarcane,3539.44,3500.0,39.440000000000055,0,1.1268571428571443
PR006135,2026-06-12,MANDI044,Paddy,2362.62,2183.0,179.6199999999999,0,8.228126431516257
PR004677,03/02/2026,MANDI041,Wheat,2186.03,2275.0,-88.9699999999998,1,-3.9107692307692217
PR002822,2026-01-18,MANDI027,Wheat,2151.53,2275.0,-123.4699999999998,1,-5.427252747252739
PR004700,28/02/2026,MANDI053,Corn,2246.74,2090.0,156.73999999999978,0,7.499521531100468
PR010730,05/04/2026,MANDI029,Cotton,6140.15,6620.0,-479.85000000000036,1,-7.248489425981878
PR005657,06-20-2026,MANDI022,Cotton,6168.0,6620.0,-452.0,1,-6.827794561933535
PR000799,2026/07/28,MANDI022,Mustard,5607.66,5650.0,-42.340000000000146,1,-0.7493805309734539
PR002856,2026-06-04,,REQUIRES_INVESTIGATION,2056.55,2090.0,-33.44999999999982,1,-1.6004784688995128
PR003746,19/03/2026,MANDI041,Corn,2316.45,2090.0,226.44999999999982,0,10.834928229665062
PR001647,27/01/2026,MANDI024,REQUIRES_INVESTIGATION,2446.0,2183.0,263.0,0,12.047640861200183
PR008090,03-31-2026,MANDI035,Sugarcane,3319.0,3500.0,-181.0,1,-5.171428571428571
PR010829,2026/03/03,MANDI052,Sugarcane,3556.48,3500.0,56.48000000000002,0,1.6137142857142863
PR002693,2026/04/06,MANDI032,Wheat,2407.22,2275.0,132.2199999999998,0,5.811868131868123
PR010033,2026/04/12,MANDI036,REQUIRES_INVESTIGATION,2200.0,2183.0,17.0,0,0.7787448465414567
PR008283,01-12-2026,,Corn,2376.0,2090.0,286.0,0,13.684210526315791
PR007910,14-Jan-2026,MANDI021,Mustard,5497.07,5650.0,-152.9300000000003,1,-2.7067256637168193
PR005809,04-10-2026,MANDI006,Cotton,6587.81,6620.0,-32.1899999999996,1,-0.4862537764350393
PR007300,18/04/2026,MANDI038,REQUIRES_INVESTIGATION,1942.38,2090.0,-147.6199999999999,1,-7.063157894736836
PR007116,01-Apr-2026,MANDI049,Corn,2321.42,2090.0,231.42000000000007,0,11.072727272727276
PR001313,27/06/2026,MANDI048,REQUIRES_INVESTIGATION,2324.9400487752578,2183.0,141.94004877525776,0,6.502063617739704
PR008002,29/04/2026,MANDI010,Sugarcane,3471.0849138980343,3500.0,-28.9150861019657,1,-0.82614531719902
PR010978,13-Jul-2026,,Wheat,2159.55,2275.0,-115.44999999999982,1,-5.074725274725267
PR006499,25/06/2026,MANDI004,REQUIRES_INVESTIGATION,2031.6,2090.0,-58.40000000000009,1,-2.794258373205746
PR009560,26-Mar-2026,,Corn,2054.0186609883017,2090.0,-35.98133901169831,1,-1.7215951680238424
PR006576,2026/03/20,MANDI041,Cotton,7039.58,6620.0,419.5799999999999,0,6.338066465256796
PR008118,20-Feb-2026,MANDI002,Sugarcane,3514.35,3500.0,14.349999999999909,0,0.4099999999999974
PR009915,2026-07-30,MANDI016,REQUIRES_INVESTIGATION,5508.16,5650.0,-141.84000000000015,1,-2.5104424778761087
PR007918,2026/05/05,MANDI045,Cotton,6681.07,6620.0,61.06999999999971,0,0.9225075528700862
PR001943,20.05.2026,MANDI032,Wheat,2519.235294837771,2275.0,244.2352948377711,0,10.735617355506424
PR009157,2026-05-02,MANDI047,REQUIRES_INVESTIGATION,2091.15,2183.0,-91.84999999999991,1,-4.207512597343102
PR000722,11-Jan-2026,MANDI001,Sugarcane,3631.02,3500.0,131.01999999999998,0,3.7434285714285713
PR007202,02-Jul-2026,MANDI056,Corn,2268.86,2090.0,178.86000000000013,0,8.557894736842112
PR004331,03/05/2026,MANDI040,Sugarcane,3292.91,3500.0,-207.09000000000015,1,-5.916857142857148
PR008171,12/07/2026,MANDI004,Paddy,2103.35,2183.0,-79.65000000000009,1,-3.648648648648653
PR009289,14/04/2026,MANDI055,Cotton,6481.59,6620.0,-138.40999999999985,1,-2.090785498489424
PR005230,05-27-2026,MANDI056,REQUIRES_INVESTIGATION,6150.36,5650.0,500.3599999999997,0,8.855929203539818
PR001862,15.02.2026,MANDI016,REQUIRES_INVESTIGATION,5602.93,5650.0,-47.06999999999971,1,-0.8330973451327381
PR006215,2026/08/28,MANDI022,Sugarcane,3827.5561022703578,3500.0,327.55610227035777,0,9.358745779153079
PR010605,15.02.2026,MANDI009,REQUIRES_INVESTIGATION,3741.82,3500.0,241.82000000000016,0,6.909142857142863
PR003891,2026-03-31,MANDI051,Cotton,7048.39,6620.0,428.3900000000003,0,6.471148036253781
PR001552,10/08/2026,MANDI043,Wheat,2271.85,2275.0,-3.150000000000091,1,-0.13846153846154247
PR004234,19.01.2026,MANDI003,Cotton,6922.0,6620.0,302.0,0,4.561933534743202
PR011857,01-Aug-2026,MANDI042,Corn,2032.88,2090.0,-57.11999999999989,1,-2.7330143540669805
PR011456,06-26-2026,MANDI037,Sugarcane,3924.04,3500.0,424.03999999999996,0,12.11542857142857
PR007626,2026-03-03,MANDI047,REQUIRES_INVESTIGATION,3293.07,3500.0,-206.92999999999984,1,-5.9122857142857095
PR010012,2026-01-05,MANDI017,Paddy,2135.87,2183.0,-47.13000000000011,1,-2.1589555657352317
PR002101,08/06/2026,,REQUIRES_INVESTIGATION,3453.46,3500.0,-46.539999999999964,1,-1.3297142857142845
PR009931,2026-07-19,MANDI003,REQUIRES_INVESTIGATION,3193.45,3500.0,-306.5500000000002,1,-8.758571428571434
PR003907,07/04/2026,MANDI003,Mustard,5551.46,5650.0,-98.53999999999996,1,-1.7440707964601763
PR006157,2026-07-21,MANDI030,REQUIRES_INVESTIGATION,5366.32,5650.0,-283.6800000000003,1,-5.0208849557522175
PR007985,14/07/2026,MANDI010,Cotton,6442.09,6620.0,-177.90999999999985,1,-2.6874622356495443
PR000270,11-Jun-2026,MANDI003,Cotton,6734.69,6620.0,114.6899999999996,0,1.732477341389722
PR009568,09.08.2026,,Corn,1879.55,2090.0,-210.45000000000005,1,-10.069377990430624
PR002150,12-Mar-2026,MANDI046,Wheat,2444.04,2275.0,169.03999999999996,0,7.430329670329669
PR005273,02-03-2026,MANDI020,Paddy,2191.24,2183.0,8.239999999999782,0,0.37746220797067254
PR001066,08.05.2026,MANDI021,Sugarcane,3619.01,3500.0,119.01000000000022,0,3.40028571428572
PR003848,02-Jun-2026,MANDI023,Sugarcane,3832.0,3500.0,332.0,0,9.485714285714286
PR002274,11-Mar-2026,,REQUIRES_INVESTIGATION,3887.03,3500.0,387.0300000000002,0,11.058000000000005
PR011984,08-06-2026,MANDI018,Corn,2333.59,2090.0,243.59000000000015,0,11.655023923444983
PR009354,2026-04-27,MANDI015,Mustard,4941.90529763399,5650.0,-708.0947023660101,1,-12.53264959939841
PR000147,14-May-2026,MANDI032,Mustard,6063.67,5650.0,413.6700000000001,0,7.321592920353984
PR005227,2026-05-10,MANDI002,Mustard,5981.0,5650.0,331.0,0,5.8584070796460175
PR000518,01-22-2026,MANDI027,Wheat,2454.0,2275.0,179.0,0,7.868131868131869
PR002211,29.04.2026,MANDI026,REQUIRES_INVESTIGATION,1868.0,2090.0,-222.0,1,-10.62200956937799
PR008638,12/04/2026,MANDI053,REQUIRES_INVESTIGATION,2230.68,2183.0,47.679999999999836,0,2.1841502519468547
PR001249,05-18-2026,MANDI026,Paddy,2141.64,2183.0,-41.36000000000013,1,-1.8946404031149853
PR011824,30/08/2026,MANDI055,REQUIRES_INVESTIGATION,2429.18,2183.0,246.17999999999984,0,11.277141548327982
PR004101,02-22-2026,MANDI046,REQUIRES_INVESTIGATION,2107.69,2183.0,-75.30999999999995,1,-3.4498396701786502
PR004798,2026/02/15,MANDI046,Mustard,5544.56,5650.0,-105.4399999999996,1,-1.8661946902654796
PR008943,26/08/2026,MANDI031,Cotton,6699.318618889554,6620.0,79.31861888955427,0,1.198166448482693
PR007797,10-Jan-2026,MANDI013,Sugarcane,3339.59,3500.0,-160.40999999999985,1,-4.583142857142853
PR010905,2026-05-06,MANDI026,Corn,2303.0,2090.0,213.0,0,10.191387559808613
PR005292,2026-04-02,MANDI026,Paddy,2136.0,2183.0,-47.0,1,-2.153000458085204
PR004210,06-Jul-2026,,Wheat,2325.11,2275.0,50.11000000000013,0,2.2026373626373683
PR000943,2026-05-22,MANDI052,Wheat,2219.27,2275.0,-55.73000000000002,1,-2.4496703296703304
PR004756,17-Apr-2026,MANDI042,REQUIRES_INVESTIGATION,5897.0,5650.0,247.0,0,4.371681415929204
PR011876,2026/03/09,MANDI040,Sugarcane,3484.31,3500.0,-15.690000000000055,1,-0.44828571428571584
PR003660,06.07.2026,MANDI050,Cotton,6622.24,6620.0,2.2399999999997817,0,0.033836858006039
PR005298,06/07/2026,MANDI051,Wheat,2399.39,2275.0,124.38999999999987,0,5.467692307692302
PR000569,28.05.2026,,Mustard,5735.73,5650.0,85.72999999999956,0,1.5173451327433551
PR004340,2026/07/24,MANDI040,Wheat,2342.53,2275.0,67.5300000000002,0,2.968351648351657
PR002636,2026-07-19,MANDI013,Paddy,2323.05,2183.0,140.05000000000018,0,6.415483279890068
PR005542,03-13-2026,MANDI039,Mustard,5133.0,5650.0,-517.0,1,-9.150442477876105
PR010792,20/08/2026,MANDI026,REQUIRES_INVESTIGATION,5561.78,5650.0,-88.22000000000025,1,-1.5614159292035443
PR008412,2026-08-03,MANDI025,Paddy,2067.0,2183.0,-116.0,1,-5.313788364635822
PR005958,2026-08-17,MANDI022,Wheat,2067.36,2275.0,-207.63999999999987,1,-9.12703296703296
PR011615,27-Jun-2026,MANDI049,REQUIRES_INVESTIGATION,2135.0,2183.0,-48.0,1,-2.1988089784699953
PR010951,28/06/2026,MANDI005,Paddy,2260.0,2183.0,77.0,0,3.5272560696289506
PR001009,2026-01-29,,Corn,2303.67,2090.0,213.67000000000007,0,10.223444976076559
PR008925,22/05/2026,MANDI022,REQUIRES_INVESTIGATION,1932.0,2090.0,-158.0,1,-7.559808612440191
PR000417,16.02.2026,MANDI025,Cotton,7159.8,6620.0,539.8000000000002,0,8.154078549848945
PR005368,10/03/2026,MANDI018,Wheat,2126.47,2275.0,-148.5300000000002,1,-6.528791208791218
PR008465,2026/07/18,,Cotton,7182.8,6620.0,562.8000000000002,0,8.50151057401813
PR000158,2026-05-25,MANDI036,Corn,2322.0,2090.0,232.0,0,11.10047846889952
PR011968,2026-06-25,MANDI057,REQUIRES_INVESTIGATION,2313.34,2183.0,130.34000000000015,0,5.97068254695374
PR005697,08-May-2026,MANDI010,Mustard,5909.63,5650.0,259.6300000000001,0,4.595221238938055
PR008065,2026/06/08,MANDI024,Mustard,5810.02,5650.0,160.02000000000044,0,2.8322123893805387
PR000755,2026/06/30,,Mustard,5815.57,5650.0,165.5699999999997,0,2.930442477876101
PR001029,28-Jan-2026,MANDI032,REQUIRES_INVESTIGATION,3266.5,3500.0,-233.5,1,-6.671428571428571
PR001233,19.08.2026,MANDI041,REQUIRES_INVESTIGATION,3289.43,3500.0,-210.57000000000016,1,-6.016285714285719
PR010390,31.08.2026,MANDI010,REQUIRES_INVESTIGATION,2274.92,2183.0,91.92000000000007,0,4.2107191937700446
PR010056,07-18-2026,MANDI032,REQUIRES_INVESTIGATION,2270.06,2183.0,87.05999999999995,0,3.9880897846999517
PR007492,02-May-2026,MANDI057,Paddy,2021.25,2183.0,-161.75,1,-7.409528172240036
PR006146,15/03/2026,MANDI005,REQUIRES_INVESTIGATION,2416.09,2183.0,233.09000000000015,0,10.677508016491075
PR006341,02-11-2026,MANDI023,Cotton,7007.72,6620.0,387.72000000000025,0,5.856797583081575
PR010075,2026-07-19,MANDI055,REQUIRES_INVESTIGATION,2489.0740460348197,2183.0,306.07404603481973,0,14.020799177041674
PR006531,2026-03-29,MANDI034,Wheat,2324.82,2275.0,49.820000000000164,0,2.189890109890117
PR000174,09-05-2026,MANDI015,REQUIRES_INVESTIGATION,2019.0,2090.0,-71.0,1,-3.3971291866028706
PR006164,2026-03-13,MANDI001,REQUIRES_INVESTIGATION,2119.0,2090.0,29.0,0,1.38755980861244
PR010041,02/02/2026,MANDI028,Corn,1864.32,2090.0,-225.68000000000006,1,-10.798086124401916
PR008099,13/03/2026,MANDI036,Cotton,7652.15,6620.0,1032.1499999999996,0,15.591389728096672
PR007601,2026-03-07,MANDI007,REQUIRES_INVESTIGATION,2066.78,2183.0,-116.2199999999998,1,-5.323866239120467
PR003739,01/06/2026,MANDI044,Sugarcane,3454.77,3500.0,-45.23000000000002,1,-1.2922857142857147
PR003588,09.05.2026,MANDI005,Paddy,2139.41,2183.0,-43.590000000000146,1,-1.9967934035730712
PR007397,2026-06-03,MANDI048,REQUIRES_INVESTIGATION,1938.0,2090.0,-152.0,1,-7.2727272727272725
PR011961,02/01/2026,MANDI018,Corn,2107.94,2090.0,17.940000000000055,0,0.8583732057416295
PR009598,2026-07-20,MANDI046,REQUIRES_INVESTIGATION,2017.23784599666,2090.0,-72.7621540033399,1,-3.481442775279421
PR006893,06-07-2026,MANDI050,Mustard,5363.67,5650.0,-286.3299999999999,1,-5.067787610619467
PR006047,13.04.2026,MANDI047,Cotton,6322.33,6620.0,-297.6700000000001,1,-4.496525679758309
PR010785,19.02.2026,MANDI032,Sugarcane,3865.5,3500.0,365.5,0,10.442857142857143
PR008233,05-17-2026,MANDI049,Corn,1998.34,2090.0,-91.66000000000008,1,-4.385645933014358
PR001651,04/04/2026,MANDI039,Cotton,7206.0,6620.0,586.0,0,8.851963746223564
PR007940,2026-09-02,MANDI041,Mustard,5235.408676976227,5650.0,-414.59132302377293,1,-7.337899522544654
PR006937,09-Mar-2026,MANDI029,Corn,2233.0,2090.0,143.0,0,6.842105263157896
PR003401,2026-03-29,MANDI026,Wheat,2473.0,2275.0,198.0,0,8.703296703296704
PR006605,2026/02/01,MANDI039,Wheat,2244.93,2275.0,-30.070000000000164,1,-1.321758241758249
PR000252,2026-02-23,,Mustard,6494.397463587753,5650.0,844.397463587753,0,14.945087851110673
PR011011,19/01/2026,MANDI018,REQUIRES_INVESTIGATION,2202.31,2183.0,19.309999999999945,0,0.8845625286303227
PR006726,23.02.2026,MANDI039,REQUIRES_INVESTIGATION,2261.29,2090.0,171.28999999999996,0,8.195693779904305
PR010908,29-Jan-2026,MANDI048,Paddy,2096.77,2183.0,-86.23000000000002,1,-3.950068712780578
PR004546,2026-07-08,MANDI030,REQUIRES_INVESTIGATION,6333.14,5650.0,683.1400000000003,0,12.09097345132744
PR004216,2026-04-04,MANDI032,Cotton,6786.814039585832,6620.0,166.81403958583178,0,2.5198495405714767
PR011898,16/01/2026,MANDI044,Corn,2122.3,2090.0,32.30000000000018,0,1.5454545454545543
PR003761,03-01-2026,,Corn,2016.86,2090.0,-73.1400000000001,1,-3.499521531100483
PR000355,09/04/2026,MANDI015,Sugarcane,3856.73,3500.0,356.73,0,10.192285714285715
PR001139,09-May-2026,,Wheat,2055.0,2275.0,-220.0,1,-9.670329670329672
PR010768,05-23-2026,MANDI040,REQUIRES_INVESTIGATION,5281.35,5650.0,-368.64999999999964,1,-6.52477876106194
PR005060,05-Feb-2026,MANDI012,Cotton,7587.95,6620.0,967.9499999999998,0,14.62160120845921
PR003647,2026/01/23,MANDI029,Wheat,2163.0,2275.0,-112.0,1,-4.923076923076923
PR011635,20/05/2026,MANDI003,Corn,2255.0,2090.0,165.0,0,7.894736842105263
PR009103,18.03.2026,MANDI025,Wheat,2615.321019972532,2275.0,340.3210199725322,0,14.95916571307834
PR001156,24.03.2026,MANDI009,Mustard,6104.17,5650.0,454.1700000000001,0,8.038407079646019
PR006665,01-21-2026,MANDI040,REQUIRES_INVESTIGATION,3662.29,3500.0,162.28999999999996,0,4.636857142857142
PR010691,21/08/2026,,Sugarcane,3583.0,3500.0,83.0,0,2.3714285714285714
PR008313,17/04/2026,MANDI057,REQUIRES_INVESTIGATION,2253.63,2183.0,70.63000000000011,0,3.2354557947778333
PR008779,05/04/2026,MANDI009,Corn,2102.58,2090.0,12.579999999999927,0,0.6019138755980826
PR000168,15/05/2026,,REQUIRES_INVESTIGATION,2345.37,2183.0,162.3699999999999,0,7.437929454878603
PR011633,04-17-2026,MANDI057,Cotton,7463.38,6620.0,843.3800000000001,0,12.739879154078551
PR008664,15.04.2026,MANDI022,Wheat,2255.0,2275.0,-20.0,1,-0.8791208791208791
PR005546,2026/04/05,MANDI051,REQUIRES_INVESTIGATION,2040.15,2090.0,-49.84999999999991,1,-2.3851674641148284
PR004046,23.02.2026,MANDI004,Sugarcane,3539.809957302685,3500.0,39.80995730268478,0,1.1374273515052795
PR006283,09-Sep-2026,MANDI056,Corn,2253.74,2090.0,163.73999999999978,0,7.83444976076554
PR002770,2026-05-16,MANDI046,Wheat,2507.62,2275.0,232.6199999999999,0,10.22505494505494
PR008116,24-Jan-2026,MANDI035,REQUIRES_INVESTIGATION,4060.0,3500.0,560.0,0,16.0
PR002862,2026-07-14,MANDI041,REQUIRES_INVESTIGATION,1950.0,2090.0,-140.0,1,-6.698564593301436
PR011199,01-06-2026,MANDI025,Cotton,7062.36,6620.0,442.3599999999997,0,6.682175226586098
PR002534,2026-05-26,MANDI011,Wheat,2137.0,2275.0,-138.0,1,-6.065934065934066
PR009910,2026/03/08,MANDI009,Paddy,2155.6,2183.0,-27.40000000000009,1,-1.2551534585432933
PR006204,31-Mar-2026,MANDI021,Cotton,6505.0,6620.0,-115.0,1,-1.7371601208459215
PR001173,04.09.2026,MANDI022,Mustard,5532.58,5650.0,-117.42000000000007,1,-2.0782300884955767
PR010653,12.08.2026,MANDI006,Corn,2049.68,2090.0,-40.320000000000164,1,-1.929186602870821
PR008696,02.05.2026,MANDI057,Wheat,2005.08,2275.0,-269.9200000000001,1,-11.864615384615387
PR010914,2026/01/10,MANDI005,Sugarcane,3766.18,3500.0,266.17999999999984,0,7.605142857142852
PR002818,2026/01/22,,REQUIRES_INVESTIGATION,2052.7,2090.0,-37.30000000000018,1,-1.7846889952153198
PR005768,2026-02-01,MANDI019,Mustard,5315.88,5650.0,-334.1199999999999,1,-5.913628318584069
PR003804,02-Feb-2026,MANDI048,Sugarcane,3655.2,3500.0,155.19999999999982,0,4.43428571428571
PR000759,2026-07-06,MANDI017,Cotton,6252.67,6620.0,-367.3299999999999,1,-5.548791540785497
PR011022,01/07/2026,MANDI046,Sugarcane,3477.12,3500.0,-22.88000000000011,1,-0.6537142857142888
PR008251,06-27-2026,MANDI047,Corn,2131.37,2090.0,41.36999999999989,0,1.979425837320569
PR007994,2026/04/13,MANDI045,Cotton,7409.11,6620.0,789.1099999999997,0,11.920090634441083
PR003387,11.01.2026,,Sugarcane,4055.69,3500.0,555.69,0,15.876857142857146
PR010149,16/08/2026,MANDI053,Wheat,2124.31,2275.0,-150.69000000000005,1,-6.623736263736266
PR000165,2026/04/04,MANDI029,Sugarcane,3351.0,3500.0,-149.0,1,-4.257142857142857
PR011813,2026/02/02,MANDI029,REQUIRES_INVESTIGATION,1909.0,2090.0,-181.0,1,-8.660287081339712
PR003885,07.05.2026,MANDI040,Sugarcane,3531.0,3500.0,31.0,0,0.8857142857142857
PR011729,03.06.2026,MANDI036,Paddy,2401.68,2183.0,218.67999999999984,0,10.017407237746214
PR001674,2026/05/14,MANDI037,Cotton,7498.0,6620.0,878.0,0,13.262839879154079
PR010720,28/01/2026,MANDI010,REQUIRES_INVESTIGATION,2485.0,2183.0,302.0,0,13.834173156207056
PR008478,03.06.2026,MANDI022,Wheat,2576.89,2275.0,301.8899999999999,0,13.269890109890103
PR006272,27/03/2026,MANDI006,Wheat,2457.12,2275.0,182.1199999999999,0,8.00527472527472
PR000725,19.02.2026,MANDI010,Wheat,2436.0,2275.0,161.0,0,7.076923076923077
PR004597,04/09/2026,MANDI038,Cotton,6340.42,6620.0,-279.5799999999999,1,-4.223262839879153
PR006984,19-Mar-2026,MANDI045,Cotton,6927.639311970666,6620.0,307.6393119706663,0,4.647119516173207
PR002339,2026/06/09,MANDI031,Sugarcane,3775.4,3500.0,275.4000000000001,0,7.868571428571432
PR005277,18-Apr-2026,MANDI024,Paddy,2099.968695814477,2183.0,-83.03130418552291,1,-3.803541190358356
PR010118,23-Apr-2026,MANDI008,Corn,2073.26,2090.0,-16.73999999999978,1,-0.8009569377990325
PR002218,2026-08-30,MANDI048,Cotton,6374.44,6620.0,-245.5600000000004,1,-3.709365558912393
PR000424,07-14-2026,MANDI035,Corn,2277.5,2090.0,187.5,0,8.971291866028707
PR004098,16-Feb-2026,MANDI005,REQUIRES_INVESTIGATION,1993.0,2183.0,-190.0,1,-8.703618873110399
PR000615,26.05.2026,MANDI044,Sugarcane,3532.4518140958485,3500.0,32.451814095848476,0,0.9271946884528136
PR005212,2026-07-26,MANDI037,Cotton,7271.9,6620.0,651.8999999999996,0,9.847432024169178
PR011550,29/04/2026,MANDI002,Sugarcane,3330.0,3500.0,-170.0,1,-4.857142857142857
PR009997,2026-07-27,MANDI019,REQUIRES_INVESTIGATION,6186.38,5650.0,536.3800000000001,0,9.49345132743363
PR001604,08-19-2026,MANDI042,Mustard,5930.0,5650.0,280.0,0,4.95575221238938
PR004334,13.01.2026,MANDI054,Cotton,6010.46,6620.0,-609.54,1,-9.207552870090634
PR005936,09/01/2026,,Cotton,6171.87,6620.0,-448.1300000000001,1,-6.769335347432026
PR003334,19/02/2026,MANDI012,Corn,2270.665047656248,2090.0,180.66504765624813,0,8.644260653409
PR009299,23-Apr-2026,MANDI010,Wheat,2423.62,2275.0,148.6199999999999,0,6.532747252747248
PR009475,15.08.2026,MANDI023,Mustard,5436.1,5650.0,-213.89999999999964,1,-3.7858407079645953
PR006422,2026/08/18,MANDI012,Sugarcane,3596.781602112648,3500.0,96.78160211264822,0,2.765188631789949
PR010870,2026/08/20,MANDI055,Cotton,6901.91,6620.0,281.90999999999985,0,4.258459214501508
PR008197,23.05.2026,MANDI028,Cotton,6709.72,6620.0,89.72000000000025,0,1.355287009063448
PR011753,2026-06-01,MANDI020,Sugarcane,3921.0,3500.0,421.0,0,12.028571428571428
PR008591,27-Feb-2026,MANDI001,Mustard,5223.86,5650.0,-426.1400000000003,1,-7.542300884955758
PR010865,2026-01-28,MANDI012,REQUIRES_INVESTIGATION,2158.97,2183.0,-24.0300000000002,1,-1.1007787448465507
PR007988,05-Apr-2026,,Corn,2143.58,2090.0,53.57999999999993,0,2.5636363636363604
PR004934,15-Apr-2026,MANDI012,REQUIRES_INVESTIGATION,2287.2706193480853,2090.0,197.27061934808535,0,9.438785614740926
PR007400,05-12-2026,MANDI042,Wheat,2396.78,2275.0,121.7800000000002,0,5.352967032967042
PR004181,10-May-2026,MANDI053,Sugarcane,3712.0,3500.0,212.0,0,6.057142857142858
PR011844,03-Apr-2026,MANDI027,Wheat,2119.32,2275.0,-155.67999999999984,1,-6.843076923076915
PR008734,07-10-2026,MANDI017,Cotton,7400.305312439906,6620.0,780.3053124399057,0,11.787089311781052
PR001610,02-09-2026,MANDI049,REQUIRES_INVESTIGATION,2167.61,2183.0,-15.389999999999873,1,-0.7049931287219364
PR003111,05-14-2026,MANDI009,Mustard,6430.33,5650.0,780.3299999999999,0,13.811150442477874
PR002613,23/01/2026,MANDI005,Corn,2389.7,2090.0,299.6999999999998,0,14.339712918660277
PR011650,23.05.2026,MANDI033,Paddy,1972.03,2183.0,-210.97000000000003,1,-9.664223545579478
PR001541,07-16-2026,MANDI036,Wheat,2211.38,2275.0,-63.61999999999989,1,-2.796483516483512
PR009405,2026-04-25,,Wheat,2200.66,2275.0,-74.34000000000015,1,-3.2676923076923137
PR002437,03-10-2026,,Wheat,2271.58,2275.0,-3.4200000000000728,1,-0.1503296703296735
PR006779,16/01/2026,MANDI038,Corn,2234.64,2090.0,144.63999999999987,0,6.92057416267942
PR001945,28.05.2026,MANDI012,Cotton,6822.81,6620.0,202.8100000000004,0,3.063595166163148
PR010154,2026/07/11,MANDI054,Paddy,2434.65,2183.0,251.6500000000001,0,11.527714154832804
PR002431,15/05/2026,MANDI052,Mustard,6092.386088092027,5650.0,442.3860880920274,0,7.829842267115529
PR005333,09-Sep-2026,MANDI002,Cotton,7280.53,6620.0,660.5299999999997,0,9.977794561933532
PR002240,16-Jul-2026,,Paddy,2274.19,2183.0,91.19000000000005,0,4.177278973889146
PR006782,2026-08-28,MANDI013,REQUIRES_INVESTIGATION,1993.0,2090.0,-97.0,1,-4.641148325358851
PR005844,2026-07-18,MANDI039,Corn,2336.29,2090.0,246.28999999999996,0,11.784210526315787
PR011992,22-Jun-2026,MANDI040,Wheat,2545.01,2275.0,270.0100000000002,0,11.868571428571437
PR004844,11-Apr-2026,MANDI027,REQUIRES_INVESTIGATION,3536.57,3500.0,36.570000000000164,0,1.0448571428571476
PR008012,2026/02/19,MANDI045,Corn,2024.56,2090.0,-65.44000000000005,1,-3.131100478468902
PR001694,07-18-2026,MANDI006,Cotton,7172.59,6620.0,552.5900000000001,0,8.347280966767375
PR002332,2026-01-07,MANDI009,Sugarcane,3837.41,3500.0,337.40999999999985,0,9.64028571428571
PR006062,03/05/2026,MANDI039,Cotton,6399.64,6620.0,-220.35999999999967,1,-3.328700906344406
PR004375,17-Apr-2026,,Cotton,6902.0,6620.0,282.0,0,4.259818731117824
PR004423,21-Feb-2026,MANDI013,Paddy,2319.46,2183.0,136.46000000000004,0,6.251030691708658
PR001910,2026/01/13,MANDI020,REQUIRES_INVESTIGATION,2158.42,2090.0,68.42000000000007,0,3.2736842105263197
PR000276,17-Jul-2026,MANDI009,Wheat,2596.15,2275.0,321.1500000000001,0,14.116483516483521
PR011235,03.09.2026,MANDI012,Cotton,7166.0,6620.0,546.0,0,8.24773413897281
PR002894,04.09.2026,MANDI036,Cotton,6842.94,6620.0,222.9399999999996,0,3.3676737160120784
PR004108,2026/06/07,MANDI006,Paddy,2371.6,2183.0,188.5999999999999,0,8.639486944571686
PR006353,22/04/2026,MANDI016,Mustard,5931.08,5650.0,281.0799999999999,0,4.974867256637166
PR011861,26-Aug-2026,MANDI025,Paddy,2325.06,2183.0,142.05999999999995,0,6.507558405863488
PR010804,2026-01-21,,REQUIRES_INVESTIGATION,2053.99,2183.0,-129.01000000000022,1,-5.909757214841971
PR010828,09.08.2026,,REQUIRES_INVESTIGATION,2279.0,2090.0,189.0,0,9.043062200956937
PR007006,02-04-2026,MANDI025,Mustard,6149.68,5650.0,499.6800000000003,0,8.84389380530974
PR002411,17/02/2026,MANDI023,Corn,2096.0,2090.0,6.0,0,0.28708133971291866
PR003822,15-Mar-2026,MANDI055,Corn,2031.12,2090.0,-58.88000000000011,1,-2.8172248803827804
PR003860,2026-07-01,MANDI033,Wheat,2461.0,2275.0,186.0,0,8.175824175824175
PR010223,07-Jun-2026,MANDI023,Corn,2136.36,2090.0,46.36000000000013,0,2.2181818181818245
PR000634,20/05/2026,MANDI047,Sugarcane,3194.11,3500.0,-305.8899999999999,1,-8.739714285714282
PR008826,2026-08-25,,Cotton,6321.32,6620.0,-298.6800000000003,1,-4.511782477341394
PR011068,2026-05-23,MANDI003,REQUIRES_INVESTIGATION,3576.88,3500.0,76.88000000000011,0,2.1965714285714317
PR002660,2026/02/09,MANDI018,Wheat,2309.16,2275.0,34.159999999999854,0,1.5015384615384553
PR006586,22-Jun-2026,MANDI013,Mustard,6120.01,5650.0,470.0100000000002,0,8.318761061946907
PR002621,2026/07/09,MANDI054,Sugarcane,3162.79,3500.0,-337.21000000000004,1,-9.63457142857143
PR001937,07-31-2026,MANDI007,Cotton,6375.0,6620.0,-245.0,1,-3.7009063444108756
PR011588,2026/02/15,MANDI035,Corn,2324.2737078282125,2090.0,234.27370782821254,0,11.209268317139356
PR005324,16-Jul-2026,MANDI048,Sugarcane,3601.81,3500.0,101.80999999999995,0,2.908857142857141
PR007388,19.04.2026,MANDI001,Cotton,6581.64,6620.0,-38.35999999999967,1,-0.5794561933534694
PR007428,26/02/2026,MANDI053,Paddy,2219.89,2183.0,36.88999999999987,0,1.689876316994955
PR011694,2026-02-13,MANDI026,Mustard,5669.0,5650.0,19.0,0,0.33628318584070793
PR007414,2026/07/30,MANDI045,Wheat,2292.26,2275.0,17.26000000000022,0,0.7586813186813283
PR010541,2026-06-18,MANDI009,REQUIRES_INVESTIGATION,5044.0,5650.0,-606.0,1,-10.72566371681416
PR005576,06-Aug-2026,MANDI007,REQUIRES_INVESTIGATION,5379.57,5650.0,-270.4300000000003,1,-4.786371681415934
PR007278,2026-04-07,MANDI042,Corn,2221.63,2090.0,131.6300000000001,0,6.2980861244019195
PR005851,20-Jan-2026,MANDI014,Cotton,6953.4,6620.0,333.39999999999964,0,5.03625377643504
PR005112,26-Jan-2026,MANDI042,REQUIRES_INVESTIGATION,1939.05,2090.0,-150.95000000000005,1,-7.222488038277514
PR001641,11/04/2026,MANDI029,Wheat,2321.49,2275.0,46.48999999999978,0,2.043516483516474
PR000110,16/03/2026,,Wheat,2083.48,2275.0,-191.51999999999998,1,-8.418461538461537
PR004786,2026/05/23,MANDI041,REQUIRES_INVESTIGATION,2366.46853694976,2183.0,183.46853694976016,0,8.404422214830975
PR004407,03.09.2026,MANDI029,Wheat,2322.1701907814754,2275.0,47.17019078147541,0,2.073414979405513
PR001900,13.06.2026,MANDI031,Cotton,6787.43,6620.0,167.4300000000003,0,2.5291540785498534
PR002512,07-17-2026,MANDI009,REQUIRES_INVESTIGATION,3768.8546106859394,3500.0,268.8546106859394,0,7.681560305312554
PR011625,05-02-2026,MANDI011,Wheat,2247.13,2275.0,-27.86999999999989,1,-1.2250549450549402
PR011203,05-Aug-2026,MANDI035,Wheat,2237.25,2275.0,-37.75,1,-1.6593406593406592
PR002263,09.02.2026,MANDI032,Sugarcane,4012.0,3500.0,512.0,0,14.62857142857143
PR004238,12/06/2026,MANDI029,Mustard,5487.84,5650.0,-162.15999999999985,1,-2.8700884955752186
PR009519,07-17-2026,MANDI050,Wheat,2248.0,2275.0,-27.0,1,-1.1868131868131868
PR004356,27/08/2026,MANDI012,Sugarcane,3380.0,3500.0,-120.0,1,-3.428571428571429
PR008731,25-Feb-2026,MANDI018,Corn,2101.66,2090.0,11.659999999999854,0,0.5578947368420983
PR003131,04.08.2026,MANDI005,Sugarcane,3430.19,3500.0,-69.80999999999995,1,-1.994571428571427
PR003556,2026-01-13,MANDI024,REQUIRES_INVESTIGATION,3474.04,3500.0,-25.960000000000036,1,-0.7417142857142868
PR002885,05/05/2026,MANDI031,Cotton,5931.922622032161,6620.0,-688.0773779678393,1,-10.393918096190927
PR011901,09-Jun-2026,MANDI008,Cotton,6130.0,6620.0,-490.0,1,-7.401812688821751
PR002701,2026-02-04,MANDI009,Cotton,6920.82,6620.0,300.8199999999997,0,4.5441087613293005
PR002302,05/07/2026,MANDI012,Sugarcane,3745.67,3500.0,245.67000000000007,0,7.01914285714286
PR010016,04/03/2026,MANDI035,REQUIRES_INVESTIGATION,1979.22,2183.0,-203.77999999999997,1,-9.334860284012825
PR001263,26.05.2026,MANDI040,Sugarcane,3927.08,3500.0,427.0799999999999,0,12.202285714285713
PR000411,2026/08/26,MANDI002,Sugarcane,3879.66,3500.0,379.65999999999985,0,10.847428571428567
PR008213,16-May-2026,MANDI001,REQUIRES_INVESTIGATION,2193.07,2090.0,103.07000000000016,0,4.931578947368429
PR008056,05-21-2026,MANDI055,Sugarcane,3789.282286728617,3500.0,289.2822867286168,0,8.265208192246194
PR004245,2026-01-28,MANDI046,Wheat,2427.9718917654327,2275.0,152.9718917654327,0,6.724039198480558
PR010993,08-08-2026,,Cotton,6813.96,6620.0,193.96000000000004,0,2.929909365558913
PR003988,23.08.2026,MANDI021,Sugarcane,3566.84,3500.0,66.84000000000015,0,1.90971428571429
PR000559,2026-08-20,MANDI041,Cotton,6491.88,6620.0,-128.1199999999999,1,-1.9353474320241677
PR000008,09/06/2026,MANDI032,REQUIRES_INVESTIGATION,2282.0,2183.0,99.0,0,4.535043518094366
PR011447,23.01.2026,MANDI021,Cotton,7142.0,6620.0,522.0,0,7.885196374622357
PR010930,2026-07-24,MANDI021,Paddy,2504.82,2183.0,321.82000000000016,0,14.742098030233631
PR005752,21-Feb-2026,MANDI017,Wheat,2148.63,2275.0,-126.36999999999989,1,-5.5547252747252704
PR001808,2026-02-06,MANDI007,Corn,2172.0,2090.0,82.0,0,3.923444976076555
PR008285,2026/03/02,MANDI033,Cotton,7055.0,6620.0,435.0,0,6.570996978851963
PR008262,05-Jun-2026,MANDI025,REQUIRES_INVESTIGATION,3961.28,3500.0,461.2800000000002,0,13.179428571428579
PR008800,09-06-2026,MANDI023,Paddy,2026.13,2183.0,-156.8699999999999,1,-7.185982592762248
PR005759,20/07/2026,MANDI030,Mustard,5188.0,5650.0,-462.0,1,-8.176991150442477
PR011347,2026/05/03,MANDI052,REQUIRES_INVESTIGATION,2423.0,2090.0,333.0,0,15.933014354066986
PR001491,2026-02-23,MANDI039,Corn,2029.0,2090.0,-61.0,1,-2.9186602870813396
PR002674,2026-06-15,MANDI041,Cotton,6754.02,6620.0,134.02000000000044,0,2.0244712990936624
PR006635,25.04.2026,,Mustard,5083.66038784359,5650.0,-566.3396121564101,1,-10.023709949670975
PR010158,07-12-2026,MANDI054,Mustard,5124.0,5650.0,-526.0,1,-9.309734513274336
PR001458,2026-03-08,MANDI021,Wheat,2260.86,2275.0,-14.139999999999873,1,-0.6215384615384559
PR002772,2026-03-20,MANDI040,Wheat,2234.51,2275.0,-40.48999999999978,1,-1.7797802197802102
PR003008,02-Aug-2026,MANDI006,Corn,2335.49,2090.0,245.48999999999978,0,11.745933014354057
PR008956,01-20-2026,MANDI040,REQUIRES_INVESTIGATION,3762.52,3500.0,262.52,0,7.500571428571429
PR000284,2026/06/13,MANDI010,Wheat,2493.62,2275.0,218.6199999999999,0,9.609670329670324
PR010026,05-Mar-2026,MANDI051,Wheat,2160.6457486674585,2275.0,-114.35425133254148,1,-5.0265604981336915
PR001509,2026-04-07,MANDI044,REQUIRES_INVESTIGATION,1986.0,2090.0,-104.0,1,-4.976076555023924
PR000354,2026/05/24,MANDI010,REQUIRES_INVESTIGATION,2208.89,2090.0,118.88999999999987,0,5.688516746411477
PR009282,2026/02/16,MANDI004,REQUIRES_INVESTIGATION,1994.24,2090.0,-95.75999999999999,1,-4.581818181818181
PR009280,2026/02/08,MANDI047,REQUIRES_INVESTIGATION,5847.89,5650.0,197.89000000000033,0,3.5024778761062003
PR008707,28/04/2026,MANDI031,Corn,2294.2646682511104,2090.0,204.26466825111038,0,9.773429102923942
PR011149,24-Mar-2026,MANDI055,Mustard,5414.0,5650.0,-236.0,1,-4.176991150442478
PR006270,09-Aug-2026,MANDI056,Sugarcane,3916.15,3500.0,416.1500000000001,0,11.890000000000002
PR002171,17-Aug-2026,MANDI015,REQUIRES_INVESTIGATION,2369.75,2183.0,186.75,0,8.554741181859827
PR003097,01-12-2026,MANDI011,REQUIRES_INVESTIGATION,1928.34,2090.0,-161.66000000000008,1,-7.734928229665075
PR009512,05/01/2026,MANDI052,REQUIRES_INVESTIGATION,6443.4,5650.0,793.3999999999996,0,14.042477876106188
PR010534,2026-08-07,MANDI045,Mustard,5912.78,5650.0,262.77999999999975,0,4.650973451327429
PR003071,2026-07-10,MANDI025,Mustard,6133.525667086846,5650.0,483.5256670868457,0,8.557976408616739
PR002032,30/01/2026,MANDI010,Wheat,2349.0,2275.0,74.0,0,3.2527472527472527
PR011312,05-09-2026,MANDI003,Wheat,2272.0,2275.0,-3.0,1,-0.13186813186813187
PR010806,08/06/2026,MANDI038,Corn,2064.03,2090.0,-25.9699999999998,1,-1.2425837320574067
PR007945,09.07.2026,MANDI049,Cotton,7059.3,6620.0,439.3000000000002,0,6.635951661631423
PR007705,26.08.2026,MANDI011,Cotton,6486.05,6620.0,-133.94999999999982,1,-2.023413897280964
PR005124,2026-05-21,MANDI012,Mustard,5464.51,5650.0,-185.48999999999978,1,-3.2830088495575187
PR007880,03.08.2026,MANDI050,Sugarcane,3274.7,3500.0,-225.30000000000018,1,-6.437142857142862
PR001807,08/02/2026,MANDI048,Sugarcane,3885.86,3500.0,385.8600000000001,0,11.024571428571432
PR003200,28-Jul-2026,,Mustard,5232.0,5650.0,-418.0,1,-7.398230088495575
PR009764,12-Mar-2026,MANDI022,Corn,2329.1420995098747,2090.0,239.1420995098747,0,11.442205718175822
PR002769,2026/05/27,MANDI048,Sugarcane,3396.53,3500.0,-103.4699999999998,1,-2.9562857142857086
PR003445,2026-07-15,MANDI053,REQUIRES_INVESTIGATION,2299.33,2183.0,116.32999999999993,0,5.3289051763628
PR008608,09/01/2026,MANDI027,Cotton,7033.51,6620.0,413.5100000000002,0,6.246374622356498
PR010711,2026/04/16,MANDI006,Wheat,2255.56,2275.0,-19.440000000000055,1,-0.854505494505497
PR010058,2026-02-10,MANDI051,Wheat,2185.0,2275.0,-90.0,1,-3.9560439560439558
PR010654,2026-06-10,MANDI040,Wheat,2278.48,2275.0,3.480000000000018,0,0.15296703296703376
PR001663,02-06-2026,MANDI011,Corn,2065.729354081127,2090.0,-24.270645918873015,1,-1.1612749243479912
PR009225,2026-05-16,MANDI004,REQUIRES_INVESTIGATION,5674.0,5650.0,24.0,0,0.42477876106194695
PR005623,31/03/2026,MANDI048,REQUIRES_INVESTIGATION,3460.0,3500.0,-40.0,1,-1.1428571428571428
PR006711,08-16-2026,MANDI037,Wheat,2367.0,2275.0,92.0,0,4.043956043956045
PR009114,20-May-2026,MANDI041,REQUIRES_INVESTIGATION,1935.63,2183.0,-247.3699999999999,1,-11.331653687585884
PR006655,18/05/2026,MANDI046,Sugarcane,3401.12,3500.0,-98.88000000000011,1,-2.8251428571428603
PR010774,22-Aug-2026,MANDI038,Mustard,5815.16,5650.0,165.15999999999985,0,2.923185840707962
PR002499,28.05.2026,MANDI034,Sugarcane,3590.29,3500.0,90.28999999999996,0,2.5797142857142847
PR005374,20/01/2026,MANDI010,REQUIRES_INVESTIGATION,2102.27,2183.0,-80.73000000000002,1,-3.6981218506642244
PR004711,01-26-2026,MANDI038,Cotton,6728.03,6620.0,108.02999999999975,0,1.6318731117824736
PR008242,12/01/2026,MANDI015,Wheat,2431.5387527534917,2275.0,156.53875275349174,0,6.88082429685678
PR003105,27/02/2026,MANDI017,Corn,2204.73,2090.0,114.73000000000002,0,5.489473684210528
PR001007,08.09.2026,MANDI028,Wheat,2214.2092846788087,2275.0,-60.79071532119133,1,-2.672119354777641
PR006005,06-Apr-2026,MANDI044,Cotton,6321.746279937421,6620.0,-298.2537200625793,1,-4.505343203362225
PR004626,2026-08-23,MANDI023,REQUIRES_INVESTIGATION,5953.23,5650.0,303.22999999999956,0,5.366902654867249
PR005616,2026/03/22,MANDI020,Cotton,6162.96,6620.0,-457.03999999999996,1,-6.903927492447129
PR006326,2026/03/11,MANDI051,Mustard,6263.4,5650.0,613.3999999999996,0,10.856637168141587
PR006209,2026-01-12,MANDI029,Wheat,2331.96,2275.0,56.960000000000036,0,2.5037362637362652
PR001551,11-May-2026,MANDI049,Corn,2128.67,2090.0,38.67000000000007,0,1.8502392344497642
PR000471,01.01.2026,MANDI014,Cotton,6048.62,6620.0,-571.3800000000001,1,-8.631117824773415
PR003894,16.06.2026,,Paddy,2195.0,2183.0,12.0,0,0.5497022446174988
PR007547,08-25-2026,MANDI040,Cotton,7009.529223977707,6620.0,389.52922397770726,0,5.884127250418539
PR009043,03-May-2026,MANDI030,Wheat,2576.96,2275.0,301.96000000000004,0,13.272967032967035
PR006268,01.08.2026,MANDI002,Corn,1877.46,2090.0,-212.53999999999996,1,-10.16937799043062
PR002806,2026/07/02,MANDI048,Corn,2286.7333324971087,2090.0,196.73333249710868,0,9.413078109909506
PR011530,2026-08-09,,Cotton,5864.227085308512,6620.0,-755.772914691488,1,-11.416509285369909
PR008750,03-14-2026,MANDI003,Cotton,7589.55,6620.0,969.5500000000002,0,14.645770392749247
PR003991,2026-05-03,MANDI041,Corn,2348.02,2090.0,258.02,0,12.345454545454544
PR006559,04-17-2026,MANDI053,Cotton,6672.5,6620.0,52.5,0,0.7930513595166163
PR008093,22/02/2026,MANDI018,Cotton,6099.34,6620.0,-520.6599999999999,1,-7.864954682779454
PR008852,01-Aug-2026,MANDI031,Cotton,6655.44,6620.0,35.4399999999996,0,0.5353474320241631
PR003216,2026-02-01,MANDI004,Cotton,7226.0,6620.0,606.0,0,9.154078549848943
PR005796,06/01/2026,MANDI038,REQUIRES_INVESTIGATION,2169.2793631315694,2090.0,79.27936313156943,0,3.7932709632329873
PR009859,05-19-2026,MANDI039,Corn,2074.25,2090.0,-15.75,1,-0.7535885167464115
PR005901,17/07/2026,MANDI046,Sugarcane,3321.56,3500.0,-178.44000000000005,1,-5.098285714285716
PR002695,2026-05-16,MANDI011,Corn,2052.8605713451607,2090.0,-37.13942865483932,1,-1.7770061557339387
PR008060,2026-03-13,MANDI043,Mustard,5944.347660523605,5650.0,294.34766052360465,0,5.209693106612471
PR002498,01-Sep-2026,MANDI055,Corn,2148.67,2090.0,58.67000000000007,0,2.8071770334928265
PR009726,2026-08-21,MANDI014,Cotton,6081.0,6620.0,-539.0,1,-8.141993957703928
PR001717,19.04.2026,MANDI018,Paddy,2115.508823896639,2183.0,-67.49117610336089,1,-3.091670916324365
PR009377,25/04/2026,MANDI033,Cotton,6703.61,6620.0,83.60999999999967,0,1.2629909365558862
PR009081,2026/07/20,,Corn,2218.83,2090.0,128.82999999999993,0,6.164114832535882
PR009139,05/08/2026,MANDI056,Cotton,7245.18,6620.0,625.1800000000003,0,9.443806646525685
PR011061,04-Jul-2026,MANDI045,Corn,2209.35,2090.0,119.34999999999991,0,5.710526315789469
PR011228,07-24-2026,MANDI029,Mustard,5435.0,5650.0,-215.0,1,-3.8053097345132745
PR010712,2026/04/01,MANDI055,REQUIRES_INVESTIGATION,3307.59,3500.0,-192.40999999999985,1,-5.497428571428567
PR002510,2026-05-10,,Mustard,5901.722926991892,5650.0,251.72292699189165,0,4.455273044104277
PR004403,25/01/2026,MANDI009,Wheat,2255.06,2275.0,-19.940000000000055,1,-0.876483516483519
PR007781,2026-07-06,MANDI005,REQUIRES_INVESTIGATION,5510.0,5650.0,-140.0,1,-2.47787610619469
PR008622,07-23-2026,MANDI019,Corn,2062.130859005416,2090.0,-27.869140994584086,1,-1.3334517222289037
PR001522,10-Mar-2026,MANDI041,Wheat,2060.55,2275.0,-214.44999999999982,1,-9.426373626373618
PR007215,28/04/2026,MANDI038,Cotton,6889.84,6620.0,269.84000000000015,0,4.076132930513597
PR005732,09.06.2026,MANDI048,Corn,2329.616996794033,2090.0,239.61699679403318,0,11.46492807626953
PR010903,2026-08-19,MANDI023,Wheat,2430.0,2275.0,155.0,0,6.813186813186813
PR000523,2026-06-02,MANDI032,Wheat,2506.26,2275.0,231.26000000000022,0,10.165274725274735
PR010511,29/07/2026,MANDI030,Cotton,6421.33982752058,6620.0,-198.66017247942,1,-3.000908949840181
PR001870,2026/07/26,MANDI010,Cotton,6413.07,6620.0,-206.9300000000003,1,-3.1258308157099743
PR001676,03-11-2026,,Wheat,2405.05,2275.0,130.05000000000018,0,5.716483516483525
PR001484,2026-08-27,MANDI020,Sugarcane,3530.85,3500.0,30.84999999999991,0,0.8814285714285688
PR006238,30/04/2026,MANDI034,Cotton,6368.53,6620.0,-251.47000000000025,1,-3.7986404833836898
PR007456,12.07.2026,MANDI039,Wheat,2269.57,2275.0,-5.429999999999836,1,-0.23868131868131146
PR009098,2026-07-27,MANDI029,Mustard,5949.65,5650.0,299.64999999999964,0,5.303539823008843
PR011925,24-Jan-2026,MANDI007,Wheat,2187.25,2275.0,-87.75,1,-3.8571428571428568
PR011112,2026-02-18,MANDI002,REQUIRES_INVESTIGATION,2238.5161932770234,2183.0,55.516193277023376,0,2.543114671416554
PR002838,2026/05/07,MANDI039,Cotton,7615.0,6620.0,995.0,0,15.030211480362537
PR003507,15-Mar-2026,MANDI024,Mustard,5061.287209196804,5650.0,-588.7127908031962,1,-10.41969541244595
PR000663,2026/06/20,,REQUIRES_INVESTIGATION,1938.08,2090.0,-151.92000000000007,1,-7.268899521531104
PR003421,07/09/2026,MANDI032,REQUIRES_INVESTIGATION,3345.0,3500.0,-155.0,1,-4.428571428571428
PR009724,29.07.2026,MANDI003,Wheat,2447.18,2275.0,172.17999999999984,0,7.5683516483516415
PR005635,17/03/2026,MANDI016,REQUIRES_INVESTIGATION,3582.45,3500.0,82.44999999999982,0,2.3557142857142805
PR006808,03-18-2026,MANDI007,Paddy,2003.15,2183.0,-179.8499999999999,1,-8.238662391204759
PR001612,18/02/2026,MANDI057,Paddy,2138.79,2183.0,-44.210000000000036,1,-2.0251946862116372
PR011835,30-Jan-2026,MANDI033,Corn,2400.09,2090.0,310.09000000000015,0,14.836842105263164
PR010199,2026-06-06,MANDI011,Mustard,5415.65,5650.0,-234.35000000000036,1,-4.147787610619475
PR011907,17-Apr-2026,MANDI004,Mustard,5197.26,5650.0,-452.7399999999998,1,-8.01309734513274
PR009715,23.01.2026,MANDI014,Wheat,2437.0748013846523,2275.0,162.07480138465235,0,7.124167093830873
PR004836,13.08.2026,,Wheat,2516.74,2275.0,241.73999999999978,0,10.625934065934056
PR000836,2026-01-01,MANDI020,Wheat,2063.0,2275.0,-212.0,1,-9.318681318681318
PR010770,01.03.2026,,Corn,2199.78,2090.0,109.7800000000002,0,5.252631578947378
PR006376,24.04.2026,MANDI049,Cotton,5835.78,6620.0,-784.2200000000003,1,-11.846223564954686
PR009558,26-May-2026,MANDI021,Cotton,7262.28,6620.0,642.2799999999997,0,9.702114803625374
PR008114,22-Mar-2026,MANDI021,Wheat,2345.0,2275.0,70.0,0,3.076923076923077
PR007292,01.08.2026,MANDI036,REQUIRES_INVESTIGATION,2191.1,2090.0,101.09999999999991,0,4.837320574162675
PR000831,2026-06-04,MANDI027,Sugarcane,3174.48,3500.0,-325.52,1,-9.300571428571427
PR004598,2026-01-17,MANDI030,Cotton,6478.21,6620.0,-141.78999999999996,1,-2.141842900302114
PR000538,27-May-2026,MANDI039,Corn,2270.64,2090.0,180.63999999999987,0,8.643062200956932
PR011985,2026-01-21,,Cotton,7116.0,6620.0,496.0,0,7.492447129909366
PR003599,16-Mar-2026,MANDI005,Mustard,5227.38,5650.0,-422.6199999999999,1,-7.479999999999998
PR009236,02-26-2026,MANDI024,REQUIRES_INVESTIGATION,6200.0,5650.0,550.0,0,9.734513274336283
PR002735,2026-06-26,MANDI029,REQUIRES_INVESTIGATION,3777.1083192574033,3500.0,277.1083192574033,0,7.917380550211522
PR006195,02.03.2026,MANDI025,Sugarcane,3616.73,3500.0,116.73000000000002,0,3.3351428571428574
PR000734,07-23-2026,MANDI044,Wheat,2503.5,2275.0,228.5,0,10.043956043956044
PR007966,07-22-2026,,Mustard,5134.47,5650.0,-515.5299999999997,1,-9.124424778761057
PR009723,2026-03-03,MANDI051,Paddy,2228.4257371533145,2183.0,45.42573715331446,0,2.080885806381789
PR000319,22/07/2026,MANDI057,REQUIRES_INVESTIGATION,2226.84,2183.0,43.840000000000146,0,2.008245533669269
PR007132,12.08.2026,MANDI030,Mustard,6001.148856761635,5650.0,351.1488567616352,0,6.215024013480269
PR007222,09-Jul-2026,,Wheat,2362.0,2275.0,87.0,0,3.824175824175824
PR009618,22.03.2026,MANDI003,Corn,2037.2,2090.0,-52.799999999999955,1,-2.5263157894736823
PR000773,2026-05-11,MANDI005,REQUIRES_INVESTIGATION,2252.18,2183.0,69.17999999999984,0,3.169033440219873
PR004021,07-Jul-2026,MANDI034,Mustard,5045.0,5650.0,-605.0,1,-10.707964601769913
PR003284,16.01.2026,MANDI023,REQUIRES_INVESTIGATION,5200.0,5650.0,-450.0,1,-7.964601769911504
PR004776,2026-06-29,MANDI007,Cotton,7425.42,6620.0,805.4200000000001,0,12.166465256797585
PR002998,01/07/2026,MANDI024,Mustard,5535.73,5650.0,-114.27000000000044,1,-2.0224778761062026
PR007798,2026-04-21,MANDI009,REQUIRES_INVESTIGATION,3562.71,3500.0,62.710000000000036,0,1.7917142857142867
PR004939,08-17-2026,MANDI038,REQUIRES_INVESTIGATION,2341.65,2183.0,158.6500000000001,0,7.267521759047186
PR006897,2026-04-16,MANDI044,Wheat,2397.67,2275.0,122.67000000000007,0,5.3920879120879155
PR007399,28/04/2026,MANDI023,Sugarcane,3632.0,3500.0,132.0,0,3.7714285714285714
PR001833,26/06/2026,MANDI055,Paddy,2147.0,2183.0,-36.0,1,-1.6491067338524967
PR007802,2026-07-31,MANDI042,Corn,2013.34,2090.0,-76.66000000000008,1,-3.667942583732061
PR005244,09.09.2026,MANDI016,Mustard,6097.11,5650.0,447.1099999999997,0,7.913451327433623
PR006755,2026-01-14,MANDI019,Sugarcane,3429.7494696122694,3500.0,-70.25053038773058,1,-2.0071580110780163
PR003469,05.08.2026,MANDI054,Wheat,2287.97,2275.0,12.9699999999998,0,0.5701098901098813
PR008856,02.02.2026,MANDI027,Paddy,2448.52,2183.0,265.52,0,12.163078332569857
PR009856,24/07/2026,MANDI030,Mustard,5989.36,5650.0,339.3599999999997,0,6.006371681415923
PR005166,26/01/2026,MANDI014,Paddy,2315.73,2183.0,132.73000000000002,0,6.080164910673386
PR007504,2026-03-21,MANDI049,Cotton,6112.57,6620.0,-507.4300000000003,1,-7.665105740181273
PR000557,06.01.2026,MANDI048,Mustard,5828.23,5650.0,178.22999999999956,0,3.1545132743362756
PR005904,03-Aug-2026,MANDI029,Cotton,6179.47,6620.0,-440.52999999999975,1,-6.654531722054377
PR002340,16.04.2026,MANDI032,Corn,2237.75,2090.0,147.75,0,7.069377990430622
PR005419,04-04-2026,MANDI034,Corn,1891.080101039492,2090.0,-198.9198989605079,1,-9.517698514856837
PR003628,31.01.2026,MANDI035,Mustard,5570.0,5650.0,-80.0,1,-1.415929203539823
PR002326,2026-04-13,MANDI007,REQUIRES_INVESTIGATION,2112.09,2183.0,-70.90999999999985,1,-3.2482821804855635
PR011553,26-Jun-2026,,Cotton,6434.12,6620.0,-185.8800000000001,1,-2.8078549848942616
PR004398,19.01.2026,MANDI001,Sugarcane,3916.64,3500.0,416.6399999999999,0,11.903999999999996
PR004380,16-Jun-2026,MANDI028,Cotton,7053.19,6620.0,433.1899999999996,0,6.54365558912386
PR007559,2026-04-24,MANDI033,Corn,1920.6210452103287,2090.0,-169.3789547896713,1,-8.10425621003212
PR008715,23/07/2026,,Corn,2212.77,2090.0,122.76999999999998,0,5.874162679425837
PR011874,03-Apr-2026,MANDI002,Mustard,5756.15,5650.0,106.14999999999964,0,1.8787610619468962
PR010180,2026/02/24,MANDI044,Wheat,2160.85,2275.0,-114.15000000000009,1,-5.017582417582422
PR004757,2026/04/25,MANDI043,Cotton,6418.0,6620.0,-202.0,1,-3.0513595166163143
PR009888,2026-03-23,MANDI031,Sugarcane,3152.32,3500.0,-347.67999999999984,1,-9.93371428571428
PR005494,11.01.2026,MANDI021,Mustard,6169.98,5650.0,519.9799999999996,0,9.203185840707958
PR005574,2026/03/02,MANDI018,Mustard,6198.97,5650.0,548.9700000000003,0,9.716283185840712
PR006180,02/08/2026,MANDI055,REQUIRES_INVESTIGATION,5440.34,5650.0,-209.65999999999985,1,-3.7107964601769883
PR007050,18/04/2026,MANDI021,Wheat,2218.29,2275.0,-56.710000000000036,1,-2.4927472527472543
PR011470,05.07.2026,MANDI002,Cotton,6515.02,6620.0,-104.97999999999956,1,-1.585800604229601
PR008016,08/07/2026,MANDI025,REQUIRES_INVESTIGATION,2144.89,2090.0,54.88999999999987,0,2.626315789473678
PR002356,2026-07-17,MANDI020,Wheat,2516.05,2275.0,241.05000000000018,0,10.595604395604404
PR010002,04.03.2026,MANDI012,REQUIRES_INVESTIGATION,2352.04,2183.0,169.03999999999996,0,7.743472285845165
PR011071,2026-06-19,MANDI009,Wheat,2241.98,2275.0,-33.01999999999998,1,-1.4514285714285706
PR002112,06-23-2026,,Mustard,5289.74,5650.0,-360.2600000000002,1,-6.376283185840712
PR000650,06-06-2026,MANDI032,REQUIRES_INVESTIGATION,5876.565807732841,5650.0,226.56580773284077,0,4.0100142961564735
PR004153,06-23-2026,MANDI008,REQUIRES_INVESTIGATION,1977.0,2183.0,-206.0,1,-9.436555199267064
PR003040,16-Feb-2026,MANDI006,Mustard,5303.484164054503,5650.0,-346.5158359454972,1,-6.133023645053048
PR005898,2026-07-26,MANDI016,REQUIRES_INVESTIGATION,2031.58,2090.0,-58.42000000000007,1,-2.795215311004788
PR000202,22/07/2026,,REQUIRES_INVESTIGATION,2132.32,2090.0,42.320000000000164,0,2.024880382775127
PR001941,08-03-2026,MANDI035,Wheat,2202.6,2275.0,-72.40000000000009,1,-3.182417582417586
PR002470,2026/07/22,MANDI043,Cotton,5866.02,6620.0,-753.9799999999996,1,-11.389425981873105
PR005095,03-May-2026,MANDI043,Mustard,5826.59,5650.0,176.59000000000015,0,3.1254867256637198
PR010696,01-01-2026,MANDI038,Sugarcane,3336.2578160638777,3500.0,-163.74218393612227,1,-4.678348112460636
PR007722,2026-02-15,MANDI021,Wheat,2318.91,2275.0,43.909999999999854,0,1.9301098901098837
PR009193,2026-02-09,MANDI036,Sugarcane,3219.85,3500.0,-280.1500000000001,1,-8.004285714285716
PR007049,2026/03/31,MANDI037,Paddy,2373.6050503720357,2183.0,190.60505037203575,0,8.731335335411623
PR010490,28.07.2026,MANDI050,Paddy,2479.0,2183.0,296.0,0,13.559322033898304
PR002190,2026/09/08,MANDI014,Paddy,2279.14,2183.0,96.13999999999987,0,4.404031149793855
PR004053,2026-07-01,MANDI055,Wheat,2384.74,2275.0,109.73999999999978,0,4.823736263736254
PR002659,2026/01/10,,Sugarcane,3589.698850040233,3500.0,89.69885004023308,0,2.5628242868638025
PR001424,07-22-2026,MANDI021,Paddy,2297.46,2183.0,114.46000000000004,0,5.243243243243246
PR003295,21-Mar-2026,MANDI043,Wheat,2064.75,2275.0,-210.25,1,-9.241758241758241
PR007356,05-14-2026,MANDI055,Paddy,2436.73,2183.0,253.73000000000002,0,11.622995877233166
PR003077,08/04/2026,MANDI028,REQUIRES_INVESTIGATION,2075.76,2183.0,-107.23999999999978,1,-4.912505726065039
PR001489,07-19-2026,MANDI010,Paddy,1988.2,2183.0,-194.79999999999995,1,-8.923499770957397
PR002890,26/06/2026,MANDI006,Wheat,2339.08,2275.0,64.07999999999993,0,2.8167032967032934
PR003274,08/02/2026,MANDI029,Corn,2264.28,2090.0,174.2800000000002,0,8.338755980861254
PR009258,2026-02-27,MANDI011,Mustard,6137.63,5650.0,487.6300000000001,0,8.63061946902655
PR004113,01-Jan-2026,MANDI020,REQUIRES_INVESTIGATION,5092.0,5650.0,-558.0,1,-9.876106194690266
PR005971,30.03.2026,MANDI006,Cotton,7334.992674167929,6620.0,714.9926741679292,0,10.800493567491378
PR006018,2026/08/21,MANDI019,REQUIRES_INVESTIGATION,2255.11,2183.0,72.11000000000013,0,3.303252404947326
PR000444,17.05.2026,MANDI055,Corn,2430.76,2090.0,340.7600000000002,0,16.304306220095704
PR010065,08-04-2026,MANDI010,Mustard,5932.52,5650.0,282.52000000000044,0,5.000353982300893
PR006226,25-Aug-2026,MANDI002,Cotton,7235.193248891868,6620.0,615.1932488918683,0,9.292949379031242
PR009112,18.08.2026,,Wheat,2153.59,2275.0,-121.40999999999985,1,-5.33670329670329
PR002154,2026-08-19,MANDI007,Mustard,5446.8,5650.0,-203.19999999999982,1,-3.5964601769911475
PR011370,2026/08/12,MANDI007,Cotton,6369.2,6620.0,-250.80000000000018,1,-3.7885196374622385
PR006885,22/02/2026,MANDI028,Mustard,5486.3,5650.0,-163.69999999999982,1,-2.8973451327433595
PR007810,2026/04/26,,Mustard,5860.0,5650.0,210.0,0,3.7168141592920354
PR008046,2026/04/29,MANDI027,Mustard,6518.804169831982,5650.0,868.8041698319821,0,15.377064952778444
PR003635,2026/01/08,MANDI016,Cotton,6419.38,6620.0,-200.6199999999999,1,-3.0305135951661613
PR002762,06-Sep-2026,MANDI028,Paddy,2170.75,2183.0,-12.25,1,-0.5611543747136968
PR011334,27.05.2026,MANDI040,Cotton,7131.05,6620.0,511.0500000000002,0,7.719788519637465
PR002293,07-27-2026,MANDI041,Cotton,6380.0,6620.0,-240.0,1,-3.625377643504532
PR010890,05.03.2026,MANDI051,Wheat,2259.26,2275.0,-15.739999999999782,1,-0.6918681318681222
PR005590,2026-07-16,MANDI019,REQUIRES_INVESTIGATION,6132.45,5650.0,482.4499999999998,0,8.538938053097342
PR002788,18/04/2026,MANDI037,REQUIRES_INVESTIGATION,2119.39,2090.0,29.389999999999873,0,1.4062200956937738
PR011259,2026-03-15,MANDI005,REQUIRES_INVESTIGATION,2075.91,2183.0,-107.09000000000015,1,-4.905634448007336
PR010643,07-25-2026,MANDI031,Cotton,7268.87,6620.0,648.8699999999999,0,9.801661631419938
PR004523,10/06/2026,MANDI033,REQUIRES_INVESTIGATION,2076.66,2090.0,-13.340000000000146,1,-0.6382775119617294
PR005835,01.01.2026,MANDI004,Wheat,2063.64,2275.0,-211.36000000000013,1,-9.290549450549456
PR008257,2026/05/25,MANDI035,Corn,1937.0,2090.0,-153.0,1,-7.320574162679426
PR004326,01-23-2026,,REQUIRES_INVESTIGATION,3623.22,3500.0,123.2199999999998,0,3.520571428571423
PR001534,04-29-2026,MANDI049,Corn,2344.88,2090.0,254.8800000000001,0,12.19521531100479
PR009649,17/07/2026,MANDI041,Corn,2176.86,2090.0,86.86000000000013,0,4.155980861244026
PR004236,19/08/2026,MANDI032,Corn,2173.59,2090.0,83.59000000000015,0,3.9995215311004855
PR006924,2026-06-18,MANDI044,Sugarcane,3338.67,3500.0,-161.32999999999993,1,-4.609428571428569
PR004258,29-Mar-2026,,REQUIRES_INVESTIGATION,2266.0,2183.0,83.0,0,3.8021071919377003
PR001178,05-15-2026,MANDI032,Sugarcane,3290.9,3500.0,-209.0999999999999,1,-5.9742857142857115
PR005772,2026-06-29,MANDI042,REQUIRES_INVESTIGATION,2149.03,2183.0,-33.9699999999998,1,-1.5561154374713604
PR011751,04-Jul-2026,MANDI041,Cotton,6829.13,6620.0,209.1300000000001,0,3.1590634441087633
PR010433,14/01/2026,MANDI045,Paddy,2152.45,2183.0,-30.550000000000182,1,-1.3994502977553909
PR011859,07/05/2026,MANDI025,Corn,2074.03,2090.0,-15.9699999999998,1,-0.7641148325358756
PR006977,10-Jul-2026,MANDI021,Corn,2305.99,2090.0,215.98999999999978,0,10.334449760765539
PR001675,01-21-2026,MANDI044,Cotton,7147.62,6620.0,527.6199999999999,0,7.970090634441086
PR003677,18-Aug-2026,MANDI009,Sugarcane,3787.22,3500.0,287.2199999999998,0,8.206285714285709
PR003748,2026/08/12,MANDI057,Wheat,2106.976866284643,2275.0,-168.02313371535683,1,-7.385632251224476
PR006971,08-13-2026,MANDI007,Mustard,5270.0,5650.0,-380.0,1,-6.725663716814159
PR011685,08-Apr-2026,MANDI017,REQUIRES_INVESTIGATION,5307.0,5650.0,-343.0,1,-6.070796460176991
PR006765,05-17-2026,MANDI038,Cotton,7050.51,6620.0,430.5100000000002,0,6.503172205438069
PR006596,24-May-2026,MANDI038,Mustard,6056.0,5650.0,406.0,0,7.185840707964601
PR004913,17.01.2026,MANDI031,Mustard,6144.549398620808,5650.0,494.54939862080755,0,8.753086701253231
PR005000,06.09.2026,MANDI038,Cotton,7004.7,6620.0,384.6999999999998,0,5.811178247734136
PR005363,2026/03/14,MANDI023,Sugarcane,3454.38,3500.0,-45.61999999999989,1,-1.3034285714285683
PR003218,2026-02-02,MANDI029,Cotton,7467.626311185693,6620.0,847.6263111856933,0,12.804022827578448
PR005329,19/05/2026,MANDI035,Sugarcane,3478.07,3500.0,-21.929999999999836,1,-0.6265714285714239
PR009230,23.06.2026,MANDI026,Wheat,2107.3,2275.0,-167.69999999999982,1,-7.371428571428564
PR000334,25-Mar-2026,MANDI048,Cotton,7051.42,6620.0,431.4200000000001,0,6.516918429003023
PR009713,07.01.2026,MANDI055,Corn,2110.94,2090.0,20.940000000000055,0,1.0019138755980888
PR001380,24.05.2026,MANDI038,Wheat,2101.908154666691,2275.0,-173.0918453333088,1,-7.608432761903685
PR000832,28.08.2026,MANDI052,Cotton,5775.02,6620.0,-844.9799999999996,1,-12.764048338368571
PR004938,2026/05/04,MANDI002,REQUIRES_INVESTIGATION,1982.13,2090.0,-107.86999999999989,1,-5.161244019138751
PR007024,2026/04/28,MANDI008,Mustard,6426.13,5650.0,776.1300000000001,0,13.736814159292038
PR008284,06/05/2026,MANDI030,Paddy,2107.65,2183.0,-75.34999999999991,1,-3.4516720109940406
PR011023,27.05.2026,,Cotton,6758.38,6620.0,138.3800000000001,0,2.0903323262839897
PR006096,18/02/2026,MANDI037,Wheat,2028.31,2275.0,-246.69000000000005,1,-10.843516483516485
PR007362,2026-08-06,MANDI032,Wheat,2396.0984043067274,2275.0,121.09840430672739,0,5.323006782713292
PR008492,25.08.2026,MANDI044,Corn,1961.77,2090.0,-128.23000000000002,1,-6.135406698564594
PR002237,21/05/2026,MANDI044,REQUIRES_INVESTIGATION,2085.73,2183.0,-97.26999999999998,1,-4.455794777828675
PR008156,21-Jun-2026,MANDI020,REQUIRES_INVESTIGATION,2190.0071446767915,2183.0,7.00714467679154,0,0.320986929765989
PR000544,2026/06/03,MANDI003,Cotton,6993.3,6620.0,373.3000000000002,0,5.638972809667677
PR005963,04-05-2026,,Corn,2091.0,2090.0,1.0,0,0.04784688995215311
PR008661,09-Sep-2026,MANDI052,Mustard,6326.0,5650.0,676.0,0,11.964601769911505
PR003146,13-Apr-2026,MANDI016,Cotton,7379.59,6620.0,759.5900000000001,0,11.474169184290032
PR003451,05-27-2026,MANDI015,Cotton,6689.45,6620.0,69.44999999999982,0,1.049093655589121
PR000704,25/05/2026,MANDI007,REQUIRES_INVESTIGATION,3440.42,3500.0,-59.57999999999993,1,-1.7022857142857122
PR004955,08-17-2026,MANDI020,Wheat,2284.12,2275.0,9.11999999999989,0,0.4008791208791161
PR005306,16/03/2026,MANDI050,REQUIRES_INVESTIGATION,2187.0724774743258,2183.0,4.072477474325751,0,0.18655416739925568
PR008620,2026/08/19,MANDI029,Corn,2025.05,2090.0,-64.95000000000005,1,-3.1076555023923467
PR000867,2026-02-09,MANDI034,REQUIRES_INVESTIGATION,2298.0,2090.0,208.0,0,9.952153110047847
PR005754,2026/04/24,MANDI032,Corn,2215.0,2090.0,125.0,0,5.980861244019139
PR005677,2026-05-21,,REQUIRES_INVESTIGATION,1923.34,2090.0,-166.66000000000008,1,-7.974162679425842
PR004855,08/09/2026,MANDI011,REQUIRES_INVESTIGATION,5950.73,5650.0,300.72999999999956,0,5.322654867256629
PR008671,2026-08-27,MANDI033,Cotton,6435.76,6620.0,-184.23999999999978,1,-2.7830815709969756
PR009473,30.03.2026,MANDI045,Paddy,1976.95,2183.0,-206.04999999999995,1,-9.438845625286302
PR001976,2026-03-01,MANDI054,REQUIRES_INVESTIGATION,2119.82,2183.0,-63.179999999999836,1,-2.894182317911124
PR004534,24/06/2026,MANDI048,Cotton,6323.77,6620.0,-296.22999999999956,1,-4.474773413897274
PR002966,06.08.2026,MANDI036,Paddy,2150.81,2183.0,-32.190000000000055,1,-1.4745762711864432
PR008199,12/06/2026,MANDI011,Wheat,2328.59,2275.0,53.590000000000146,0,2.355604395604402
PR007808,2026/08/03,MANDI031,REQUIRES_INVESTIGATION,3150.555177607025,3500.0,-349.44482239297486,1,-9.984137782656424
PR000431,17.04.2026,,Corn,2171.33,2090.0,81.32999999999993,0,3.8913875598086087
PR006602,2026/05/06,MANDI055,REQUIRES_INVESTIGATION,2397.23,2183.0,214.23000000000002,0,9.8135593220339
PR009874,01-13-2026,MANDI032,Paddy,2347.568951094236,2183.0,164.56895109423613,0,7.538660150904082
PR010427,15.08.2026,MANDI025,REQUIRES_INVESTIGATION,2066.147888080738,2183.0,-116.85211191926192,1,-5.352822350859456
PR006273,17-Jan-2026,MANDI041,Paddy,2290.475138286652,2183.0,107.47513828665205,0,4.923277063062394
PR005613,10.05.2026,MANDI041,REQUIRES_INVESTIGATION,2162.0,2090.0,72.0,0,3.4449760765550237
PR008901,06-17-2026,MANDI031,REQUIRES_INVESTIGATION,2293.08,2183.0,110.07999999999993,0,5.042601923957853
PR010906,2026-01-20,,Sugarcane,3976.11,3500.0,476.1100000000001,0,13.603142857142862
PR011083,16.07.2026,MANDI056,Sugarcane,3650.3,3500.0,150.30000000000018,0,4.294285714285719
PR000025,16/02/2026,MANDI043,Paddy,2369.54,2183.0,186.53999999999996,0,8.545121392579018
PR011738,25-Jan-2026,MANDI014,Sugarcane,3478.81,3500.0,-21.190000000000055,1,-0.605428571428573
PR010131,06.09.2026,MANDI029,REQUIRES_INVESTIGATION,2059.75,2183.0,-123.25,1,-5.645900137425562
PR007007,2026/03/28,,Cotton,6521.73,6620.0,-98.27000000000044,1,-1.4844410876132996
PR006104,15-Jan-2026,MANDI030,REQUIRES_INVESTIGATION,3555.05,3500.0,55.05000000000018,0,1.572857142857148
PR005177,02-10-2026,MANDI041,Wheat,2437.73,2275.0,162.73000000000002,0,7.152967032967034
PR005006,02.03.2026,MANDI027,REQUIRES_INVESTIGATION,5734.227430862055,5650.0,84.22743086205537,0,1.4907509887089447
PR005359,27.06.2026,MANDI052,Sugarcane,3720.19,3500.0,220.19000000000005,0,6.291142857142859
PR006515,24.02.2026,MANDI043,REQUIRES_INVESTIGATION,2339.03,2183.0,156.0300000000002,0,7.147503435639038
PR002374,2026-07-17,MANDI041,Wheat,2352.0,2275.0,77.0,0,3.3846153846153846
PR002312,2026/08/12,MANDI016,Sugarcane,3555.72,3500.0,55.7199999999998,0,1.591999999999994
PR010419,07-11-2026,MANDI039,Mustard,6103.0,5650.0,453.0,0,8.017699115044248
PR010055,2026-05-29,MANDI049,Paddy,1958.0,2183.0,-225.0,1,-10.306917086578103
PR011853,2026/02/14,MANDI023,Sugarcane,3679.55,3500.0,179.55000000000018,0,5.130000000000005
PR007589,19/06/2026,MANDI021,Wheat,2335.17,2275.0,60.17000000000007,0,2.644835164835168
PR009456,19/05/2026,MANDI002,REQUIRES_INVESTIGATION,2134.25,2183.0,-48.75,1,-2.233165368758589
PR005900,21-Aug-2026,,Wheat,2100.22,2275.0,-174.7800000000002,1,-7.682637362637372
PR005251,2026-06-20,MANDI050,REQUIRES_INVESTIGATION,2264.71,2183.0,81.71000000000004,0,3.743014200641321
PR002038,23/01/2026,MANDI048,REQUIRES_INVESTIGATION,3516.0,3500.0,16.0,0,0.4571428571428572
PR007489,2026-05-14,MANDI049,Sugarcane,4003.0,3500.0,503.0,0,14.371428571428572
PR002391,2026-04-03,MANDI008,REQUIRES_INVESTIGATION,2481.16,2183.0,298.15999999999985,0,13.658268437929449
PR003788,27/06/2026,MANDI028,Wheat,2187.65,2275.0,-87.34999999999991,1,-3.8395604395604357
PR003424,30-Jan-2026,MANDI034,Cotton,7675.46,6620.0,1055.46,0,15.943504531722056
PR002423,03-May-2026,MANDI033,Wheat,2186.99,2275.0,-88.01000000000022,1,-3.868571428571438
PR001690,12-Feb-2026,MANDI009,Cotton,7577.87,6620.0,957.8699999999999,0,14.469335347432022
PR001269,19-Jan-2026,,Mustard,5955.0,5650.0,305.0,0,5.398230088495575
PR000985,05-31-2026,MANDI027,Mustard,6029.48,5650.0,379.47999999999956,0,6.716460176991143
PR008021,2026-07-06,MANDI014,Mustard,5979.25,5650.0,329.25,0,5.827433628318584
PR002261,06/08/2026,MANDI019,Cotton,7192.0,6620.0,572.0,0,8.6404833836858
PR009429,2026-01-25,MANDI014,REQUIRES_INVESTIGATION,2211.7432910901234,2183.0,28.74329109012342,0,1.3166876358279167
PR003798,2026-04-23,MANDI042,REQUIRES_INVESTIGATION,3911.0,3500.0,411.0,0,11.742857142857142
PR009133,26/06/2026,MANDI019,Cotton,7072.78,6620.0,452.77999999999975,0,6.8395770392749204
PR008690,2026-02-15,MANDI008,Cotton,6898.115703781709,6620.0,278.11570378170927,0,4.20114356165724
PR001622,2026-06-25,MANDI054,REQUIRES_INVESTIGATION,2304.42,2183.0,121.42000000000007,0,5.562070545121396
PR001197,15.01.2026,MANDI005,REQUIRES_INVESTIGATION,2285.946187089387,2090.0,195.94618708938697,0,9.375415650209904
PR003363,2026/06/06,MANDI031,Cotton,7002.1,6620.0,382.10000000000036,0,5.771903323262846
PR008250,2026/06/03,MANDI039,Mustard,5367.0,5650.0,-283.0,1,-5.008849557522124
PR008463,02-19-2026,MANDI017,Corn,2247.22,2090.0,157.2199999999998,0,7.522488038277503
PR006207,28-Jan-2026,MANDI038,REQUIRES_INVESTIGATION,2255.74,2183.0,72.73999999999978,0,3.332111772789729
PR005479,2026/07/12,MANDI054,Wheat,2240.43,2275.0,-34.570000000000164,1,-1.5195604395604467
PR009840,22/01/2026,MANDI019,REQUIRES_INVESTIGATION,2353.05,2183.0,170.05000000000018,0,7.789738891433815
PR004718,2026-01-15,MANDI040,Cotton,6251.59,6620.0,-368.40999999999985,1,-5.565105740181267
PR003447,2026-07-31,MANDI050,Mustard,5636.14,5650.0,-13.859999999999673,1,-0.24530973451326854
PR000369,2026-02-28,MANDI043,Sugarcane,4010.75,3500.0,510.75,0,14.592857142857143
PR001636,2026/04/29,MANDI020,Sugarcane,3957.230974116456,3500.0,457.23097411645585,0,13.063742117613025
PR002584,14/06/2026,MANDI024,Wheat,2463.17,2275.0,188.17000000000007,0,8.271208791208796
PR002034,2026-01-27,MANDI030,Mustard,5560.78,5650.0,-89.22000000000025,1,-1.5791150442477924
PR008769,04-06-2026,MANDI048,Corn,2100.41,2090.0,10.409999999999854,0,0.4980861244019069
PR004821,2026-05-17,,Sugarcane,3285.51,3500.0,-214.48999999999978,1,-6.128285714285708
PR010672,22-Aug-2026,MANDI002,Cotton,6828.57,6620.0,208.5699999999997,0,3.1506042296072465
PR001298,2026-08-10,MANDI002,REQUIRES_INVESTIGATION,2033.08,2090.0,-56.92000000000007,1,-2.7234449760765584
PR000837,18.04.2026,MANDI028,Cotton,6095.35,6620.0,-524.6499999999996,1,-7.925226586102714
PR000373,2026/02/14,MANDI033,REQUIRES_INVESTIGATION,6086.32,5650.0,436.3199999999997,0,7.72247787610619
PR010683,27.04.2026,MANDI023,Corn,2002.75,2090.0,-87.25,1,-4.1746411483253585
PR002119,02/02/2026,MANDI028,Wheat,2264.95,2275.0,-10.050000000000182,1,-0.4417582417582498
PR000966,31/03/2026,MANDI033,Mustard,5646.0,5650.0,-4.0,1,-0.07079646017699115
PR005962,15/08/2026,MANDI051,Mustard,5883.33,5650.0,233.32999999999993,0,4.129734513274335
PR009351,30.01.2026,MANDI056,REQUIRES_INVESTIGATION,2212.780620310624,2183.0,29.780620310623817,0,1.364206152570949
PR011914,10-May-2026,MANDI017,Corn,2095.0,2090.0,5.0,0,0.23923444976076555
PR011811,2026-08-04,MANDI029,Paddy,2010.8,2183.0,-172.20000000000005,1,-7.88822721026111
PR003774,03-27-2026,MANDI001,REQUIRES_INVESTIGATION,3736.62,3500.0,236.6199999999999,0,6.760571428571425
PR007200,04/05/2026,MANDI048,Corn,2046.893235992456,2090.0,-43.106764007543916,1,-2.0625245936623884
PR001917,11.05.2026,MANDI006,Sugarcane,3939.98,3500.0,439.98,0,12.570857142857145
PR010640,2026-04-28,MANDI003,Wheat,2254.17,2275.0,-20.829999999999927,1,-0.9156043956043923
PR000013,20-May-2026,MANDI012,Corn,2027.28,2090.0,-62.72000000000003,1,-3.0009569377990446
PR011786,20/08/2026,MANDI001,Wheat,2243.124483842301,2275.0,-31.875516157699167,1,-1.4011215893494138
PR003863,2026/08/19,,Sugarcane,3415.77,3500.0,-84.23000000000002,1,-2.406571428571429
PR007613,18/03/2026,MANDI044,Mustard,6305.41,5650.0,655.4099999999999,0,11.600176991150441
PR007297,06/09/2026,MANDI044,Cotton,6299.1,6620.0,-320.89999999999964,1,-4.847432024169178
PR011815,2026-02-13,MANDI013,REQUIRES_INVESTIGATION,2112.0,2090.0,22.0,0,1.0526315789473684
PR009174,04.01.2026,MANDI042,Cotton,6381.0,6620.0,-239.0,1,-3.610271903323263
PR009563,05-28-2026,MANDI008,Paddy,2086.37,2183.0,-96.63000000000011,1,-4.4264773247824145
PR006245,19-Jun-2026,,Mustard,5690.6,5650.0,40.600000000000364,0,0.7185840707964666
PR006574,23/06/2026,MANDI014,Cotton,6034.791517699712,6620.0,-585.2084823002879,1,-8.840007285502837
PR009158,28.04.2026,MANDI009,Corn,2171.86,2090.0,81.86000000000013,0,3.9167464114832593
PR002492,27/01/2026,MANDI004,Paddy,1987.7,2183.0,-195.29999999999995,1,-8.946404031149791
PR004135,18/04/2026,MANDI049,Sugarcane,3893.39,3500.0,393.3899999999999,0,11.239714285714282
PR008087,2026-08-31,MANDI051,REQUIRES_INVESTIGATION,2032.0,2090.0,-58.0,1,-2.77511961722488
PR003955,08.08.2026,MANDI053,Cotton,7077.666657201823,6620.0,457.666657201823,0,6.91339361332059
PR001922,19.08.2026,,REQUIRES_INVESTIGATION,1968.0,2090.0,-122.0,1,-5.837320574162679
PR004422,11-May-2026,,Corn,1987.87,2090.0,-102.13000000000011,1,-4.886602870813403
PR007098,03-Jul-2026,MANDI032,Sugarcane,3394.6416820357526,3500.0,-105.35831796424736,1,-3.010237656121353
PR006887,30-Jun-2026,MANDI052,Sugarcane,3553.0,3500.0,53.0,0,1.5142857142857145
PR006888,07/02/2026,MANDI024,Cotton,6293.45,6620.0,-326.5500000000002,1,-4.932779456193356
PR006819,2026-05-23,MANDI027,Cotton,6561.28,6620.0,-58.720000000000255,1,-0.8870090634441126
PR010800,2026-05-04,MANDI005,Cotton,6631.81,6620.0,11.8100000000004,0,0.17839879154079155
PR004485,04-03-2026,MANDI032,Wheat,2446.4,2275.0,171.4000000000001,0,7.534065934065938
PR005558,2026/04/01,MANDI048,Mustard,5342.14,5650.0,-307.8599999999997,1,-5.448849557522118
PR004048,07-05-2026,MANDI044,Mustard,6503.98,5650.0,853.9799999999996,0,15.114690265486718
PR001658,07-Mar-2026,MANDI042,Mustard,5396.0,5650.0,-254.0,1,-4.495575221238938
PR008222,06/03/2026,MANDI051,Mustard,5563.625010925354,5650.0,-86.37498907464578,1,-1.5287608685778016
PR010437,2026-04-01,MANDI022,Wheat,2453.91,2275.0,178.90999999999985,0,7.864175824175818
PR008594,17-Jan-2026,MANDI036,Corn,2150.553795147408,2090.0,60.55379514740798,0,2.8973107726032525
PR008578,2026-01-09,MANDI050,Corn,2034.6,2090.0,-55.40000000000009,1,-2.6507177033492866
PR007046,08-18-2026,MANDI008,Mustard,5069.16,5650.0,-580.8400000000001,1,-10.280353982300888
PR001810,2026/06/25,MANDI022,Mustard,5554.0,5650.0,-96.0,1,-1.6991150442477878
PR008082,2026/02/13,MANDI050,Mustard,5507.31,5650.0,-142.6899999999996,1,-2.52548672566371
PR011511,12-Aug-2026,MANDI057,REQUIRES_INVESTIGATION,2340.36,2090.0,250.36000000000013,0,11.978947368421059
PR008711,2026-05-08,MANDI002,Cotton,6968.24,6620.0,348.2399999999998,0,5.260422960725072
PR008057,23/06/2026,MANDI016,Mustard,5587.58083830754,5650.0,-62.419161692459966,1,-1.1047639237603535
PR001898,13.05.2026,MANDI043,Paddy,2442.0,2183.0,259.0,0,11.864406779661017
PR001256,07-02-2026,MANDI001,Sugarcane,3936.03,3500.0,436.0300000000002,0,12.458000000000006
PR010506,09/07/2026,MANDI057,Corn,2078.44,2090.0,-11.559999999999945,1,-0.5531100478468873
PR000448,02.02.2026,MANDI049,Cotton,6352.0,6620.0,-268.0,1,-4.04833836858006
PR005758,02-11-2026,MANDI027,Corn,2084.56,2090.0,-5.440000000000055,1,-0.26028708133971556
PR003838,2026/02/16,MANDI029,Wheat,2460.69,2275.0,185.69000000000005,0,8.162197802197804
PR009219,23/04/2026,MANDI014,Sugarcane,3559.7440434848204,3500.0,59.744043484820395,0,1.7069726709948683
PR006873,2026-08-15,MANDI031,REQUIRES_INVESTIGATION,3514.33,3500.0,14.329999999999927,0,0.40942857142856937
PR006112,06-27-2026,,Sugarcane,3974.53,3500.0,474.5300000000002,0,13.558000000000007
PR004825,26-Jan-2026,MANDI009,Sugarcane,3640.82,3500.0,140.82000000000016,0,4.0234285714285765
PR008630,15.07.2026,MANDI012,Cotton,6068.0,6620.0,-552.0,1,-8.338368580060424
PR002750,06-29-2026,MANDI030,Cotton,6971.74,6620.0,351.7399999999998,0,5.313293051359514
PR003816,19-Aug-2026,MANDI004,Paddy,2175.62,2183.0,-7.380000000000109,1,-0.3380668804397668
PR009581,01-22-2026,MANDI015,Cotton,7128.81,6620.0,508.8100000000004,0,7.685951661631426
PR007180,2026/03/03,MANDI009,REQUIRES_INVESTIGATION,2373.65,2090.0,283.6500000000001,0,13.571770334928235
PR004431,15.02.2026,MANDI038,Paddy,2023.1,2183.0,-159.9000000000001,1,-7.324782409528176
PR003233,12/05/2026,MANDI049,Sugarcane,3320.98,3500.0,-179.01999999999998,1,-5.114857142857143
PR006131,07-Jul-2026,MANDI057,Corn,2241.9283828532566,2090.0,151.9283828532566,0,7.269300614988354
PR002397,12/05/2026,MANDI010,Wheat,2281.84,2275.0,6.8400000000001455,0,0.300659340659347
PR008846,03-Jul-2026,,Corn,1945.39,2090.0,-144.6099999999999,1,-6.919138755980857
PR001122,2026/08/28,MANDI042,Cotton,7125.03,6620.0,505.02999999999975,0,7.62885196374622
PR011205,06-Feb-2026,MANDI020,Sugarcane,3492.77,3500.0,-7.230000000000018,1,-0.2065714285714291
PR000681,2026/06/13,MANDI048,Cotton,6658.59,6620.0,38.590000000000146,0,0.5829305135951683
PR002749,2026-08-27,MANDI055,Cotton,6583.39,6620.0,-36.60999999999967,1,-0.5530211480362489
PR000579,03-12-2026,MANDI041,REQUIRES_INVESTIGATION,5522.64,5650.0,-127.35999999999967,1,-2.2541592920353923
PR006838,05.01.2026,MANDI057,Mustard,5929.97,5650.0,279.97000000000025,0,4.955221238938058
PR011187,03-18-2026,MANDI022,Paddy,2302.44,2183.0,119.44000000000005,0,5.471369674759508
PR011950,19.04.2026,MANDI044,Cotton,6921.25764987882,6620.0,301.2576498788203,0,4.550719786689129
PR005285,2026-01-01,MANDI041,Mustard,5749.0,5650.0,99.0,0,1.7522123893805308
PR005988,07-16-2026,MANDI038,Cotton,5951.0,6620.0,-669.0,1,-10.105740181268882
PR002239,01/09/2026,MANDI004,Wheat,2033.0,2275.0,-242.0,1,-10.637362637362639
PR000312,11-May-2026,MANDI023,Corn,2339.0,2090.0,249.0,0,11.913875598086124
PR011178,17.03.2026,MANDI056,REQUIRES_INVESTIGATION,2146.74,2183.0,-36.26000000000022,1,-1.6610169491525522
PR003266,13/03/2026,MANDI014,Sugarcane,3393.0,3500.0,-107.0,1,-3.0571428571428574
PR000458,23/03/2026,MANDI024,Mustard,5941.86,5650.0,291.8599999999997,0,5.165663716814153
PR000903,07-19-2026,MANDI036,Cotton,7089.0,6620.0,469.0,0,7.084592145015106
PR002320,2026/08/28,MANDI029,Mustard,5550.73,5650.0,-99.27000000000044,1,-1.7569911504424858
PR003646,16/08/2026,MANDI031,Wheat,2279.0,2275.0,4.0,0,0.1758241758241758
PR011313,2026/03/30,MANDI009,Sugarcane,3772.185321091014,3500.0,272.185321091014,0,7.776723459743256
PR007172,13.05.2026,MANDI022,Mustard,5256.0,5650.0,-394.0,1,-6.9734513274336285
PR005681,03-26-2026,MANDI052,REQUIRES_INVESTIGATION,2372.0,2183.0,189.0,0,8.657810352725608
PR007627,2026/02/10,MANDI011,Wheat,2372.23,2275.0,97.23000000000002,0,4.273846153846154
PR001013,08/01/2026,MANDI005,Wheat,2030.42,2275.0,-244.57999999999993,1,-10.750769230769228
PR006860,12.05.2026,MANDI008,Wheat,2305.237282163217,2275.0,30.23728216321706,0,1.329111303877673
PR001116,23.04.2026,MANDI055,Cotton,7157.42,6620.0,537.4200000000001,0,8.118126888217523
PR000893,02.01.2026,MANDI016,Cotton,6739.88163167877,6620.0,119.88163167876974,0,1.8109007806460686
PR004621,2026/05/23,MANDI042,REQUIRES_INVESTIGATION,2337.0,2090.0,247.0,0,11.818181818181818
PR009854,07-31-2026,MANDI026,REQUIRES_INVESTIGATION,2225.44,2183.0,42.440000000000055,0,1.944113605130557
PR011299,11.04.2026,MANDI022,Cotton,6396.15,6620.0,-223.85000000000036,1,-3.381419939577045
PR004211,2026/05/16,MANDI014,Cotton,7088.55,6620.0,468.5500000000002,0,7.077794561933537
PR001928,24-Jun-2026,MANDI053,Mustard,5851.28,5650.0,201.27999999999975,0,3.5624778761061906
PR003675,2026/03/22,MANDI021,Mustard,5687.68,5650.0,37.68000000000029,0,0.6669026548672617
PR009205,2026-02-22,MANDI021,Mustard,5677.46,5650.0,27.460000000000036,0,0.4860176991150449
PR000079,2026/01/14,MANDI039,Sugarcane,3212.250525058389,3500.0,-287.74947494161097,1,-8.221413569760314
PR007943,15/05/2026,MANDI017,Corn,1871.94,2090.0,-218.05999999999995,1,-10.433492822966505
PR000494,21/08/2026,,Mustard,6016.52,5650.0,366.52000000000044,0,6.487079646017707
PR005361,25.01.2026,MANDI046,Wheat,2455.93,2275.0,180.92999999999984,0,7.952967032967026
PR010762,2026-03-21,MANDI056,Cotton,7168.92,6620.0,548.9200000000001,0,8.291842900302115
PR011600,02-10-2026,MANDI006,REQUIRES_INVESTIGATION,2213.7,2183.0,30.699999999999818,0,1.406321575813093
PR006851,2026-07-26,MANDI038,Wheat,2107.15,2275.0,-167.8499999999999,1,-7.378021978021974
PR005606,10.03.2026,MANDI047,Wheat,2320.19,2275.0,45.190000000000055,0,1.9863736263736287
PR001043,22-Jun-2026,,Paddy,2064.7,2183.0,-118.30000000000018,1,-5.419147961520851
PR010869,2026-01-01,MANDI052,Mustard,6047.837947404732,5650.0,397.8379474047324,0,7.04137960008376
PR001739,2026/03/19,MANDI004,Cotton,7254.135686931819,6620.0,634.1356869318188,0,9.579088926462518
PR005040,2026-02-21,MANDI043,Paddy,1998.73,2183.0,-184.26999999999998,1,-8.441136051305541
PR004682,2026/03/24,MANDI020,Cotton,7206.41,6620.0,586.4099999999999,0,8.858157099697884
PR008605,20-Jan-2026,MANDI028,Wheat,2499.3731976184536,2275.0,224.37319761845356,0,9.862558137074883
PR010931,14-Jun-2026,MANDI009,Corn,2250.79,2090.0,160.78999999999996,0,7.693301435406696
PR006348,02-24-2026,MANDI049,Paddy,2260.49,2183.0,77.48999999999978,0,3.5497022446174893
PR000394,04-Sep-2026,MANDI054,Corn,2130.0,2090.0,40.0,0,1.9138755980861244
PR011669,2026-04-18,MANDI035,REQUIRES_INVESTIGATION,2039.52,2090.0,-50.48000000000002,1,-2.41531100478469
PR006558,04/08/2026,,Cotton,7279.38,6620.0,659.3800000000001,0,9.960422960725076
PR011310,04.02.2026,MANDI039,Cotton,6355.59,6620.0,-264.40999999999985,1,-3.994108761329303
PR001316,2026/03/14,MANDI034,Sugarcane,3184.87,3500.0,-315.1300000000001,1,-9.003714285714288
PR002087,13/03/2026,,REQUIRES_INVESTIGATION,2184.0,2183.0,1.0,0,0.04580852038479157
PR007275,05-07-2026,MANDI040,Mustard,5319.5,5650.0,-330.5,1,-5.849557522123893
PR008073,05-Apr-2026,MANDI001,REQUIRES_INVESTIGATION,2261.16,2183.0,78.15999999999985,0,3.580393953275302
PR008224,25.08.2026,,Mustard,5294.1,5650.0,-355.89999999999964,1,-6.299115044247781
PR006324,2026/01/21,MANDI023,Mustard,6138.63,5650.0,488.6300000000001,0,8.648318584070799
PR007444,2026-06-22,,REQUIRES_INVESTIGATION,2336.13,2183.0,153.1300000000001,0,7.014658726523139
PR003887,16/04/2026,MANDI027,REQUIRES_INVESTIGATION,3907.31,3500.0,407.30999999999995,0,11.63742857142857
PR003011,11-Feb-2026,MANDI057,Wheat,2116.590744840276,2275.0,-158.40925515972413,1,-6.963044182845017
PR009142,2026-08-02,MANDI012,Wheat,2420.0,2275.0,145.0,0,6.373626373626373
PR011852,2026-04-29,MANDI029,Wheat,2046.1375738426748,2275.0,-228.86242615732522,1,-10.059886864058251
PR004631,2026/08/03,MANDI011,Wheat,2535.24,2275.0,260.2399999999998,0,11.43912087912087
PR011231,22/07/2026,MANDI045,REQUIRES_INVESTIGATION,2546.83,2183.0,363.8299999999999,0,16.666513971598715
PR010224,14/08/2026,MANDI017,Mustard,5315.027578900945,5650.0,-334.9724210990553,1,-5.928715417682395
PR005342,30/06/2026,MANDI013,REQUIRES_INVESTIGATION,2331.71,2183.0,148.71000000000004,0,6.812185066422356
PR000477,03/04/2026,MANDI054,Paddy,2218.08,2183.0,35.07999999999993,0,1.606962895098485
PR001971,08-Feb-2026,MANDI051,REQUIRES_INVESTIGATION,2180.89,2183.0,-2.1100000000001273,1,-0.09665597801191604
PR002765,06-06-2026,MANDI057,Mustard,5419.0,5650.0,-231.0,1,-4.088495575221239
PR002914,08-Jul-2026,MANDI041,Corn,2115.87,2090.0,25.86999999999989,0,1.2377990430621957
PR006427,02-Sep-2026,MANDI049,Cotton,7370.8454035573795,6620.0,750.8454035573795,0,11.342075582437758
PR001281,2026-08-12,MANDI050,Mustard,5787.25,5650.0,137.25,0,2.4292035398230087
PR004764,30/07/2026,MANDI024,REQUIRES_INVESTIGATION,2117.75,2090.0,27.75,0,1.3277511961722488
PR010929,2026-03-23,MANDI016,Wheat,2424.0,2275.0,149.0,0,6.54945054945055
PR009184,2026-03-16,,Cotton,7103.0,6620.0,483.0,0,7.29607250755287
PR004571,08-20-2026,MANDI011,Sugarcane,3421.77,3500.0,-78.23000000000002,1,-2.2351428571428578
PR008163,2026/03/14,MANDI006,Sugarcane,3294.26,3500.0,-205.73999999999978,1,-5.878285714285708
PR003322,23/05/2026,MANDI021,REQUIRES_INVESTIGATION,5903.88,5650.0,253.8800000000001,0,4.49345132743363
PR004813,27/03/2026,MANDI045,Sugarcane,4030.98,3500.0,530.98,0,15.170857142857145
PR002187,07-Apr-2026,MANDI029,Paddy,2460.56,2183.0,277.55999999999995,0,12.714612918002747
PR006125,2026-07-19,,Sugarcane,4032.083023897795,3500.0,532.0830238977951,0,15.202372111365575
PR010190,08.04.2026,,REQUIRES_INVESTIGATION,2267.91,2090.0,177.90999999999985,0,8.512440191387553
PR009941,2026/02/02,MANDI057,Mustard,5836.89,5650.0,186.89000000000033,0,3.307787610619475
PR001338,2026-08-24,MANDI010,Corn,1966.386379297796,2090.0,-123.61362070220389,1,-5.914527306325545
PR010520,30.08.2026,MANDI020,REQUIRES_INVESTIGATION,2002.25,2090.0,-87.75,1,-4.198564593301436
PR003956,2026-06-22,MANDI036,Paddy,2161.52,2183.0,-21.480000000000018,1,-0.9839670178653238
PR001490,15-Aug-2026,MANDI008,Cotton,7032.96,6620.0,412.96000000000004,0,6.238066465256798
PR006667,15/08/2026,MANDI005,Sugarcane,3291.51,3500.0,-208.48999999999978,1,-5.956857142857137
PR002961,2026/03/03,MANDI025,Sugarcane,3316.57,3500.0,-183.42999999999984,1,-5.240857142857138
PR005471,2026/08/21,,Cotton,7226.18,6620.0,606.1800000000003,0,9.156797583081575
PR010492,25/01/2026,MANDI011,REQUIRES_INVESTIGATION,2371.0,2183.0,188.0,0,8.612001832340816
PR010483,2026-08-10,MANDI003,Corn,2376.43,2090.0,286.42999999999984,0,13.704784688995208
PR008358,2026-06-11,MANDI035,Mustard,5415.34,5650.0,-234.65999999999985,1,-4.153274336283183
PR004067,30/07/2026,MANDI042,Mustard,5735.05,5650.0,85.05000000000018,0,1.5053097345132775
PR009633,08/03/2026,MANDI039,Mustard,5389.26,5650.0,-260.7399999999998,1,-4.614867256637164
PR001921,22/08/2026,MANDI047,Sugarcane,3696.66,3500.0,196.65999999999985,0,5.618857142857139
PR006449,02-Mar-2026,,Cotton,5969.0,6620.0,-651.0,1,-9.833836858006043
PR010523,2026/06/15,,Wheat,2330.66,2275.0,55.659999999999854,0,2.4465934065934003
PR010624,01-19-2026,MANDI026,Wheat,2542.539422821384,2275.0,267.53942282138405,0,11.759974629511387
PR008733,2026-03-14,MANDI025,Cotton,6882.029714017117,6620.0,262.02971401711693,0,3.9581527797147578
PR004823,03-11-2026,MANDI002,REQUIRES_INVESTIGATION,2113.0,2090.0,23.0,0,1.1004784688995215
PR009442,2026-03-17,,REQUIRES_INVESTIGATION,3864.19,3500.0,364.19000000000005,0,10.405428571428573
PR011628,11-Mar-2026,MANDI055,Cotton,6342.74,6620.0,-277.2600000000002,1,-4.188217522658613
PR009228,27-Apr-2026,MANDI012,Cotton,7082.77,6620.0,462.77000000000044,0,6.990483383685807
PR009276,2026-06-06,MANDI017,Paddy,2557.0,2183.0,374.0,0,17.132386623912048
PR000420,19/04/2026,MANDI054,Wheat,2524.51,2275.0,249.51000000000022,0,10.967472527472538
PR006426,14-May-2026,MANDI039,Cotton,6372.45,6620.0,-247.55000000000018,1,-3.7394259818731146
PR000674,13.08.2026,MANDI032,Cotton,7130.94,6620.0,510.9399999999996,0,7.718126888217516
PR004741,2026/04/18,,Wheat,2423.83,2275.0,148.82999999999993,0,6.541978021978019
PR005243,04-Sep-2026,MANDI052,Sugarcane,3738.96,3500.0,238.96000000000004,0,6.827428571428571
PR004789,05-02-2026,MANDI026,Cotton,6672.0,6620.0,52.0,0,0.785498489425982
PR004531,2026/07/10,MANDI005,Paddy,2275.47,2183.0,92.4699999999998,0,4.235913879981668
PR004528,27/08/2026,,REQUIRES_INVESTIGATION,3748.29,3500.0,248.28999999999996,0,7.0939999999999985
PR010693,2026-04-17,MANDI054,REQUIRES_INVESTIGATION,2046.78,2183.0,-136.22000000000003,1,-6.240036646816309
PR004157,2026-07-27,MANDI056,REQUIRES_INVESTIGATION,3545.44,3500.0,45.440000000000055,0,1.2982857142857158
PR010262,02-26-2026,MANDI027,Cotton,6447.77,6620.0,-172.22999999999956,1,-2.601661631419933
PR011804,2026-05-22,MANDI041,REQUIRES_INVESTIGATION,1983.0,2183.0,-200.0,1,-9.161704076958314
PR001332,02.02.2026,MANDI002,Wheat,2334.68,2275.0,59.679999999999836,0,2.6232967032966963
PR006190,04-08-2026,MANDI008,Mustard,5532.2,5650.0,-117.80000000000018,1,-2.0849557522123927
PR002067,2026/06/30,MANDI001,Sugarcane,3296.16,3500.0,-203.84000000000015,1,-5.824000000000004
PR007460,28.03.2026,MANDI053,REQUIRES_INVESTIGATION,2040.0,2090.0,-50.0,1,-2.3923444976076556
PR006070,05.01.2026,MANDI038,Corn,2001.86,2090.0,-88.1400000000001,1,-4.21722488038278
PR003931,2026/03/15,MANDI008,Wheat,2403.0,2275.0,128.0,0,5.626373626373626
PR001487,2026/03/14,,Cotton,6420.53,6620.0,-199.47000000000025,1,-3.0131419939577078
PR003540,2026-05-04,MANDI054,REQUIRES_INVESTIGATION,2322.12,2090.0,232.1199999999999,0,11.106220095693775
PR001510,15-Jun-2026,MANDI022,Sugarcane,3728.23,3500.0,228.23000000000002,0,6.520857142857143
PR009146,10/05/2026,MANDI001,REQUIRES_INVESTIGATION,2303.42,2183.0,120.42000000000007,0,5.516262024736605
PR006019,27/05/2026,MANDI050,REQUIRES_INVESTIGATION,6269.2330028946735,5650.0,619.2330028946735,0,10.95987615742785
PR008859,2026-01-19,MANDI045,Wheat,2348.37,2275.0,73.36999999999989,0,3.22505494505494
PR007184,2026-02-07,MANDI055,Mustard,5020.284783659821,5650.0,-629.7152163401788,1,-11.14540205911821
PR009979,08-16-2026,,Corn,2227.228990434986,2090.0,137.22899043498592,0,6.565980403587843
PR009167,2026-02-03,,Wheat,2332.56,2275.0,57.559999999999945,0,2.5301098901098875
PR007521,08-29-2026,MANDI016,Wheat,2467.49,2275.0,192.48999999999978,0,8.461098901098891
PR008336,10-Jan-2026,MANDI013,Paddy,2395.91,2183.0,212.90999999999985,0,9.753092075125966
PR005492,22.07.2026,MANDI032,Wheat,2522.0,2275.0,247.0,0,10.857142857142858
PR000813,14.07.2026,,REQUIRES_INVESTIGATION,2355.85,2183.0,172.8499999999999,0,7.918002748511219
PR008471,2026/06/28,MANDI002,Paddy,2418.57,2183.0,235.57000000000016,0,10.791113147045358
PR006606,16/02/2026,MANDI028,Wheat,2360.24,2275.0,85.23999999999978,0,3.746813186813177
PR011361,2026/01/11,MANDI036,REQUIRES_INVESTIGATION,2221.0,2183.0,38.0,0,1.7407237746220796
PR011265,2026-06-02,MANDI027,Corn,2158.96,2090.0,68.96000000000004,0,3.29952153110048
PR002533,28-Feb-2026,,Sugarcane,3484.11,3500.0,-15.889999999999873,1,-0.45399999999999635
PR002290,11/01/2026,MANDI042,REQUIRES_INVESTIGATION,1995.87150369271,2183.0,-187.1284963072901,1,-8.572079537667893
PR011162,09-Feb-2026,MANDI039,Cotton,7249.07,6620.0,629.0699999999997,0,9.50256797583081
PR009424,2026/04/19,MANDI016,Mustard,6221.13,5650.0,571.1300000000001,0,10.10849557522124
PR007831,2026/04/06,MANDI046,Wheat,2628.53,2275.0,353.5300000000002,0,15.539780219780228
PR008574,2026-07-21,MANDI028,Cotton,6467.084969925172,6620.0,-152.91503007482788,1,-2.3098947141212673
PR009144,03/04/2026,MANDI013,Wheat,2079.0,2275.0,-196.0,1,-8.615384615384615
PR010615,16/04/2026,,REQUIRES_INVESTIGATION,5426.0,5650.0,-224.0,1,-3.9646017699115044
PR001727,2026-03-16,MANDI022,Cotton,6903.0,6620.0,283.0,0,4.2749244712990935
PR004930,02-Jul-2026,MANDI015,Corn,2183.4536498195725,2090.0,93.45364981957255,0,4.471466498544141
PR006243,06-30-2026,MANDI026,Wheat,2224.76,2275.0,-50.23999999999978,1,-2.2083516483516386
PR002465,04-Jun-2026,MANDI025,Mustard,5663.62,5650.0,13.61999999999989,0,0.24106194690265295
PR010765,04.06.2026,MANDI049,Sugarcane,3539.39,3500.0,39.38999999999987,0,1.125428571428568
PR003601,2026-05-21,MANDI008,REQUIRES_INVESTIGATION,2176.26,2090.0,86.26000000000022,0,4.127272727272738
PR009047,2026-01-26,,Wheat,2555.55,2275.0,280.5500000000002,0,12.33186813186814
PR005726,08-Jul-2026,,REQUIRES_INVESTIGATION,2037.75,2183.0,-145.25,1,-6.653687585890975
PR007861,27/01/2026,MANDI053,Corn,2114.0,2090.0,24.0,0,1.1483253588516746
PR005348,07/08/2026,MANDI056,Mustard,5682.27,5650.0,32.27000000000044,0,0.5711504424778838
PR011088,14/01/2026,MANDI025,Sugarcane,3778.4329373973833,3500.0,278.4329373973833,0,7.955226782782379
PR011943,22/02/2026,MANDI051,Mustard,5488.0,5650.0,-162.0,1,-2.8672566371681416
PR004893,2026-03-25,MANDI033,Wheat,2352.7,2275.0,77.69999999999982,0,3.4153846153846077
PR011708,2026/08/23,MANDI048,Mustard,5649.74,5650.0,-0.2600000000002183,1,-0.004601769911508288
PR003468,2026-07-09,MANDI011,Mustard,5312.64,5650.0,-337.3599999999997,1,-5.970973451327428
PR001965,2026/04/07,MANDI029,Corn,2114.0,2090.0,24.0,0,1.1483253588516746
PR002051,19/03/2026,MANDI038,Sugarcane,3837.0,3500.0,337.0,0,9.628571428571428
PR006882,2026-06-17,MANDI015,REQUIRES_INVESTIGATION,2256.0,2183.0,73.0,0,3.344021988089785
PR002820,2026/05/13,MANDI005,REQUIRES_INVESTIGATION,1995.53,2090.0,-94.47000000000003,1,-4.520095693779905
PR004399,14/07/2026,MANDI057,Cotton,6161.29,6620.0,-458.71000000000004,1,-6.92915407854985
PR002370,06-11-2026,MANDI006,REQUIRES_INVESTIGATION,2019.2,2183.0,-163.79999999999995,1,-7.503435639028858
PR006212,19-Jul-2026,MANDI002,Wheat,2447.0,2275.0,172.0,0,7.560439560439561
PR004508,2026-06-11,MANDI018,Mustard,6127.34,5650.0,477.34000000000015,0,8.448495575221243
PR005084,2026-01-31,MANDI008,Mustard,5739.91,5650.0,89.90999999999985,0,1.5913274336283159
PR005176,09-03-2026,MANDI056,Cotton,6103.53017698785,6620.0,-516.4698230121503,1,-7.801658957887467
PR003443,01-02-2026,MANDI036,Wheat,2624.85,2275.0,349.8499999999999,0,15.378021978021975
PR001882,2026-04-13,,REQUIRES_INVESTIGATION,2028.44,2183.0,-154.55999999999995,1,-7.080164910673383
PR008468,14/03/2026,MANDI013,REQUIRES_INVESTIGATION,2200.84,2183.0,17.840000000000146,0,0.8172240036646883
PR007824,06-May-2026,,Mustard,5084.29,5650.0,-565.71,1,-10.012566371681416
PR006396,06-10-2026,MANDI002,Paddy,2119.91,2183.0,-63.090000000000146,1,-2.890059551076507
PR010754,18.07.2026,MANDI023,REQUIRES_INVESTIGATION,2392.31,2183.0,209.30999999999995,0,9.588181401740721
PR002469,26-Mar-2026,MANDI031,Corn,2098.0,2090.0,8.0,0,0.3827751196172249
PR011676,13/04/2026,MANDI029,Corn,2062.55,2090.0,-27.449999999999818,1,-1.3133971291865942
PR005450,25/06/2026,MANDI046,Corn,2025.01,2090.0,-64.99000000000001,1,-3.109569377990431
PR004670,09/07/2026,MANDI005,Mustard,6084.56,5650.0,434.5600000000004,0,7.6913274336283255
PR000833,06-Feb-2026,MANDI031,Corn,2050.435380890844,2090.0,-39.564619109155956,1,-1.8930439765146392
PR011827,03-03-2026,,Cotton,6596.87,6620.0,-23.13000000000011,1,-0.3493957703927509
PR009380,10/05/2026,MANDI009,Sugarcane,4037.017411331887,3500.0,537.0174113318872,0,15.34335460948249
PR001815,26/06/2026,MANDI042,REQUIRES_INVESTIGATION,1943.9072145373532,2090.0,-146.09278546264682,1,-6.990085428834776
PR004701,27-Jan-2026,MANDI019,Cotton,5987.54,6620.0,-632.46,1,-9.553776435045318
PR005182,20.02.2026,MANDI023,Corn,2159.52,2090.0,69.51999999999998,0,3.3263157894736834
PR010185,2026/05/13,MANDI054,Cotton,7109.96,6620.0,489.96000000000004,0,7.4012084592145015
PR003536,01-24-2026,MANDI054,Sugarcane,3676.67,3500.0,176.67000000000007,0,5.047714285714288
PR008175,19/06/2026,MANDI020,REQUIRES_INVESTIGATION,2315.0,2183.0,132.0,0,6.046724690792487
PR000011,09-Apr-2026,MANDI045,Paddy,2135.28,2183.0,-47.7199999999998,1,-2.1859825927622447
PR001704,2026-08-21,MANDI039,Wheat,2413.2,2275.0,138.19999999999982,0,6.0747252747252665
PR000428,19/01/2026,MANDI038,Cotton,6474.35,6620.0,-145.64999999999964,1,-2.2001510574018073
PR005941,2026-02-15,MANDI035,Paddy,2308.0,2183.0,125.0,0,5.726065048098946
PR007035,2026-04-02,MANDI026,Mustard,5641.17,5650.0,-8.829999999999927,1,-0.1562831858407067
PR008424,2026-07-18,MANDI036,REQUIRES_INVESTIGATION,1862.67,2090.0,-227.32999999999993,1,-10.877033492822964
PR005550,01.08.2026,MANDI052,Paddy,2155.88,2183.0,-27.11999999999989,1,-1.2423270728355424
PR011584,2026-02-24,MANDI030,Mustard,6194.58,5650.0,544.5799999999999,0,9.638584070796458
PR009507,21-Aug-2026,MANDI015,Corn,2271.0,2090.0,181.0,0,8.660287081339712
PR007898,11.07.2026,MANDI009,Sugarcane,3560.0,3500.0,60.0,0,1.7142857142857144
PR010050,08-01-2026,MANDI043,REQUIRES_INVESTIGATION,2392.0,2183.0,209.0,0,9.573980760421438
PR006066,25-Mar-2026,MANDI029,Corn,2101.701898487153,2090.0,11.701898487152903,0,0.5598994491460719
PR002676,21/06/2026,MANDI023,REQUIRES_INVESTIGATION,5500.2603854656645,5650.0,-149.7396145343355,1,-2.650258664324522
PR010435,2026/04/03,MANDI044,REQUIRES_INVESTIGATION,2102.69,2183.0,-80.30999999999995,1,-3.6788822721026087
PR001148,21/05/2026,MANDI045,Sugarcane,3874.59,3500.0,374.59000000000015,0,10.702571428571432
PR005026,02-11-2026,MANDI053,REQUIRES_INVESTIGATION,2028.39,2090.0,-61.6099999999999,1,-2.947846889952148
PR011308,06-21-2026,MANDI016,Corn,2053.47,2090.0,-36.5300000000002,1,-1.7478468899521629
PR000463,18-Jul-2026,MANDI037,Wheat,2365.92,2275.0,90.92000000000007,0,3.99648351648352
PR005878,2026-07-31,MANDI031,Mustard,5607.7,5650.0,-42.30000000000018,1,-0.7486725663716847
PR007977,05-06-2026,MANDI012,Wheat,2113.08,2275.0,-161.92000000000007,1,-7.117362637362641
PR009539,2026/07/18,MANDI054,REQUIRES_INVESTIGATION,2122.5957046913472,2090.0,32.59570469134724,0,1.5596030952797721
PR005906,2026-06-24,MANDI056,REQUIRES_INVESTIGATION,2024.0,2090.0,-66.0,1,-3.1578947368421053
PR008998,2026/06/18,MANDI008,Sugarcane,3591.02,3500.0,91.01999999999998,0,2.600571428571428
PR007563,27/06/2026,MANDI051,Wheat,2006.38,2275.0,-268.6199999999999,1,-11.807472527472521
PR010795,21/02/2026,MANDI016,Sugarcane,3796.68,3500.0,296.67999999999984,0,8.476571428571424
PR003244,2026-02-12,,Wheat,2291.518961478842,2275.0,16.518961478841902,0,0.7261081968721715
PR010886,04-25-2026,MANDI039,REQUIRES_INVESTIGATION,2461.27,2183.0,278.27,0,12.74713696747595
PR003664,2026-02-06,MANDI012,Corn,2023.0,2090.0,-67.0,1,-3.2057416267942584
PR001723,17-May-2026,MANDI033,Mustard,5422.6,5650.0,-227.39999999999964,1,-4.02477876106194
PR002146,23.05.2026,MANDI015,Sugarcane,3573.91,3500.0,73.90999999999985,0,2.1117142857142817
PR001545,31-May-2026,MANDI050,Corn,2343.0,2090.0,253.0,0,12.105263157894736
PR000118,24/07/2026,MANDI052,Wheat,2497.0,2275.0,222.0,0,9.758241758241757
PR001628,25/02/2026,MANDI050,Cotton,6271.23,6620.0,-348.77000000000044,1,-5.268429003021154
PR003365,2026-08-31,MANDI006,Sugarcane,3609.960329083858,3500.0,109.96032908385814,0,3.1417236881102326
PR008215,17-Aug-2026,MANDI015,Corn,2123.25,2090.0,33.25,0,1.5909090909090908
PR006852,10.05.2026,MANDI028,Mustard,5783.05,5650.0,133.05000000000018,0,2.354867256637171
PR011105,27/07/2026,MANDI010,Cotton,6279.01,6620.0,-340.9899999999998,1,-5.150906344410873
PR005071,05/08/2026,,Corn,2242.39,2090.0,152.38999999999987,0,7.291387559808607
PR010394,2026-05-17,MANDI033,Corn,2243.12,2090.0,153.1199999999999,0,7.3263157894736795
PR004116,2026-06-23,MANDI017,REQUIRES_INVESTIGATION,3322.6359211326558,3500.0,-177.36407886734423,1,-5.06754511049555
PR011075,02.03.2026,MANDI013,Sugarcane,3688.0,3500.0,188.0,0,5.371428571428572
PR011446,2026/03/10,MANDI038,Mustard,5806.0,5650.0,156.0,0,2.761061946902655
PR011490,02/06/2026,MANDI043,Corn,2013.86,2090.0,-76.1400000000001,1,-3.643062200956942
PR004861,2026-08-05,MANDI013,REQUIRES_INVESTIGATION,1943.85,2090.0,-146.1500000000001,1,-6.992822966507181
PR010415,2026-08-02,MANDI005,Sugarcane,3709.21,3500.0,209.21000000000004,0,5.977428571428573
PR003806,2026/07/07,MANDI036,Mustard,5082.2,5650.0,-567.8000000000002,1,-10.049557522123898
PR008996,27-Jul-2026,MANDI031,Sugarcane,3924.75,3500.0,424.75,0,12.135714285714286
PR003329,06/05/2026,MANDI040,Corn,2187.21,2090.0,97.21000000000004,0,4.651196172248805
PR003202,2026-02-03,MANDI056,Paddy,2180.0,2183.0,-3.0,1,-0.1374255611543747
PR006935,05-21-2026,,Cotton,7132.98,6620.0,512.9799999999996,0,7.748942598187305
PR006966,2026-06-28,,Mustard,5270.16,5650.0,-379.84000000000015,1,-6.7228318584070825
PR007143,2026/07/09,,Paddy,2324.380239614625,2183.0,141.38023961462522,0,6.476419588393277
PR007679,17/06/2026,MANDI030,REQUIRES_INVESTIGATION,3320.987493239721,3500.0,-179.01250676027894,1,-5.114643050293684
PR006249,2026/06/24,MANDI019,Wheat,2534.0248266797857,2275.0,259.02482667978575,0,11.38570666724333
PR007445,2026-01-22,MANDI017,Cotton,7071.95,6620.0,451.9499999999998,0,6.827039274924468
PR007309,08.08.2026,MANDI051,Mustard,5380.0,5650.0,-270.0,1,-4.778761061946903
PR001588,08-11-2026,MANDI024,Sugarcane,3763.0,3500.0,263.0,0,7.514285714285713
PR010584,11/06/2026,MANDI023,REQUIRES_INVESTIGATION,2175.55,2183.0,-7.449999999999818,1,-0.34127347686668885
PR005531,2026/07/25,MANDI009,REQUIRES_INVESTIGATION,3290.7,3500.0,-209.30000000000018,1,-5.980000000000006
PR000277,2026/02/05,MANDI025,REQUIRES_INVESTIGATION,5471.86,5650.0,-178.14000000000033,1,-3.1529203539823065
PR010807,2026/05/01,MANDI018,Mustard,6457.83,5650.0,807.8299999999999,0,14.29787610619469
PR011195,07/06/2026,MANDI033,Cotton,6510.37,6620.0,-109.63000000000011,1,-1.6560422960725092
PR004263,04-19-2026,MANDI053,Corn,2041.11,2090.0,-48.8900000000001,1,-2.33923444976077
PR000487,31/01/2026,MANDI036,Mustard,6337.17,5650.0,687.1700000000001,0,12.162300884955753
PR009048,25.05.2026,MANDI015,REQUIRES_INVESTIGATION,2267.9,2183.0,84.90000000000009,0,3.8891433806688087
PR010840,08-01-2026,MANDI028,REQUIRES_INVESTIGATION,1996.0,2090.0,-94.0,1,-4.497607655502392
PR005866,2026-05-04,MANDI031,Cotton,7341.48,6620.0,721.4799999999996,0,10.898489425981866
PR000657,13.03.2026,,Cotton,6700.0,6620.0,80.0,0,1.2084592145015105
PR004301,05/09/2026,MANDI033,Wheat,2364.823724034713,2275.0,89.823724034713,0,3.9482955619654065
PR004767,05-29-2026,MANDI026,Wheat,2167.0869627129887,2275.0,-107.91303728701132,1,-4.74343021041808
PR011401,2026/05/04,MANDI057,REQUIRES_INVESTIGATION,2410.47,2183.0,227.4699999999998,0,10.420064131928529
PR009223,13-Feb-2026,,REQUIRES_INVESTIGATION,2369.23,2183.0,186.23000000000002,0,8.530920751259735
PR007512,11/06/2026,MANDI014,Corn,1929.0,2090.0,-161.0,1,-7.703349282296651
PR010103,08/05/2026,MANDI057,REQUIRES_INVESTIGATION,5104.65,5650.0,-545.3500000000004,1,-9.652212389380537
PR008282,20-Mar-2026,MANDI045,Cotton,6462.94,6620.0,-157.0600000000004,1,-2.3725075528700965
PR009006,02-15-2026,,REQUIRES_INVESTIGATION,2059.94,2183.0,-123.05999999999995,1,-5.637196518552448
PR008995,08/08/2026,MANDI015,Cotton,6556.43,6620.0,-63.56999999999971,1,-0.9602719033232584
PR000148,2026-03-13,MANDI055,Corn,2034.99,2090.0,-55.00999999999999,1,-2.632057416267942
PR000285,2026/05/24,MANDI013,Wheat,2054.16,2275.0,-220.84000000000015,1,-9.707252747252754
PR005041,07-12-2026,MANDI033,Cotton,6243.58,6620.0,-376.4200000000001,1,-5.686102719033234
PR001721,30-Jul-2026,MANDI033,Mustard,5606.0,5650.0,-44.0,1,-0.7787610619469026
PR011903,03-31-2026,MANDI022,Wheat,2253.88,2275.0,-21.11999999999989,1,-0.9283516483516435
PR005066,13.04.2026,MANDI052,Corn,2097.45,2090.0,7.449999999999818,0,0.356459330143532
PR008607,2026-02-25,MANDI007,Mustard,5723.43,5650.0,73.43000000000029,0,1.2996460176991202
PR007762,2026-05-22,MANDI036,Mustard,5695.87,5650.0,45.86999999999989,0,0.8118584070796442
PR002220,22.08.2026,,Wheat,2408.2,2275.0,133.19999999999982,0,5.854945054945047
PR001397,2026/06/18,MANDI012,Wheat,2149.0,2275.0,-126.0,1,-5.538461538461538
PR007312,2026/07/17,MANDI046,Sugarcane,3275.49,3500.0,-224.51000000000022,1,-6.414571428571435
PR002844,06-Jul-2026,MANDI041,REQUIRES_INVESTIGATION,2207.81,2183.0,24.809999999999945,0,1.1365093907466766
PR003235,06.08.2026,,REQUIRES_INVESTIGATION,5370.27,5650.0,-279.72999999999956,1,-4.9509734513274255
PR007732,31-Jul-2026,MANDI023,REQUIRES_INVESTIGATION,6168.36,5650.0,518.3599999999997,0,9.174513274336277
PR009522,03-06-2026,MANDI043,Mustard,6572.14,5650.0,922.1400000000003,0,16.32106194690266
PR008174,09-09-2026,MANDI019,Wheat,2395.44,2275.0,120.44000000000005,0,5.294065934065936
PR011803,26.07.2026,MANDI008,REQUIRES_INVESTIGATION,2129.0,2183.0,-54.0,1,-2.4736601007787447
PR004457,2026/03/02,MANDI019,Wheat,2421.72,2275.0,146.7199999999998,0,6.44923076923076
PR007452,07-23-2026,MANDI022,REQUIRES_INVESTIGATION,3998.371918859567,3500.0,498.3719188595669,0,14.239197681701912
PR001979,2026-06-03,MANDI050,Sugarcane,3834.99,3500.0,334.9899999999998,0,9.571142857142851
PR009557,01-08-2026,MANDI038,Cotton,7249.49,6620.0,629.4899999999998,0,9.508912386706946
PR007059,05-Mar-2026,MANDI007,REQUIRES_INVESTIGATION,6116.53,5650.0,466.52999999999975,0,8.257168141592915
PR011163,22.04.2026,MANDI012,Sugarcane,3813.26,3500.0,313.2600000000002,0,8.95028571428572
PR001780,2026-01-19,MANDI054,REQUIRES_INVESTIGATION,1917.87,2090.0,-172.1300000000001,1,-8.23588516746412
PR006627,22/07/2026,MANDI050,Corn,2203.73,2090.0,113.73000000000002,0,5.441626794258374
PR006334,27/03/2026,MANDI036,Cotton,6829.0,6620.0,209.0,0,3.1570996978851964
PR003163,14-Jun-2026,MANDI030,Wheat,2172.53,2275.0,-102.4699999999998,1,-4.504175824175816
PR006536,21.05.2026,MANDI049,Cotton,7020.77,6620.0,400.77000000000044,0,6.053927492447136
PR000997,02-24-2026,MANDI046,Sugarcane,3626.47,3500.0,126.4699999999998,0,3.613428571428566
PR003394,25-Jul-2026,MANDI052,Cotton,6301.0,6620.0,-319.0,1,-4.818731117824774
PR001597,04-01-2026,MANDI048,Corn,2019.16,2090.0,-70.83999999999992,1,-3.389473684210522
PR003160,21.08.2026,MANDI049,Wheat,2225.37,2275.0,-49.63000000000011,1,-2.1815384615384663
PR001661,21.06.2026,MANDI039,Wheat,2452.986100918878,2275.0,177.98610091887804,0,7.823564875555078
PR002713,01-14-2026,MANDI012,Sugarcane,3570.84,3500.0,70.84000000000015,0,2.0240000000000045
PR004907,2026-05-04,MANDI034,Mustard,6227.65,5650.0,577.6499999999996,0,10.223893805309729
PR000935,23-Apr-2026,MANDI010,Cotton,6431.3,6620.0,-188.69999999999982,1,-2.850453172205435
PR001301,11/01/2026,MANDI025,Cotton,6774.62,6620.0,154.6199999999999,0,2.335649546827793
PR005631,2026-03-09,MANDI002,Mustard,6511.0,5650.0,861.0,0,15.238938053097344
PR003571,01-28-2026,MANDI035,Wheat,2612.6,2275.0,337.5999999999999,0,14.839560439560437
PR000970,01/08/2026,MANDI054,Wheat,2217.0,2275.0,-58.0,1,-2.5494505494505497
PR011533,04/07/2026,MANDI038,Sugarcane,3664.61,3500.0,164.61000000000013,0,4.70314285714286
PR006034,04/05/2026,,Cotton,6369.12,6620.0,-250.8800000000001,1,-3.789728096676739
PR010884,2026/05/31,MANDI044,Mustard,5641.164461955812,5650.0,-8.83553804418807,1,-0.15638120432191274
PR011536,19/05/2026,MANDI048,Wheat,2514.55,2275.0,239.55000000000018,0,10.529670329670338
PR003428,01.04.2026,,REQUIRES_INVESTIGATION,2079.2946461226443,2090.0,-10.70535387735572,1,-0.5122178888686947
PR007244,2026-01-03,MANDI008,REQUIRES_INVESTIGATION,3404.8529140117957,3500.0,-95.14708598820425,1,-2.71848817109155
PR005662,2026-01-08,MANDI011,Wheat,2225.310376841018,2275.0,-49.68962315898216,1,-2.1841592597354795
PR004123,23.03.2026,MANDI010,Wheat,2327.48,2275.0,52.48000000000002,0,2.3068131868131876
PR006436,07-10-2026,MANDI008,Paddy,2288.78,2183.0,105.7800000000002,0,4.845625286303261
PR006481,02/03/2026,MANDI022,Wheat,2407.95,2275.0,132.94999999999982,0,5.8439560439560365
PR006185,24/04/2026,MANDI019,Wheat,2153.7581169903106,2275.0,-121.24188300968945,1,-5.3293135388874475
PR006598,2026/08/18,MANDI052,Wheat,2148.49,2275.0,-126.51000000000022,1,-5.56087912087913
PR009911,2026/05/03,MANDI039,Cotton,7098.07,6620.0,478.0699999999997,0,7.2216012084592105
PR003640,14/06/2026,MANDI011,REQUIRES_INVESTIGATION,2009.13,2183.0,-173.8699999999999,1,-7.964727439303705
PR009446,22-Aug-2026,MANDI048,REQUIRES_INVESTIGATION,2365.04,2183.0,182.03999999999996,0,8.338983050847457
PR004284,01.02.2026,MANDI042,Sugarcane,3591.0,3500.0,91.0,0,2.6
PR001757,2026-03-21,MANDI012,Cotton,7461.2,6620.0,841.1999999999998,0,12.70694864048338
PR007884,06-25-2026,,REQUIRES_INVESTIGATION,1891.87,2090.0,-198.1300000000001,1,-9.479904306220101
PR011425,03-05-2026,MANDI046,Corn,2038.31,2090.0,-51.690000000000055,1,-2.473205741626797
PR007251,2026-05-18,MANDI054,Wheat,2279.89,2275.0,4.889999999999873,0,0.21494505494504937
PR008647,19/08/2026,MANDI053,REQUIRES_INVESTIGATION,5277.61,5650.0,-372.3900000000003,1,-6.590973451327439
PR011895,26/02/2026,MANDI012,Mustard,5730.88,5650.0,80.88000000000011,0,1.431504424778763
PR004917,2026-04-19,MANDI019,Mustard,5387.25,5650.0,-262.75,1,-4.650442477876107
PR001543,16-Jan-2026,MANDI012,Cotton,7579.28,6620.0,959.2799999999997,0,14.490634441087611
PR011408,29/05/2026,MANDI011,Mustard,5841.16,5650.0,191.15999999999985,0,3.3833628318584044
PR010751,2026/05/11,MANDI056,Mustard,5692.0,5650.0,42.0,0,0.7433628318584071
PR004977,22-May-2026,,REQUIRES_INVESTIGATION,2336.81,2090.0,246.80999999999995,0,11.809090909090907
PR009057,2026/05/11,MANDI009,Sugarcane,4089.2,3500.0,589.1999999999998,0,16.83428571428571
PR000456,03-13-2026,MANDI043,Paddy,2270.79,2183.0,87.78999999999996,0,4.021530004580851
PR010675,2026-02-13,MANDI046,Mustard,6225.98,5650.0,575.9799999999996,0,10.194336283185832
PR010447,27/01/2026,MANDI049,Wheat,2178.89,2275.0,-96.11000000000013,1,-4.22461538461539
PR010546,2026-03-14,MANDI033,Sugarcane,3514.0,3500.0,14.0,0,0.4
PR000849,04-13-2026,MANDI023,Paddy,2434.2,2183.0,251.19999999999982,0,11.507100320659633
PR004948,14-Apr-2026,MANDI031,Cotton,6010.5,6620.0,-609.5,1,-9.206948640483384
PR001128,2026/04/30,MANDI049,Mustard,6010.626347941649,5650.0,360.6263479416493,0,6.3827672202061825
PR009361,08-03-2026,MANDI013,Corn,2221.88,2090.0,131.8800000000001,0,6.310047846889957
PR008881,2026-06-14,MANDI010,Paddy,1967.56,2183.0,-215.44000000000005,1,-9.868987631699499
PR010881,11/05/2026,MANDI005,Wheat,2453.61,2275.0,178.61000000000013,0,7.850989010989016
PR010909,08-11-2026,MANDI049,Sugarcane,3286.210089185356,3500.0,-213.78991081464392,1,-6.108283166132683
PR008841,02-22-2026,MANDI035,Wheat,2670.25,2275.0,395.25,0,17.373626373626376
PR003671,2026-05-03,MANDI042,REQUIRES_INVESTIGATION,2108.0,2183.0,-75.0,1,-3.435639028859368
PR011668,02-17-2026,MANDI002,Cotton,6958.54,6620.0,338.53999999999996,0,5.113897280966767
PR003092,10-Feb-2026,MANDI033,Sugarcane,3142.15,3500.0,-357.8499999999999,1,-10.224285714285712
PR003112,12/05/2026,MANDI054,Sugarcane,3506.66,3500.0,6.6599999999998545,0,0.19028571428571014
PR001247,2026-08-03,MANDI018,REQUIRES_INVESTIGATION,2108.74,2090.0,18.73999999999978,0,0.8966507177033388
PR009966,04-Apr-2026,MANDI055,Sugarcane,3892.58,3500.0,392.5799999999999,0,11.216571428571427
PR001770,2026/03/12,MANDI005,Cotton,6637.15,6620.0,17.149999999999636,0,0.25906344410875587
PR002090,20-Mar-2026,MANDI021,REQUIRES_INVESTIGATION,3695.81,3500.0,195.80999999999995,0,5.594571428571427
PR003302,03-09-2026,MANDI027,Corn,2065.0,2090.0,-25.0,1,-1.1961722488038278
PR003858,03-14-2026,MANDI043,Mustard,5938.0,5650.0,288.0,0,5.097345132743363
PR010968,2026-02-09,MANDI008,Cotton,6930.0,6620.0,310.0,0,4.682779456193353
PR011257,2026/03/04,MANDI011,REQUIRES_INVESTIGATION,2421.56,2183.0,238.55999999999995,0,10.928080622995875
PR003264,05/04/2026,MANDI008,Paddy,2086.84,2183.0,-96.15999999999985,1,-4.4049473202015506
PR005327,2026/04/10,,Mustard,5879.0,5650.0,229.0,0,4.053097345132743
PR004616,25.07.2026,MANDI017,Mustard,6075.19,5650.0,425.1899999999996,0,7.52548672566371
PR011244,06/06/2026,MANDI002,Mustard,5943.04,5650.0,293.03999999999996,0,5.186548672566371
PR007465,19.02.2026,,Mustard,5884.62,5650.0,234.6199999999999,0,4.152566371681414
PR011663,31/07/2026,MANDI007,Cotton,6347.28,6620.0,-272.72000000000025,1,-4.119637462235653
PR005821,20-Apr-2026,MANDI034,Wheat,2628.0,2275.0,353.0,0,15.516483516483518
PR005767,17/03/2026,MANDI029,Cotton,6072.24,6620.0,-547.7600000000002,1,-8.274320241691846
PR001986,2026-04-13,MANDI036,REQUIRES_INVESTIGATION,6058.54,5650.0,408.53999999999996,0,7.23079646017699
PR000303,02/01/2026,MANDI037,Cotton,6518.27,6620.0,-101.72999999999956,1,-1.5367069486404767
PR001798,2026-07-05,MANDI010,Sugarcane,3450.57,3500.0,-49.429999999999836,1,-1.4122857142857097
PR004730,2026/06/09,MANDI013,Cotton,6486.03,6620.0,-133.97000000000025,1,-2.023716012084596
PR006546,2026/02/17,MANDI030,Wheat,2312.93,2275.0,37.929999999999836,0,1.6672527472527403
PR005624,14-Feb-2026,MANDI034,Wheat,2438.71,2275.0,163.71000000000004,0,7.196043956043957
PR010864,23.04.2026,MANDI012,REQUIRES_INVESTIGATION,2313.0,2183.0,130.0,0,5.955107650022904
PR005549,08-25-2026,MANDI010,Cotton,7480.99,6620.0,860.9899999999998,0,13.005891238670692
PR007696,06-21-2026,MANDI038,Sugarcane,3669.42,3500.0,169.42000000000007,0,4.8405714285714305
PR011027,06.01.2026,,REQUIRES_INVESTIGATION,5470.0,5650.0,-180.0,1,-3.185840707964602
PR006115,04/09/2026,MANDI007,Sugarcane,3499.4,3500.0,-0.599999999999909,1,-0.01714285714285454
PR009499,21/01/2026,MANDI050,Mustard,6007.0,5650.0,357.0,0,6.31858407079646
PR000854,2026/03/18,MANDI039,Paddy,2433.07,2183.0,250.07000000000016,0,11.455336692624837
PR007766,2026/06/24,MANDI036,Mustard,6248.344044008549,5650.0,598.3440440085487,0,10.590160070947766
PR004587,2026-07-03,MANDI048,Wheat,2270.0,2275.0,-5.0,1,-0.21978021978021978
PR007032,19.07.2026,MANDI037,Sugarcane,3648.525016681966,3500.0,148.525016681966,0,4.243571905199029
PR006242,2026/03/14,MANDI031,REQUIRES_INVESTIGATION,2208.33,2183.0,25.329999999999927,0,1.1603298213467672
PR008161,2026/08/17,MANDI005,Corn,2257.73,2090.0,167.73000000000002,0,8.025358851674643
PR006009,03.04.2026,MANDI023,Sugarcane,3707.86,3500.0,207.86000000000013,0,5.938857142857146
PR003249,18/06/2026,MANDI049,REQUIRES_INVESTIGATION,2361.32,2183.0,178.32000000000016,0,8.16857535501604
PR004709,30/07/2026,MANDI034,Mustard,5888.17,5650.0,238.17000000000007,0,4.215398230088497
PR002096,09.09.2026,MANDI020,Paddy,2096.29,2183.0,-86.71000000000004,1,-3.972056802565279
PR009472,15-Jun-2026,MANDI009,Mustard,6552.0,5650.0,902.0,0,15.964601769911505
PR006224,2026-07-21,MANDI025,Cotton,7151.13,6620.0,531.1300000000001,0,8.023111782477343
PR002899,15-May-2026,MANDI052,Sugarcane,3872.0,3500.0,372.0,0,10.628571428571428
PR011978,06-03-2026,,Mustard,6000.72,5650.0,350.72000000000025,0,6.207433628318588
PR011637,02-04-2026,MANDI031,Mustard,5580.394156518776,5650.0,-69.60584348122393,1,-1.2319618315260872
PR000816,07-06-2026,MANDI056,REQUIRES_INVESTIGATION,2020.74,2183.0,-162.26,1,-7.43289051763628
PR008726,12-Jan-2026,MANDI042,Cotton,7480.62,6620.0,860.6199999999999,0,13.000302114803624
PR008524,11.03.2026,MANDI029,Cotton,6811.99,6620.0,191.98999999999978,0,2.9001510574018097
PR001959,28/04/2026,MANDI053,REQUIRES_INVESTIGATION,2495.28,2183.0,312.2800000000002,0,14.305084745762722
PR007186,2026-04-05,,Wheat,2203.56,2275.0,-71.44000000000005,1,-3.140219780219783
PR009950,2026-07-22,MANDI033,Sugarcane,3631.94,3500.0,131.94000000000005,0,3.7697142857142873
PR009179,23.03.2026,MANDI013,Wheat,2318.444050248994,2275.0,43.44405024899379,0,1.9096285823733534
PR004564,2026-05-12,MANDI057,REQUIRES_INVESTIGATION,2077.357166451168,2090.0,-12.642833548832186,1,-0.604920265494363
PR001408,20.07.2026,,Corn,2107.77,2090.0,17.769999999999982,0,0.8502392344497598
PR010851,2026/04/17,,REQUIRES_INVESTIGATION,2145.02,2090.0,55.01999999999998,0,2.632535885167463
PR005747,06-07-2026,MANDI028,REQUIRES_INVESTIGATION,6154.0,5650.0,504.0,0,8.920353982300885
PR009222,04-12-2026,MANDI004,Cotton,6414.13,6620.0,-205.8699999999999,1,-3.1098187311178234
PR000271,2026-05-16,MANDI028,Corn,2165.6,2090.0,75.59999999999991,0,3.617224880382771
PR006825,14/08/2026,MANDI042,REQUIRES_INVESTIGATION,2394.58,2090.0,304.5799999999999,0,14.57320574162679
PR003261,2026-05-18,MANDI048,Corn,2172.0,2090.0,82.0,0,3.923444976076555
PR008010,2026-03-30,MANDI057,Wheat,2400.0,2275.0,125.0,0,5.4945054945054945
PR008957,2026-06-02,MANDI035,Wheat,2291.43,2275.0,16.429999999999836,0,0.7221978021977951
PR006142,2026-06-15,MANDI029,Wheat,2210.12,2275.0,-64.88000000000011,1,-2.8518681318681365
PR006323,02/09/2026,MANDI004,Wheat,2109.0,2275.0,-166.0,1,-7.2967032967032965
PR006587,2026/01/25,MANDI007,Wheat,2365.0,2275.0,90.0,0,3.9560439560439558
PR011515,12/02/2026,MANDI051,Paddy,2322.63,2183.0,139.6300000000001,0,6.396243701328452
PR001728,07/02/2026,MANDI029,Corn,2252.97,2090.0,162.9699999999998,0,7.797607655502382
PR007472,14.05.2026,,Wheat,2521.394060602976,2275.0,246.39406060297597,0,10.83050815837257
PR003477,2026-03-08,MANDI041,REQUIRES_INVESTIGATION,2372.0,2090.0,282.0,0,13.492822966507175
PR000613,18.01.2026,MANDI038,Paddy,2088.1203902369325,2183.0,-94.87960976306749,1,-4.346294537932546
PR007430,2026/02/18,MANDI015,Sugarcane,3529.0,3500.0,29.0,0,0.8285714285714285
PR002461,05.02.2026,MANDI043,Mustard,5910.94,5650.0,260.9399999999996,0,4.618407079646011
PR010857,2026/03/11,MANDI032,Cotton,7105.35485129507,6620.0,485.35485129507015,0,7.331644279381725
PR009916,01-Jan-2026,MANDI042,Sugarcane,3807.24,3500.0,307.2399999999998,0,8.778285714285708
PR011341,04.05.2026,MANDI037,Corn,1885.1988089448855,2090.0,-204.8011910551145,1,-9.799100050483947
PR010108,2026-06-11,MANDI030,Wheat,2162.91,2275.0,-112.09000000000015,1,-4.927032967032973
PR008541,28.02.2026,MANDI008,Corn,2010.41,2090.0,-79.58999999999992,1,-3.808133971291862
PR010375,2026/02/04,,Mustard,6374.23,5650.0,724.2299999999996,0,12.818230088495566
PR008837,2026-05-11,MANDI036,REQUIRES_INVESTIGATION,3655.68,3500.0,155.67999999999984,0,4.447999999999995
PR011107,25.05.2026,MANDI015,Mustard,5043.0,5650.0,-607.0,1,-10.743362831858407
PR010175,2026-01-28,MANDI014,REQUIRES_INVESTIGATION,2053.0,2090.0,-37.0,1,-1.7703349282296652
PR005872,2026-01-10,MANDI048,REQUIRES_INVESTIGATION,2049.2390833950512,2183.0,-133.76091660494876,1,-6.127389674986201
PR009211,16/07/2026,MANDI014,Corn,2228.0,2090.0,138.0,0,6.6028708133971294
PR003922,2026-09-08,MANDI029,REQUIRES_INVESTIGATION,3792.16,3500.0,292.15999999999985,0,8.347428571428567
PR003727,2026-06-03,MANDI036,Sugarcane,3360.54,3500.0,-139.46000000000004,1,-3.9845714285714298
PR002930,16-May-2026,MANDI004,REQUIRES_INVESTIGATION,3694.27,3500.0,194.26999999999998,0,5.550571428571429
PR009973,2026/01/27,,Cotton,6631.02,6620.0,11.020000000000437,0,0.16646525679758967
PR007381,2026-08-18,MANDI005,Mustard,5314.81,5650.0,-335.1899999999996,1,-5.932566371681409
PR006193,30-Jan-2026,MANDI034,Cotton,6611.07,6620.0,-8.930000000000291,1,-0.1348942598187355
PR005755,07.03.2026,MANDI033,Wheat,2128.0,2275.0,-147.0,1,-6.461538461538462
PR009207,17-Jul-2026,MANDI017,Sugarcane,3724.46,3500.0,224.46000000000004,0,6.413142857142858
PR006118,01-12-2026,MANDI023,Wheat,2419.86,2275.0,144.86000000000013,0,6.367472527472533
PR004370,18-Feb-2026,MANDI049,Sugarcane,3319.45,3500.0,-180.55000000000018,1,-5.158571428571434
PR010498,17/03/2026,MANDI008,Mustard,5493.6,5650.0,-156.39999999999964,1,-2.7681415929203474
PR005380,01-Jun-2026,MANDI014,Sugarcane,3520.34,3500.0,20.340000000000146,0,0.5811428571428613
PR002915,18/04/2026,MANDI030,REQUIRES_INVESTIGATION,2187.7,2183.0,4.699999999999818,0,0.21530004580851206
PR002926,07-04-2026,MANDI024,Corn,2193.95,2090.0,103.94999999999982,0,4.973684210526307
PR004599,2026-06-08,MANDI049,Sugarcane,3950.97,3500.0,450.9699999999998,0,12.884857142857136
PR007286,2026/03/06,MANDI030,REQUIRES_INVESTIGATION,2132.2325132307938,2090.0,42.23251323079376,0,2.020694412956639
PR003913,04-03-2026,MANDI036,Wheat,2475.02,2275.0,200.01999999999998,0,8.792087912087911
PR001169,2026/06/08,MANDI036,REQUIRES_INVESTIGATION,2130.71,2090.0,40.710000000000036,0,1.947846889952155
PR004366,2026-03-24,MANDI001,Paddy,2107.05,2183.0,-75.94999999999982,1,-3.4791571232249114
PR010186,30/05/2026,MANDI011,Mustard,5370.0,5650.0,-280.0,1,-4.95575221238938
PR004492,10.08.2026,MANDI022,Wheat,2202.77,2275.0,-72.23000000000002,1,-3.174945054945056
PR006970,2026-01-11,MANDI036,REQUIRES_INVESTIGATION,2133.29,2090.0,43.289999999999964,0,2.0712918660287065
PR003431,26.08.2026,MANDI052,Mustard,5391.86,5650.0,-258.1400000000003,1,-4.56884955752213
PR005086,2026/05/17,MANDI038,Sugarcane,3590.27,3500.0,90.26999999999998,0,2.5791428571428567
PR010151,02-01-2026,MANDI009,Paddy,1994.0,2183.0,-189.0,1,-8.657810352725608
PR011300,2026/03/01,MANDI051,Wheat,2180.08,2275.0,-94.92000000000007,1,-4.172307692307696
PR002836,2026-02-18,MANDI004,REQUIRES_INVESTIGATION,5703.33,5650.0,53.32999999999993,0,0.9438938053097333
PR011808,2026-03-26,MANDI011,Sugarcane,3621.48,3500.0,121.48000000000002,0,3.4708571428571435
PR003725,17.06.2026,MANDI014,Wheat,2305.69,2275.0,30.690000000000055,0,1.3490109890109914
PR006046,09/06/2026,,Corn,2037.322689982585,2090.0,-52.67731001741504,1,-2.52044545537871
PR007661,2026/03/01,MANDI020,Corn,2050.0,2090.0,-40.0,1,-1.9138755980861244
PR001731,2026-02-26,MANDI029,Wheat,2426.81,2275.0,151.80999999999995,0,6.672967032967031
PR007970,10/05/2026,MANDI009,Wheat,2458.0,2275.0,183.0,0,8.043956043956044
PR002711,04.02.2026,MANDI042,Corn,2323.0,2090.0,233.0,0,11.148325358851674
PR007927,17/03/2026,MANDI014,Corn,1953.0,2090.0,-137.0,1,-6.555023923444976
PR010916,2026/07/17,MANDI042,REQUIRES_INVESTIGATION,2390.0,2183.0,207.0,0,9.482363719651856
PR011638,09-Feb-2026,MANDI024,Sugarcane,3982.99,3500.0,482.9899999999998,0,13.799714285714279
PR001626,04/06/2026,MANDI054,REQUIRES_INVESTIGATION,2251.42,2090.0,161.42000000000007,0,7.723444976076559
PR007303,05/03/2026,MANDI035,REQUIRES_INVESTIGATION,5160.721308630724,5650.0,-489.2786913692762,1,-8.659799847243827
PR002599,2026-06-03,MANDI050,Mustard,5766.2,5650.0,116.19999999999982,0,2.05663716814159
PR010809,06-Jan-2026,MANDI036,Cotton,6282.0,6620.0,-338.0,1,-5.1057401812688825
PR003398,2026-06-18,MANDI011,REQUIRES_INVESTIGATION,2369.78,2183.0,186.7800000000002,0,8.556115437471378
PR011724,06-18-2026,MANDI026,Mustard,6221.0,5650.0,571.0,0,10.106194690265486
PR001032,2026-05-21,MANDI013,Cotton,6755.309971928591,6620.0,135.30997192859104,0,2.0439572798880823
PR008383,2026/03/19,MANDI040,REQUIRES_INVESTIGATION,3227.12,3500.0,-272.8800000000001,1,-7.796571428571432
PR008091,2026/04/09,MANDI035,REQUIRES_INVESTIGATION,2088.12,2183.0,-94.88000000000011,1,-4.346312414109029
PR003316,2026/05/16,MANDI052,REQUIRES_INVESTIGATION,3813.75,3500.0,313.75,0,8.964285714285715
PR001615,02-09-2026,MANDI021,Sugarcane,3614.908484237815,3500.0,114.90848423781517,0,3.283099549651862
PR009396,2026-08-08,MANDI056,Wheat,2346.16,2275.0,71.15999999999985,0,3.127912087912082
PR011001,2026-07-12,MANDI050,Wheat,2114.91,2275.0,-160.09000000000015,1,-7.036923076923084
PR009083,08-Jun-2026,MANDI014,REQUIRES_INVESTIGATION,5591.47,5650.0,-58.529999999999745,1,-1.0359292035398184
PR003366,2026-06-27,MANDI040,REQUIRES_INVESTIGATION,5902.67,5650.0,252.67000000000007,0,4.47203539823009
PR009074,2026/02/24,MANDI044,REQUIRES_INVESTIGATION,5516.42,5650.0,-133.57999999999993,1,-2.3642477876106183
PR007639,25-Feb-2026,,Mustard,5371.03,5650.0,-278.97000000000025,1,-4.937522123893809
PR011503,06-Feb-2026,MANDI029,Wheat,2245.49,2275.0,-29.51000000000022,1,-1.2971428571428667
PR011120,2026/07/30,MANDI051,Corn,2399.0,2090.0,309.0,0,14.784688995215312
PR005194,02-08-2026,MANDI043,REQUIRES_INVESTIGATION,3187.49,3500.0,-312.5100000000002,1,-8.928857142857149
PR002313,2026-01-15,,Corn,2011.5,2090.0,-78.5,1,-3.755980861244019
PR000746,18/02/2026,MANDI011,Mustard,6158.85,5650.0,508.85000000000036,0,9.006194690265493
PR008517,2026/08/30,MANDI010,Corn,1928.2202188797817,2090.0,-161.77978112021833,1,-7.740659383742504
PR002707,30-Jul-2026,,Cotton,6832.63,6620.0,212.6300000000001,0,3.211933534743204
PR006840,16/04/2026,MANDI004,Cotton,6456.28108863687,6620.0,-163.71891136313025,1,-2.473095337811635
PR004061,2026-04-12,MANDI056,Sugarcane,3299.31,3500.0,-200.69000000000005,1,-5.734000000000002
PR007422,06.02.2026,MANDI032,REQUIRES_INVESTIGATION,3533.0,3500.0,33.0,0,0.9428571428571428
PR010755,14-Feb-2026,MANDI049,Corn,2027.4,2090.0,-62.59999999999991,1,-2.99521531100478
PR005462,21-Apr-2026,MANDI043,Wheat,2025.0,2275.0,-250.0,1,-10.989010989010989
PR009470,19.04.2026,MANDI006,REQUIRES_INVESTIGATION,2268.7,2090.0,178.69999999999982,0,8.550239234449752
PR005686,03-09-2026,,Corn,2003.59,2090.0,-86.41000000000008,1,-4.134449760765555
PR007952,18.04.2026,MANDI053,Mustard,5805.0,5650.0,155.0,0,2.743362831858407
PR006710,10/07/2026,MANDI038,Mustard,5404.4,5650.0,-245.60000000000036,1,-4.346902654867263
PR005509,31-Aug-2026,MANDI048,Corn,2220.73,2090.0,130.73000000000002,0,6.255023923444977
PR005884,2026-01-12,MANDI024,Wheat,2233.57,2275.0,-41.429999999999836,1,-1.8210989010988938
PR000844,30-Jun-2026,MANDI056,Sugarcane,3354.86,3500.0,-145.13999999999987,1,-4.146857142857139
PR004512,07.07.2026,MANDI022,Mustard,6016.34,5650.0,366.34000000000015,0,6.483893805309737
PR002036,2026/01/01,MANDI044,Wheat,2355.0,2275.0,80.0,0,3.5164835164835164
PR010678,14-Jun-2026,MANDI055,Cotton,6493.76,6620.0,-126.23999999999978,1,-1.9069486404833806
PR004739,24/06/2026,MANDI043,Corn,2280.44,2090.0,190.44000000000005,0,9.11196172248804
PR008455,26-Mar-2026,MANDI038,Sugarcane,3411.67,3500.0,-88.32999999999993,1,-2.523714285714284
PR005295,06-26-2026,MANDI029,Wheat,2188.39,2275.0,-86.61000000000013,1,-3.807032967032973
PR003388,23-Jul-2026,MANDI008,Corn,2277.85,2090.0,187.8499999999999,0,8.988038277511958
PR003113,18/01/2026,MANDI043,Mustard,6101.0,5650.0,451.0,0,7.982300884955753
PR011535,02.06.2026,MANDI034,Wheat,2574.82,2275.0,299.82000000000016,0,13.178901098901106
PR005972,03/07/2026,MANDI028,Cotton,6864.0,6620.0,244.0,0,3.6858006042296076
PR004797,18.05.2026,MANDI046,Wheat,2182.97204906294,2275.0,-92.02795093705981,1,-4.045184656574058
PR009662,2026-05-03,MANDI025,Sugarcane,3512.47,3500.0,12.4699999999998,0,0.35628571428570854
PR007695,04-Feb-2026,MANDI054,REQUIRES_INVESTIGATION,2163.53,2183.0,-19.4699999999998,1,-0.8918918918918828
PR006446,2026-03-04,,REQUIRES_INVESTIGATION,2225.56,2090.0,135.55999999999995,0,6.486124401913873
PR000003,2026-07-10,MANDI045,Sugarcane,3324.16,3500.0,-175.84000000000015,1,-5.0240000000000045
PR011481,2026-04-30,MANDI036,Cotton,6651.42,6620.0,31.420000000000073,0,0.4746223564954694
PR011489,08-05-2026,MANDI004,Sugarcane,3868.95,3500.0,368.9499999999998,0,10.541428571428566
PR006814,07-23-2026,MANDI020,Sugarcane,3710.92,3500.0,210.92000000000007,0,6.0262857142857165
PR009760,02.03.2026,MANDI040,Wheat,2168.12,2275.0,-106.88000000000011,1,-4.698021978021983
PR001740,02-20-2026,MANDI007,REQUIRES_INVESTIGATION,2340.714182031212,2183.0,157.7141820312122,0,7.224653322547512
PR000295,2026/08/29,MANDI012,Corn,2255.14,2090.0,165.13999999999987,0,7.901435406698558
PR007264,18.07.2026,MANDI057,Wheat,2316.0,2275.0,41.0,0,1.802197802197802
PR000804,2026-08-08,MANDI045,REQUIRES_INVESTIGATION,2395.92,2183.0,212.92000000000007,0,9.753550160329825
PR005523,21/06/2026,,REQUIRES_INVESTIGATION,4026.33,3500.0,526.3299999999999,0,15.037999999999998
PR004148,2026/06/06,,Mustard,6066.12,5650.0,416.1199999999999,0,7.364955752212388
PR009750,2026/05/25,MANDI020,Paddy,2107.7306257333853,2183.0,-75.2693742666147,1,-3.4479786654427262
PR009088,2026/03/19,MANDI044,Wheat,2337.07,2275.0,62.070000000000164,0,2.7283516483516554
PR007056,2026/07/01,MANDI049,REQUIRES_INVESTIGATION,2047.55,2090.0,-42.450000000000045,1,-2.0311004784689017
PR005563,05-26-2026,MANDI011,REQUIRES_INVESTIGATION,2316.41,2183.0,133.40999999999985,0,6.111314704535037
PR010579,2026-01-02,MANDI007,REQUIRES_INVESTIGATION,3618.0,3500.0,118.0,0,3.371428571428572
PR007144,07.03.2026,MANDI041,Sugarcane,4022.59,3500.0,522.5900000000001,0,14.931142857142863
PR011198,14/06/2026,MANDI023,Sugarcane,3830.5,3500.0,330.5,0,9.442857142857143
PR010439,2026-09-08,MANDI042,REQUIRES_INVESTIGATION,5542.52,5650.0,-107.47999999999956,1,-1.9023008849557446
PR003826,11-Jul-2026,MANDI016,Sugarcane,3533.0,3500.0,33.0,0,0.9428571428571428
PR011559,26-Apr-2026,MANDI044,Corn,2173.74,2090.0,83.73999999999978,0,4.006698564593291
PR001460,12/02/2026,MANDI026,Wheat,2408.87,2275.0,133.8699999999999,0,5.8843956043956
PR011391,2026/02/18,,Cotton,6893.68,6620.0,273.6800000000003,0,4.134138972809672
PR006647,23.04.2026,MANDI023,REQUIRES_INVESTIGATION,2257.23,2183.0,74.23000000000002,0,3.400366468163079
PR007519,03.02.2026,MANDI047,Corn,1837.7,2090.0,-252.29999999999995,1,-12.071770334928228
PR003256,2026-08-23,MANDI027,REQUIRES_INVESTIGATION,2477.12,2183.0,294.1199999999999,0,13.473202015574891
PR010536,20.07.2026,MANDI055,REQUIRES_INVESTIGATION,3748.49,3500.0,248.48999999999978,0,7.09971428571428
PR001196,08/03/2026,MANDI031,Corn,2030.98,2090.0,-59.01999999999998,1,-2.8239234449760757
PR010102,18/04/2026,MANDI002,REQUIRES_INVESTIGATION,2244.04,2090.0,154.03999999999996,0,7.3703349282296635
PR004395,01/05/2026,MANDI002,REQUIRES_INVESTIGATION,1969.0,2090.0,-121.0,1,-5.7894736842105265
PR005601,05-15-2026,MANDI037,Paddy,2098.0,2183.0,-85.0,1,-3.893724232707284
PR000683,07-10-2026,MANDI028,Sugarcane,4029.2,3500.0,529.1999999999998,0,15.119999999999994
PR010537,2026/01/01,MANDI039,REQUIRES_INVESTIGATION,2348.7,2090.0,258.6999999999998,0,12.377990430622
PR003298,01-01-2026,MANDI004,Cotton,7249.66,6620.0,629.6599999999999,0,9.511480362537762
PR000473,16-Apr-2026,MANDI006,REQUIRES_INVESTIGATION,2285.95,2183.0,102.94999999999982,0,4.715987173614284
PR006521,2026-07-19,MANDI050,Corn,1942.5043754022104,2090.0,-147.49562459778963,1,-7.057206918554527
PR011328,2026-04-08,MANDI025,Mustard,5879.65,5650.0,229.64999999999964,0,4.064601769911498
PR000087,23/03/2026,MANDI048,Cotton,6432.11,6620.0,-187.89000000000033,1,-2.8382175226586153
PR009504,05-01-2026,MANDI025,Sugarcane,3874.77,3500.0,374.77,0,10.707714285714285
PR002633,2026-04-11,MANDI048,Mustard,5749.0,5650.0,99.0,0,1.7522123893805308
PR003061,2026/04/05,MANDI035,Cotton,7431.0,6620.0,811.0,0,12.250755287009063
PR008148,01.03.2026,MANDI050,Wheat,2211.86,2275.0,-63.13999999999987,1,-2.77538461538461
PR000480,08-05-2026,,Wheat,2611.18,2275.0,336.17999999999984,0,14.77714285714285
PR003719,2026/04/07,MANDI004,Wheat,2158.06,2275.0,-116.94000000000005,1,-5.140219780219782
PR005664,03-04-2026,MANDI052,Wheat,2156.96,2275.0,-118.03999999999996,1,-5.188571428571427
PR009185,20/02/2026,,Cotton,7252.74,6620.0,632.7399999999998,0,9.55800604229607
PR011351,18.06.2026,,Corn,2357.245505134594,2090.0,267.24550513459417,0,12.786866274382497
PR011437,11.06.2026,MANDI048,Mustard,5964.92,5650.0,314.9200000000001,0,5.573805309734515
PR003584,01.02.2026,MANDI031,Wheat,2572.8,2275.0,297.8000000000002,0,13.090109890109899
PR005393,2026-06-11,,Cotton,7186.0,6620.0,566.0,0,8.549848942598187
PR004250,2026-06-02,MANDI050,Wheat,2139.483982924019,2275.0,-135.51601707598093,1,-5.956748003339821
PR000680,2026-08-17,MANDI020,Sugarcane,3616.67,3500.0,116.67000000000007,0,3.3334285714285734
PR003767,2026-06-08,MANDI025,Paddy,2305.019968012686,2183.0,122.01996801268615,0,5.589554192060748
PR003326,2026/05/20,MANDI015,Wheat,2461.25,2275.0,186.25,0,8.186813186813186
PR006460,2026/03/21,,Wheat,2399.0,2275.0,124.0,0,5.450549450549451
PR009731,04/09/2026,MANDI033,Cotton,6488.69,6620.0,-131.3100000000004,1,-1.9835347432024228
PR009297,2026-01-17,MANDI015,Paddy,2123.89,2183.0,-59.11000000000013,1,-2.7077416399450356
PR011542,03-06-2026,MANDI043,REQUIRES_INVESTIGATION,2360.0,2183.0,177.0,0,8.108108108108109
PR004469,2026/02/09,MANDI043,Mustard,5456.58,5650.0,-193.42000000000007,1,-3.4233628318584084
PR003613,08-23-2026,MANDI047,Mustard,5843.74,5650.0,193.73999999999978,0,3.4290265486725624
PR001257,02/01/2026,MANDI025,Cotton,6448.32,6620.0,-171.6800000000003,1,-2.593353474320246
PR000571,24.03.2026,MANDI043,Cotton,6328.0,6620.0,-292.0,1,-4.410876132930514
PR010291,18-Mar-2026,MANDI046,Wheat,2507.0,2275.0,232.0,0,10.197802197802199
PR007117,2026/07/18,MANDI023,REQUIRES_INVESTIGATION,2355.25,2183.0,172.25,0,7.8905176362803475
PR004515,2026-04-11,MANDI016,Wheat,2422.69,2275.0,147.69000000000005,0,6.4918681318681335
PR006388,04-09-2026,MANDI037,Wheat,2258.09,2275.0,-16.909999999999854,1,-0.743296703296697
PR005139,16-Jan-2026,MANDI027,Mustard,5343.71,5650.0,-306.28999999999996,1,-5.421061946902654
PR011452,2026/04/03,MANDI021,Mustard,5756.3,5650.0,106.30000000000018,0,1.881415929203543
PR011054,28.05.2026,MANDI004,Corn,2309.0,2090.0,219.0,0,10.47846889952153
PR009802,07-May-2026,MANDI037,Mustard,5563.068334158452,5650.0,-86.93166584154824,1,-1.538613554717668
PR007606,2026/06/27,MANDI035,Paddy,2462.0,2183.0,279.0,0,12.780577187356847
PR008337,2026/06/23,MANDI022,REQUIRES_INVESTIGATION,2136.0,2183.0,-47.0,1,-2.153000458085204
PR010040,2026/07/08,MANDI051,Mustard,6039.52,5650.0,389.52000000000044,0,6.894159292035405
PR006358,2026/03/30,MANDI010,Corn,2038.92,2090.0,-51.07999999999993,1,-2.4440191387559773
PR010533,07.03.2026,MANDI001,Corn,2031.06,2090.0,-58.940000000000055,1,-2.820095693779907
PR004627,2026/01/27,MANDI017,Mustard,6177.9,5650.0,527.8999999999996,0,9.343362831858402
PR003805,2026/09/01,MANDI006,Sugarcane,3588.850287018544,3500.0,88.8502870185439,0,2.538579629101254
PR007253,2026-07-01,MANDI041,Cotton,7300.48,6620.0,680.4799999999996,0,10.279154078549842
PR006617,2026-02-05,MANDI016,Wheat,2440.3513929418864,2275.0,165.3513929418864,0,7.268193096346655
PR000863,22/07/2026,MANDI024,Paddy,2379.75,2183.0,196.75,0,9.012826385707742
PR002197,10/01/2026,MANDI028,Wheat,2150.52,2275.0,-124.48000000000002,1,-5.471648351648352
PR006540,28.04.2026,,Cotton,7149.21,6620.0,529.21,0,7.994108761329306
PR002071,03-30-2026,MANDI005,Cotton,7146.28,6620.0,526.2799999999997,0,7.949848942598184
PR011102,31/08/2026,,Corn,2243.55,2090.0,153.55000000000018,0,7.346889952153118
PR009266,2026-05-17,MANDI040,Cotton,6350.908377606398,6620.0,-269.09162239360194,1,-4.064828132833866
PR008401,15.06.2026,MANDI031,REQUIRES_INVESTIGATION,2018.92,2090.0,-71.07999999999993,1,-3.400956937799039
PR011993,08-12-2026,MANDI008,Sugarcane,3520.36,3500.0,20.360000000000127,0,0.5817142857142893
PR011667,02-19-2026,MANDI055,Sugarcane,3656.11,3500.0,156.11000000000013,0,4.460285714285718
PR010156,24.01.2026,,Mustard,5063.32,5650.0,-586.6800000000003,1,-10.383716814159296
PR011956,2026/07/08,MANDI008,Cotton,5859.0,6620.0,-761.0,1,-11.49546827794562
PR000184,27/08/2026,MANDI053,Sugarcane,3775.0,3500.0,275.0,0,7.857142857142857
PR010598,07.03.2026,MANDI011,REQUIRES_INVESTIGATION,2391.31,2183.0,208.30999999999995,0,9.54237288135593
PR011483,2026-05-02,MANDI029,Wheat,2236.96,2275.0,-38.039999999999964,1,-1.6720879120879106
PR004420,2026-07-07,MANDI033,REQUIRES_INVESTIGATION,5533.14,5650.0,-116.85999999999967,1,-2.0683185840707905
PR011207,12-Mar-2026,,Cotton,6033.85,6620.0,-586.1499999999996,1,-8.85422960725075
PR002186,15.06.2026,,Sugarcane,3364.64,3500.0,-135.36000000000013,1,-3.867428571428575
PR009307,2026-01-26,MANDI023,Cotton,7422.72,6620.0,802.7200000000003,0,12.125679758308161
PR005015,24/04/2026,MANDI038,Paddy,2205.23,2183.0,22.230000000000018,0,1.0183234081539174
PR010946,2026-01-06,MANDI034,REQUIRES_INVESTIGATION,2253.73,2183.0,70.73000000000002,0,3.2400366468163084
PR005100,05-25-2026,,Cotton,6970.11,6620.0,350.1099999999997,0,5.288670694864043
PR010999,2026-07-28,MANDI042,Corn,2072.14,2090.0,-17.860000000000127,1,-0.8545454545454606
PR000239,04-26-2026,MANDI022,Cotton,6663.86,6620.0,43.85999999999967,0,0.6625377643504482
PR011457,09-01-2026,MANDI017,Mustard,5605.0,5650.0,-45.0,1,-0.7964601769911505
PR011237,21/01/2026,MANDI034,Mustard,6372.0,5650.0,722.0,0,12.778761061946902
PR006687,2026-02-28,MANDI037,REQUIRES_INVESTIGATION,3512.29,3500.0,12.289999999999964,0,0.3511428571428561
PR001656,07-19-2026,MANDI004,Corn,2266.39,2090.0,176.38999999999987,0,8.43971291866028
PR007862,06-Jun-2026,MANDI049,Wheat,2256.75,2275.0,-18.25,1,-0.8021978021978022
PR007800,2026-05-24,MANDI050,Corn,2185.52,2090.0,95.51999999999998,0,4.570334928229665
PR002173,30/08/2026,MANDI031,REQUIRES_INVESTIGATION,5233.98,5650.0,-416.02000000000044,1,-7.363185840707972
PR003083,2026/02/13,,Sugarcane,3368.98,3500.0,-131.01999999999998,1,-3.7434285714285713
PR004435,2026-01-16,MANDI019,Mustard,6444.53,5650.0,794.5299999999997,0,14.062477876106191
PR006218,2026/05/05,MANDI044,REQUIRES_INVESTIGATION,2393.74,2183.0,210.73999999999978,0,9.653687585890966
PR003786,06/01/2026,MANDI047,REQUIRES_INVESTIGATION,2048.93,2183.0,-134.07000000000016,1,-6.141548327989013
PR004728,23/06/2026,MANDI030,Corn,2098.04,2090.0,8.039999999999964,0,0.38468899521530925
PR011713,23/03/2026,MANDI035,Mustard,6072.742983619948,5650.0,422.74298361994806,0,7.48217670123802
PR006706,22/02/2026,MANDI051,Corn,2268.66,2090.0,178.65999999999985,0,8.548325358851667
PR001733,03/04/2026,MANDI048,Wheat,2409.56,2275.0,134.55999999999995,0,5.9147252747252725
PR002001,04-10-2026,MANDI033,Mustard,5431.56,5650.0,-218.4399999999996,1,-3.8661946902654796
PR006263,24/05/2026,,REQUIRES_INVESTIGATION,2349.44,2183.0,166.44000000000005,0,7.624370132844711
PR007448,25-Aug-2026,MANDI027,Wheat,2415.24,2275.0,140.23999999999978,0,6.164395604395595
PR002159,2026/07/20,MANDI054,Mustard,5953.71,5650.0,303.71000000000004,0,5.375398230088496
PR009984,28-Aug-2026,MANDI041,Paddy,2202.160714142401,2183.0,19.160714142401048,0,0.8777239643793425
PR005742,2026-03-17,MANDI050,Corn,2011.68,2090.0,-78.31999999999994,1,-3.7473684210526286
PR008024,04-23-2026,MANDI005,Cotton,6457.0,6620.0,-163.0,1,-2.462235649546828
PR003989,05-20-2026,MANDI015,Wheat,2092.0,2275.0,-183.0,1,-8.043956043956044
PR003199,2026/05/26,MANDI006,REQUIRES_INVESTIGATION,2002.35,2090.0,-87.65000000000009,1,-4.193779904306225
PR001345,21-Jun-2026,MANDI030,Wheat,2385.0,2275.0,110.0,0,4.835164835164836
PR009814,31/07/2026,MANDI040,Corn,2354.52,2090.0,264.52,0,12.65645933014354
PR009813,03/07/2026,MANDI046,Cotton,6903.95,6620.0,283.9499999999998,0,4.289274924471297
PR002945,02-27-2026,MANDI054,Cotton,6502.42,6620.0,-117.57999999999993,1,-1.776132930513594
PR004568,18-Feb-2026,MANDI008,Cotton,7392.0,6620.0,772.0,0,11.661631419939578
PR003106,27.04.2026,MANDI035,Corn,2034.28,2090.0,-55.72000000000003,1,-2.6660287081339726
PR009673,24-Apr-2026,MANDI041,Sugarcane,3393.0,3500.0,-107.0,1,-3.0571428571428574
PR007718,05-16-2026,MANDI047,REQUIRES_INVESTIGATION,1959.06,2090.0,-130.94000000000005,1,-6.265071770334931
PR007821,22/05/2026,MANDI026,Sugarcane,3476.23,3500.0,-23.769999999999982,1,-0.6791428571428566
PR009593,31.01.2026,MANDI057,REQUIRES_INVESTIGATION,2138.52,2090.0,48.51999999999998,0,2.321531100478468
PR005527,2026-02-10,MANDI002,Cotton,7142.42,6620.0,522.4200000000001,0,7.891540785498491
PR010958,20.05.2026,MANDI052,Corn,2179.06,2090.0,89.05999999999995,0,4.261244019138753
PR010253,23/06/2026,MANDI002,Cotton,7409.39,6620.0,789.3900000000003,0,11.924320241691849
PR010459,2026-01-18,MANDI028,Wheat,2402.0,2275.0,127.0,0,5.582417582417582
PR004766,2026/08/14,MANDI019,Wheat,2120.9483937869577,2275.0,-154.0516062130423,1,-6.771499174199662
PR007476,29-Aug-2026,MANDI051,Corn,2283.35,2090.0,193.3499999999999,0,9.251196172248799
PR011073,02/03/2026,MANDI028,REQUIRES_INVESTIGATION,5141.0,5650.0,-509.0,1,-9.008849557522124
PR009523,2026/08/20,MANDI028,Corn,2290.39,2090.0,200.38999999999987,0,9.588038277511956
PR003550,30.05.2026,MANDI002,Cotton,7371.5,6620.0,751.5,0,11.351963746223564
PR001334,02-10-2026,MANDI049,REQUIRES_INVESTIGATION,2301.504513695795,2183.0,118.50451369579514,0,5.428516431323644
PR000724,05-Jul-2026,MANDI030,REQUIRES_INVESTIGATION,2378.03,2090.0,288.0300000000002,0,13.781339712918669
PR003720,2026-04-23,MANDI041,Mustard,6466.24,5650.0,816.2399999999998,0,14.446725663716812
PR007999,09-09-2026,MANDI030,REQUIRES_INVESTIGATION,2515.0,2183.0,332.0,0,15.208428767750801
PR000462,2026/04/02,MANDI032,Wheat,2216.71,2275.0,-58.289999999999964,1,-2.5621978021978005
PR004105,03-15-2026,MANDI003,REQUIRES_INVESTIGATION,3866.492345205889,3500.0,366.4923452058888,0,10.471209863025393
PR008409,2026-02-06,MANDI004,REQUIRES_INVESTIGATION,2352.0,2183.0,169.0,0,7.7416399450297755
PR004242,11/01/2026,MANDI007,Corn,2202.24,2090.0,112.23999999999978,0,5.370334928229655
PR010998,01-15-2026,MANDI023,Mustard,6277.92,5650.0,627.9200000000001,0,11.113628318584071
PR008763,06-05-2026,MANDI046,REQUIRES_INVESTIGATION,5631.36,5650.0,-18.640000000000327,1,-0.32991150442478456
PR006923,2026/09/05,MANDI040,REQUIRES_INVESTIGATION,2129.025833676267,2090.0,39.02583367626721,0,1.867264769199388
PR004869,22/08/2026,MANDI020,Corn,2023.94,2090.0,-66.05999999999995,1,-3.160765550239232
PR000937,17/01/2026,MANDI039,Wheat,2266.0,2275.0,-9.0,1,-0.3956043956043956
PR008034,05-11-2026,MANDI032,Cotton,7100.28,6620.0,480.27999999999975,0,7.254984894259815
PR007525,24/05/2026,MANDI007,Mustard,5391.0,5650.0,-259.0,1,-4.584070796460177
PR009761,02/05/2026,MANDI001,Paddy,2330.67,2183.0,147.67000000000007,0,6.764544205222174
PR011421,23.06.2026,,REQUIRES_INVESTIGATION,3306.0,3500.0,-194.0,1,-5.542857142857143
PR000923,07-Jun-2026,MANDI022,REQUIRES_INVESTIGATION,5802.52,5650.0,152.52000000000044,0,2.6994690265486803
PR011719,2026-08-12,,Wheat,2296.0,2275.0,21.0,0,0.9230769230769231
PR006972,2026/06/11,MANDI023,REQUIRES_INVESTIGATION,2416.47,2183.0,233.4699999999998,0,10.694915254237278
PR001662,2026-01-16,MANDI019,REQUIRES_INVESTIGATION,2172.66,2183.0,-10.340000000000146,1,-0.47366010077875154
PR000916,12-Apr-2026,MANDI019,Corn,2027.24,2090.0,-62.75999999999999,1,-3.0028708133971285
PR005570,01.05.2026,MANDI056,Cotton,6046.72,6620.0,-573.2799999999997,1,-8.659818731117822
PR002714,26/05/2026,MANDI049,Paddy,2350.13,2183.0,167.1300000000001,0,7.6559780119102205
PR000409,03.02.2026,MANDI039,Wheat,2477.08,2275.0,202.07999999999993,0,8.88263736263736
PR006775,08-14-2026,MANDI022,Wheat,2319.009279586182,2275.0,44.00927958618195,0,1.9344738279640414
PR010410,28/06/2026,MANDI029,Paddy,2288.0,2183.0,105.0,0,4.809894640403115
PR007404,13/07/2026,,Mustard,5691.06,5650.0,41.0600000000004,0,0.7267256637168212
PR003642,22.05.2026,MANDI013,Cotton,7506.1,6620.0,886.1000000000004,0,13.385196374622362
PR010912,06-30-2026,MANDI038,Sugarcane,3441.29,3500.0,-58.710000000000036,1,-1.6774285714285724
PR010907,03/02/2026,MANDI036,REQUIRES_INVESTIGATION,2399.4,2183.0,216.4000000000001,0,9.9129638112689
PR007735,07/01/2026,MANDI048,Corn,1953.01,2090.0,-136.99,1,-6.554545454545455
PR009306,08-26-2026,MANDI029,Corn,2171.46,2090.0,81.46000000000004,0,3.8976076555023944
PR006585,01.07.2026,MANDI006,Corn,2338.26,2090.0,248.26000000000022,0,11.878468899521542
PR005582,2026-03-31,MANDI051,Wheat,2151.424364169544,2275.0,-123.57563583045612,1,-5.43189608045961
PR011498,16/06/2026,MANDI023,REQUIRES_INVESTIGATION,2009.47,2090.0,-80.52999999999997,1,-3.8531100478468887
PR003736,2026-07-29,MANDI005,REQUIRES_INVESTIGATION,3561.0,3500.0,61.0,0,1.7428571428571429
PR010609,2026/04/17,MANDI032,Cotton,7230.09,6620.0,610.0900000000001,0,9.215861027190336
PR005174,03/06/2026,MANDI053,REQUIRES_INVESTIGATION,2112.4,2183.0,-70.59999999999991,1,-3.2340815391662807
PR011289,2026-01-05,MANDI035,Wheat,2519.2,2275.0,244.19999999999982,0,10.734065934065926
PR010177,2026-01-29,MANDI051,Sugarcane,3674.0,3500.0,174.0,0,4.9714285714285715
PR006595,31/03/2026,MANDI018,Mustard,5600.77,5650.0,-49.22999999999956,1,-0.8713274336283109
PR004540,08/06/2026,MANDI042,Wheat,2117.9,2275.0,-157.0999999999999,1,-6.905494505494501
PR006597,21-Jul-2026,MANDI035,Mustard,5922.0,5650.0,272.0,0,4.814159292035399
PR001599,22-Jan-2026,MANDI019,REQUIRES_INVESTIGATION,2100.32,2183.0,-82.67999999999984,1,-3.7874484654145597
PR002984,2026/04/26,,Wheat,2441.0,2275.0,166.0,0,7.2967032967032965
PR004439,2026-04-10,MANDI001,Cotton,7497.69,6620.0,877.6899999999996,0,13.258157099697879
PR008355,28.06.2026,MANDI028,Wheat,2235.85,2275.0,-39.15000000000009,1,-1.720879120879125
PR010022,03-13-2026,MANDI028,Cotton,6666.41,6620.0,46.409999999999854,0,0.7010574018126867
PR000348,08-04-2026,MANDI031,REQUIRES_INVESTIGATION,5628.36,5650.0,-21.640000000000327,1,-0.38300884955752795
PR005424,07/06/2026,,Cotton,6079.321391717093,6620.0,-540.6786082829067,1,-8.167350578291641
PR004848,2026-07-28,,Wheat,2465.557343627352,2275.0,190.5573436273521,0,8.376146972630861
PR005909,25-Aug-2026,MANDI007,REQUIRES_INVESTIGATION,2462.0,2183.0,279.0,0,12.780577187356847
PR009913,2026/05/13,MANDI051,Corn,1886.74,2090.0,-203.26,1,-9.725358851674642
PR005593,2026-01-12,MANDI028,Sugarcane,3680.07,3500.0,180.07000000000016,0,5.1448571428571475
PR007004,05/08/2026,MANDI003,Cotton,7327.75,6620.0,707.75,0,10.691087613293051
PR009652,13/05/2026,MANDI032,Cotton,6930.48,6620.0,310.47999999999956,0,4.690030211480356
PR009152,2026-03-04,MANDI036,REQUIRES_INVESTIGATION,2157.65,2090.0,67.65000000000009,0,3.2368421052631624
PR008483,01/02/2026,MANDI045,REQUIRES_INVESTIGATION,5960.43,5650.0,310.4300000000003,0,5.494336283185846
PR004738,27-May-2026,MANDI030,Cotton,7610.02,6620.0,990.0200000000004,0,14.954984894259827
PR000379,2026-02-21,MANDI002,REQUIRES_INVESTIGATION,2288.05,2183.0,105.05000000000018,0,4.812185066422363
PR002091,23/06/2026,MANDI019,REQUIRES_INVESTIGATION,2232.12,2090.0,142.1199999999999,0,6.799999999999995
PR008987,09.09.2026,MANDI020,REQUIRES_INVESTIGATION,2300.93,2090.0,210.92999999999984,0,10.092344497607646
PR006014,2026/05/01,MANDI041,Cotton,6306.3,6620.0,-313.6999999999998,1,-4.738670694864046
PR009068,03-30-2026,MANDI005,Cotton,7245.79,6620.0,625.79,0,9.453021148036253
PR004890,06.08.2026,MANDI049,Cotton,7401.0,6620.0,781.0,0,11.797583081570998
PR009215,2026-07-11,MANDI041,Mustard,5677.23,5650.0,27.229999999999563,0,0.48194690265485957
PR007839,2026-04-08,MANDI053,Sugarcane,3896.0,3500.0,396.0,0,11.314285714285715
PR004740,04-Apr-2026,MANDI010,Corn,2307.0,2090.0,217.0,0,10.382775119617225
PR008454,03-01-2026,MANDI020,REQUIRES_INVESTIGATION,5542.637807226309,5650.0,-107.36219277369128,1,-1.9002158013042705
PR005827,06-25-2026,MANDI005,Mustard,5592.56,5650.0,-57.4399999999996,1,-1.0166371681415858
PR003632,2026-06-08,MANDI017,Mustard,6072.0,5650.0,422.0,0,7.469026548672566
PR011856,30.04.2026,MANDI032,Cotton,6657.38,6620.0,37.38000000000011,0,0.5646525679758324
PR005683,2026-08-25,MANDI015,REQUIRES_INVESTIGATION,2199.63,2183.0,16.63000000000011,0,0.7617956939990889
PR007747,12-Jan-2026,MANDI052,Wheat,2556.38,2275.0,281.3800000000001,0,12.368351648351652
PR004209,2026/08/09,MANDI021,Wheat,2201.94,2275.0,-73.05999999999995,1,-3.211428571428569
PR002358,2026-01-17,MANDI053,Corn,2244.0,2090.0,154.0,0,7.368421052631578
PR009588,18-Jul-2026,MANDI052,Sugarcane,3540.85,3500.0,40.84999999999991,0,1.1671428571428546
PR005482,19/06/2026,MANDI036,Corn,2331.57,2090.0,241.57000000000016,0,11.558373205741635
PR008062,24-Jul-2026,MANDI026,Wheat,2103.39,2275.0,-171.61000000000013,1,-7.5432967032967095
PR004248,04.05.2026,MANDI009,Corn,2296.4305183873703,2090.0,206.43051838737028,0,9.877058296046425
PR011865,23/03/2026,MANDI033,Corn,2436.633812263321,2090.0,346.63381226332103,0,16.585349869058422
PR008421,15/06/2026,MANDI051,Paddy,1996.5044785676992,2183.0,-186.49552143230085,1,-8.543083895203887
PR011606,07-Mar-2026,,Corn,2120.0,2090.0,30.0,0,1.4354066985645932
PR004879,10.06.2026,MANDI014,REQUIRES_INVESTIGATION,3739.7,3500.0,239.69999999999982,0,6.848571428571423
PR000828,2026/05/30,MANDI039,REQUIRES_INVESTIGATION,1936.06,2183.0,-246.94000000000005,1,-11.311956023820432
PR006106,20/05/2026,MANDI047,Wheat,2341.67,2275.0,66.67000000000007,0,2.930549450549454
PR002314,04-27-2026,MANDI054,Wheat,2134.48,2275.0,-140.51999999999998,1,-6.176703296703296
PR000249,03-07-2026,,Sugarcane,3211.44,3500.0,-288.55999999999995,1,-8.244571428571428
PR010165,2026-06-07,MANDI054,Wheat,2071.7972193745063,2275.0,-203.2027806254937,1,-8.931990357164556
PR007348,2026/03/04,MANDI034,Cotton,6066.49,6620.0,-553.5100000000002,1,-8.361178247734143
PR006560,2026/01/02,MANDI015,Corn,2212.54,2090.0,122.53999999999996,0,5.86315789473684
PR006170,06/04/2026,MANDI003,Sugarcane,3466.8326738814385,3500.0,-33.167326118561505,1,-0.9476378891017573
PR011006,2026/02/02,MANDI030,REQUIRES_INVESTIGATION,2012.05,2090.0,-77.95000000000005,1,-3.729665071770337
PR006464,2026/01/28,MANDI020,REQUIRES_INVESTIGATION,2342.42,2183.0,159.42000000000007,0,7.302794319743476
PR007877,03.03.2026,MANDI006,Sugarcane,3757.8055531114624,3500.0,257.80555311146236,0,7.365872946041782
PR000213,22/04/2026,,REQUIRES_INVESTIGATION,2121.67,2090.0,31.670000000000073,0,1.5153110047846925
PR006762,01/03/2026,MANDI052,REQUIRES_INVESTIGATION,2092.6528396932986,2090.0,2.6528396932985743,0,0.1269301288659605
PR007317,2026-06-06,MANDI048,Cotton,7224.16,6620.0,604.1599999999999,0,9.126283987915405
PR001669,30.08.2026,MANDI004,REQUIRES_INVESTIGATION,2490.2,2183.0,307.1999999999998,0,14.072377462207964
PR009611,19.03.2026,MANDI006,REQUIRES_INVESTIGATION,2351.13,2183.0,168.1300000000001,0,7.701786532295012
PR010685,2026-07-11,MANDI051,Cotton,6671.48,6620.0,51.47999999999956,0,0.7776435045317155
PR003245,2026-05-31,MANDI038,REQUIRES_INVESTIGATION,2372.679864674289,2183.0,189.6798646742891,0,8.688953947516678
PR003508,2026-04-29,MANDI029,Corn,2263.0557381300277,2090.0,173.05573813002775,0,8.280178857896065
PR000396,2026-01-13,MANDI044,Cotton,6759.48692613094,6620.0,139.48692613094045,0,2.1070532648178317
PR007934,2026-07-06,MANDI008,REQUIRES_INVESTIGATION,4051.07,3500.0,551.0700000000002,0,15.744857142857146
PR000847,2026/04/17,MANDI023,Sugarcane,3259.7,3500.0,-240.30000000000018,1,-6.86571428571429
PR003834,2026/06/25,MANDI015,Wheat,2245.0,2275.0,-30.0,1,-1.3186813186813187
PR006500,2026-05-28,MANDI036,Cotton,6194.79,6620.0,-425.21000000000004,1,-6.423111782477342
PR000242,23.06.2026,MANDI005,Corn,2298.36,2090.0,208.36000000000013,0,9.969377990430628
PR010463,19/04/2026,MANDI056,Corn,2342.52025392837,2090.0,252.52025392837004,0,12.082308800400481
PR004595,2026/09/09,MANDI044,REQUIRES_INVESTIGATION,2287.0,2183.0,104.0,0,4.764086120018323
PR002520,2026/04/05,MANDI027,REQUIRES_INVESTIGATION,6289.800671089331,5650.0,639.8006710893314,0,11.323905682997017
PR008558,2026-05-24,MANDI054,Mustard,5739.335604800961,5650.0,89.33560480096094,0,1.5811611469196625
PR009612,2026-08-26,MANDI011,Cotton,6019.03,6620.0,-600.9700000000003,1,-9.078096676737164
PR008506,16/01/2026,MANDI051,Corn,2129.0,2090.0,39.0,0,1.8660287081339715
PR011142,2026/03/27,MANDI009,Cotton,6984.277964494723,6620.0,364.27796449472316,0,5.502688285418779
PR003692,2026-07-09,MANDI055,Mustard,5240.8,5650.0,-409.1999999999998,1,-7.242477876106192
PR002145,03-29-2026,MANDI052,Mustard,6185.49,5650.0,535.4899999999998,0,9.477699115044244
PR007339,2026-04-23,MANDI014,Sugarcane,3594.8792205182244,3500.0,94.87922051822443,0,2.7108348719492694
PR009822,06-19-2026,MANDI025,REQUIRES_INVESTIGATION,2299.73,2183.0,116.73000000000002,0,5.347228584516721
PR010421,12-Apr-2026,MANDI042,Sugarcane,3423.23,3500.0,-76.76999999999998,1,-2.1934285714285706
PR001958,2026/06/08,,Mustard,5480.29,5650.0,-169.71000000000004,1,-3.0037168141592927
PR003230,01-18-2026,MANDI018,Wheat,2298.11,2275.0,23.110000000000127,0,1.0158241758241815
PR003318,26/03/2026,MANDI016,REQUIRES_INVESTIGATION,2384.841860781103,2183.0,201.84186078110315,0,9.246076994095425
PR003217,2026-07-16,,Wheat,2382.4506115805607,2275.0,107.45061158056069,0,4.723103805738931
PR008086,2026-04-22,,Corn,1908.0,2090.0,-182.0,1,-8.708133971291867
PR004632,07/03/2026,MANDI032,Mustard,5969.33,5650.0,319.3299999999999,0,5.6518584070796445
PR003051,2026-06-25,MANDI014,Wheat,2035.39,2275.0,-239.6099999999999,1,-10.532307692307688
PR004962,07-04-2026,MANDI020,Cotton,6556.71,6620.0,-63.289999999999964,1,-0.956042296072507
PR001644,2026-04-23,MANDI037,Mustard,5170.26964708067,5650.0,-479.73035291932956,1,-8.490802706536806
PR000089,2026/06/16,MANDI052,Corn,1902.44,2090.0,-187.55999999999995,1,-8.974162679425834
PR008053,06-03-2026,,Mustard,5784.12,5650.0,134.1199999999999,0,2.3738053097345113
PR002230,08/08/2026,MANDI010,Mustard,5107.8,5650.0,-542.1999999999998,1,-9.596460176991148
PR009462,06-30-2026,MANDI056,REQUIRES_INVESTIGATION,2435.27,2183.0,252.26999999999998,0,11.55611543747137
PR002258,25/08/2026,,Paddy,2292.29,2183.0,109.28999999999996,0,5.006413192853869
PR011822,02-Apr-2026,MANDI019,Corn,1937.0,2090.0,-153.0,1,-7.320574162679426
PR003243,20/06/2026,MANDI014,Mustard,5549.88,5650.0,-100.11999999999989,1,-1.7720353982300867
PR009765,22/01/2026,MANDI002,Sugarcane,3754.0,3500.0,254.0,0,7.257142857142856
PR007538,11/06/2026,MANDI045,Paddy,2110.1846707589607,2183.0,-72.81532924103931,1,-3.335562493863459
PR000814,01-19-2026,MANDI030,Wheat,2325.68,2275.0,50.679999999999836,0,2.2276923076923003
PR002103,2026/05/18,MANDI032,Paddy,2291.52,2183.0,108.51999999999998,0,4.971140632157581
PR001323,28.07.2026,MANDI032,REQUIRES_INVESTIGATION,2247.61,2090.0,157.61000000000013,0,7.541148325358858
PR005994,03-16-2026,MANDI052,Mustard,6310.63,5650.0,660.6300000000001,0,11.692566371681417
PR003482,28/05/2026,MANDI002,REQUIRES_INVESTIGATION,2309.0,2183.0,126.0,0,5.771873568483739
PR001060,2026/01/10,MANDI033,Paddy,2244.99,2183.0,61.98999999999978,0,2.8396701786532192
PR004747,2026-02-03,MANDI048,Mustard,5514.0,5650.0,-136.0,1,-2.4070796460176993
PR005655,29/01/2026,MANDI055,Cotton,6861.02,6620.0,241.02000000000044,0,3.640785498489433
PR001767,13-May-2026,MANDI048,Mustard,6024.06,5650.0,374.0600000000004,0,6.620530973451334
PR001920,2026/09/04,MANDI010,Mustard,6494.46,5650.0,844.46,0,14.946194690265488
PR002424,2026/03/03,MANDI029,Corn,1999.29,2090.0,-90.71000000000004,1,-4.34019138755981
PR003467,2026/07/10,MANDI022,Paddy,1954.0,2183.0,-229.0,1,-10.49015116811727
PR004355,2026-01-29,MANDI022,Cotton,7446.09,6620.0,826.0900000000001,0,12.478700906344413
PR000086,2026/05/04,MANDI040,Corn,1911.0,2090.0,-179.0,1,-8.564593301435407
PR002462,12.01.2026,MANDI013,Wheat,2233.0,2275.0,-42.0,1,-1.8461538461538463
PR002116,10.05.2026,MANDI052,REQUIRES_INVESTIGATION,2433.2,2183.0,250.19999999999982,0,11.461291800274843
PR007296,2026/03/02,MANDI020,REQUIRES_INVESTIGATION,2104.0,2183.0,-79.0,1,-3.618873110398534
PR008854,23/08/2026,MANDI021,Wheat,2406.78,2275.0,131.7800000000002,0,5.792527472527481
PR006694,2026-03-07,MANDI052,REQUIRES_INVESTIGATION,3259.0,3500.0,-241.0,1,-6.885714285714285
PR005133,02-06-2026,MANDI020,REQUIRES_INVESTIGATION,5439.88,5650.0,-210.1199999999999,1,-3.7189380530973435
PR001789,2026/06/18,MANDI008,Cotton,7716.57,6620.0,1096.5699999999997,0,16.564501510574015
PR003562,05-12-2026,,Sugarcane,3756.07,3500.0,256.07000000000016,0,7.316285714285719
PR011168,09-04-2026,MANDI024,Paddy,2014.98,2183.0,-168.01999999999998,1,-7.696747595052679
PR005920,24/03/2026,MANDI022,Sugarcane,3657.0,3500.0,157.0,0,4.485714285714286
PR001024,02.04.2026,,Wheat,2565.2433587236146,2275.0,290.2433587236146,0,12.75794983400504
PR001571,25.05.2026,MANDI001,Wheat,2485.82,2275.0,210.82000000000016,0,9.266813186813195
PR001242,2026-08-22,MANDI028,Cotton,6721.916466480194,6620.0,101.91646648019378,0,1.5395236628428062
PR011775,30-May-2026,MANDI051,Cotton,6397.0,6620.0,-223.0,1,-3.3685800604229605
PR005649,2026/09/04,MANDI017,Mustard,5346.43,5650.0,-303.5699999999997,1,-5.372920353982296
PR006749,02-01-2026,MANDI034,Corn,1853.31,2090.0,-236.69000000000005,1,-11.324880382775122
PR000926,2026/04/03,MANDI014,Wheat,2240.51,2275.0,-34.48999999999978,1,-1.5160439560439465
PR009790,16/05/2026,MANDI021,Paddy,1985.94,2183.0,-197.05999999999995,1,-9.027027027027025
PR000954,27.06.2026,MANDI051,REQUIRES_INVESTIGATION,3788.16,3500.0,288.15999999999985,0,8.233142857142854
PR009576,03-12-2026,MANDI007,Mustard,6413.5365093901255,5650.0,763.5365093901255,0,13.513920520179212
PR000553,28/03/2026,MANDI057,REQUIRES_INVESTIGATION,3646.82,3500.0,146.82000000000016,0,4.194857142857147
PR005432,24.04.2026,MANDI052,Cotton,6616.0,6620.0,-4.0,1,-0.060422960725075525
PR008451,31.07.2026,MANDI055,Mustard,5209.09,5650.0,-440.90999999999985,1,-7.803716814159289
PR011807,2026-01-15,MANDI055,Mustard,5614.080663381963,5650.0,-35.91933661803705,1,-0.6357404711157
PR009855,2026-04-07,MANDI027,REQUIRES_INVESTIGATION,5569.0,5650.0,-81.0,1,-1.4336283185840708
PR011805,03-16-2026,MANDI020,Wheat,2211.94,2275.0,-63.059999999999945,1,-2.7718681318681293
PR003545,05-May-2026,MANDI037,Cotton,6655.0,6620.0,35.0,0,0.5287009063444109
PR005620,20/06/2026,MANDI040,Wheat,2168.65,2275.0,-106.34999999999991,1,-4.6747252747252706
PR002407,24-Jan-2026,MANDI014,Wheat,2333.12,2275.0,58.11999999999989,0,2.55472527472527
PR001809,21-Feb-2026,MANDI006,REQUIRES_INVESTIGATION,5989.98,5650.0,339.97999999999956,0,6.017345132743355
PR005671,05/02/2026,MANDI007,REQUIRES_INVESTIGATION,2192.7515109344795,2090.0,102.75151093447948,0,4.916340236099496
PR002322,26/08/2026,MANDI028,Sugarcane,3548.31,3500.0,48.309999999999945,0,1.3802857142857128
PR006947,2026/03/02,,Mustard,5496.0,5650.0,-154.0,1,-2.7256637168141595
PR000298,15-Apr-2026,MANDI044,Cotton,7664.66,6620.0,1044.6599999999999,0,15.780362537764347
PR005021,30.05.2026,MANDI006,REQUIRES_INVESTIGATION,2045.5637585925324,2090.0,-44.436241407467605,1,-2.1261359525104115
PR008531,18.01.2026,MANDI048,Paddy,2463.89,2183.0,280.8899999999999,0,12.8671552908841
PR007431,20.03.2026,MANDI008,REQUIRES_INVESTIGATION,2161.0,2183.0,-22.0,1,-1.0077874484654146
PR011891,2026-07-05,,Corn,2207.49,2090.0,117.48999999999978,0,5.6215311004784585
PR005713,08-08-2026,MANDI003,Wheat,2164.0,2275.0,-111.0,1,-4.879120879120879
PR002396,17/01/2026,MANDI054,Sugarcane,3443.485439373989,3500.0,-56.51456062601119,1,-1.6147017321717483
PR009521,18/05/2026,MANDI057,REQUIRES_INVESTIGATION,2125.53,2090.0,35.5300000000002,0,1.7000000000000095
PR009061,20.06.2026,MANDI040,Wheat,2464.37,2275.0,189.3699999999999,0,8.32395604395604
PR002383,15/01/2026,,Paddy,2006.22,2183.0,-176.77999999999997,1,-8.098030233623453
PR010944,02-Mar-2026,MANDI032,Sugarcane,3813.0,3500.0,313.0,0,8.942857142857143
PR005978,03.01.2026,MANDI008,Cotton,7130.0,6620.0,510.0,0,7.7039274924471295
PR002922,2026/01/08,MANDI021,Cotton,6592.26,6620.0,-27.73999999999978,1,-0.41903323262839554
PR004305,24-Jul-2026,MANDI025,REQUIRES_INVESTIGATION,6428.66,5650.0,778.6599999999999,0,13.78159292035398
PR008621,17.03.2026,MANDI021,Cotton,6421.48,6620.0,-198.52000000000044,1,-2.998791540785505
PR001219,12/05/2026,MANDI002,Sugarcane,3286.46,3500.0,-213.53999999999996,1,-6.1011428571428565
PR003904,2026/05/04,MANDI042,REQUIRES_INVESTIGATION,2141.11,2183.0,-41.88999999999987,1,-1.918918918918913
PR003020,08-Jul-2026,MANDI006,REQUIRES_INVESTIGATION,2099.63,2183.0,-83.36999999999989,1,-3.8190563444800687
PR011180,2026/07/21,,Mustard,5943.02826005763,5650.0,293.0282600576302,0,5.186340885975755
PR004367,08/03/2026,MANDI056,Corn,1901.0,2090.0,-189.0,1,-9.043062200956937
PR005215,24/02/2026,MANDI039,Mustard,5909.44,5650.0,259.4399999999996,0,4.591858407079639
PR009817,2026/05/29,,Corn,2145.32,2090.0,55.320000000000164,0,2.646889952153118
PR006733,25-Feb-2026,MANDI005,Corn,2116.67,2090.0,26.670000000000073,0,1.276076555023927
PR009574,06/05/2026,MANDI029,Cotton,6726.13,6620.0,106.13000000000011,0,1.6031722054380682
PR008030,2026-05-17,MANDI027,Cotton,6930.818807678319,6620.0,310.818807678319,0,4.695148152240468
PR008335,2026-01-17,MANDI015,Mustard,6266.35766198528,5650.0,616.3576619852802,0,10.908985167881065
PR009625,2026-02-14,MANDI021,REQUIRES_INVESTIGATION,2325.63,2090.0,235.6300000000001,0,11.274162679425842
PR006504,2026/01/15,MANDI047,Cotton,7319.07,6620.0,699.0699999999997,0,10.559969788519632
PR004062,2026-05-05,MANDI014,REQUIRES_INVESTIGATION,5568.03,5650.0,-81.97000000000025,1,-1.4507964601769956
PR005599,24/02/2026,,REQUIRES_INVESTIGATION,2121.45,2183.0,-61.55000000000018,1,-2.8195144296839296
PR005367,27-Apr-2026,MANDI052,Sugarcane,3158.52,3500.0,-341.48,1,-9.75657142857143
PR006841,21.07.2026,MANDI042,Corn,2334.83,2090.0,244.82999999999993,0,11.714354066985642
PR006016,2026-07-05,MANDI037,REQUIRES_INVESTIGATION,2039.88,2183.0,-143.1199999999999,1,-6.556115437471364
PR003049,27-Mar-2026,MANDI010,REQUIRES_INVESTIGATION,2380.96,2183.0,197.96000000000004,0,9.06825469537334
PR007140,04-17-2026,MANDI044,Cotton,6251.61,6620.0,-368.3900000000003,1,-5.564803625377649
PR003758,06/07/2026,MANDI027,Sugarcane,3931.9,3500.0,431.9000000000001,0,12.340000000000002
PR002484,18/05/2026,MANDI042,Cotton,6926.29,6620.0,306.28999999999996,0,4.626737160120845
PR003343,22-Mar-2026,MANDI012,Paddy,2152.88,2183.0,-30.11999999999989,1,-1.379752633989917
PR001467,29.07.2026,MANDI040,Wheat,2462.62,2275.0,187.6199999999999,0,8.247032967032961
PR005807,15/08/2026,MANDI020,Mustard,6525.25,5650.0,875.25,0,15.491150442477878
PR002222,04-Aug-2026,MANDI035,Cotton,6863.68,6620.0,243.6800000000003,0,3.680966767371606
PR009196,2026/08/24,MANDI024,Sugarcane,3424.36,3500.0,-75.63999999999987,1,-2.1611428571428535
PR002093,2026-03-19,MANDI005,Cotton,6407.83,6620.0,-212.17000000000007,1,-3.20498489425982
PR011999,2026-05-07,MANDI010,Paddy,2235.26,2183.0,52.26000000000022,0,2.3939532753092174
PR008221,2026-04-26,MANDI051,Corn,2027.0,2090.0,-63.0,1,-3.014354066985646
PR007196,07-06-2026,MANDI010,Wheat,2508.87,2275.0,233.8699999999999,0,10.279999999999994
PR006171,2026/08/24,MANDI039,Corn,2173.14,2090.0,83.13999999999987,0,3.9779904306220035
PR001952,23-Jun-2026,MANDI038,Corn,2191.56,2090.0,101.55999999999995,0,4.859330143540667
PR011928,2026/08/30,MANDI016,Wheat,2281.66,2275.0,6.6599999999998545,0,0.2927472527472464
PR004504,27.08.2026,MANDI007,REQUIRES_INVESTIGATION,2129.66,2090.0,39.659999999999854,0,1.8976076555023855
PR003944,07/09/2026,MANDI001,Wheat,2260.0,2275.0,-15.0,1,-0.6593406593406593
PR001012,28-Apr-2026,MANDI056,Cotton,6881.0,6620.0,261.0,0,3.9425981873111784
PR002089,2026/03/28,MANDI057,Mustard,6180.0,5650.0,530.0,0,9.380530973451327
PR010464,01-13-2026,MANDI047,Corn,1973.57,2090.0,-116.43000000000006,1,-5.570813397129189
PR002246,2026-03-02,MANDI039,Paddy,2390.0,2183.0,207.0,0,9.482363719651856
PR004532,03/07/2026,MANDI026,REQUIRES_INVESTIGATION,3972.76,3500.0,472.7600000000002,0,13.507428571428578
PR011025,23/07/2026,MANDI001,Sugarcane,3726.097578261707,3500.0,226.09757826170699,0,6.459930807477342
PR001325,02-Sep-2026,MANDI008,Wheat,2362.86,2275.0,87.86000000000013,0,3.8619780219780275
PR001994,11/06/2026,MANDI017,REQUIRES_INVESTIGATION,2326.39,2090.0,236.38999999999987,0,11.310526315789469
PR004324,2026-01-18,MANDI022,Corn,2329.02,2090.0,239.01999999999998,0,11.436363636363636
PR007588,23.01.2026,MANDI023,Cotton,6003.91,6620.0,-616.0900000000001,1,-9.306495468277948
PR010757,2026/01/22,MANDI041,Cotton,6980.0,6620.0,360.0,0,5.438066465256798
PR003429,02-09-2026,,Mustard,6030.47,5650.0,380.47000000000025,0,6.733982300884961
PR005718,21/01/2026,MANDI046,Corn,2384.52,2090.0,294.52,0,14.091866028708132
PR007953,2026-02-11,MANDI054,Cotton,7305.99,6620.0,685.9899999999998,0,10.362386706948637
PR010622,18-Feb-2026,,REQUIRES_INVESTIGATION,1989.59,2183.0,-193.41000000000008,1,-8.859825927622541
PR005382,17/07/2026,MANDI040,Cotton,7216.0,6620.0,596.0,0,9.003021148036254
PR002590,2026-04-17,MANDI034,Paddy,2271.99,2183.0,88.98999999999978,0,4.076500229042592
PR000973,2026-02-08,MANDI031,Sugarcane,3438.0,3500.0,-62.0,1,-1.7714285714285714
PR001493,15.02.2026,MANDI026,Sugarcane,3515.0,3500.0,15.0,0,0.4285714285714286
PR011329,19.02.2026,MANDI022,Wheat,2291.75,2275.0,16.75,0,0.7362637362637363
PR008107,03/02/2026,MANDI012,Wheat,2527.05,2275.0,252.05000000000018,0,11.079120879120886
PR003052,26/04/2026,MANDI014,Wheat,2130.22,2275.0,-144.7800000000002,1,-6.363956043956052
PR005228,22-Mar-2026,MANDI037,REQUIRES_INVESTIGATION,2071.6,2183.0,-111.40000000000009,1,-5.103069170865785
PR007622,09.09.2026,MANDI039,Cotton,6935.49,6620.0,315.4899999999998,0,4.765709969788516
PR003994,25-May-2026,MANDI014,REQUIRES_INVESTIGATION,2029.8357632073885,2183.0,-153.16423679261152,1,-7.016227063335388
PR001086,2026/08/24,MANDI055,Corn,1991.97,2090.0,-98.02999999999997,1,-4.6904306220095675
PR009079,2026/07/01,MANDI012,Wheat,2190.99,2275.0,-84.01000000000022,1,-3.6927472527472625
PR005889,23.05.2026,MANDI018,Wheat,2579.0,2275.0,304.0,0,13.362637362637365
PR007483,13/04/2026,MANDI030,Wheat,2519.57,2275.0,244.57000000000016,0,10.750329670329679
PR004218,22/06/2026,MANDI004,Sugarcane,3340.71,3500.0,-159.28999999999996,1,-4.551142857142857
PR007487,2026-08-19,MANDI037,Cotton,6794.86,6620.0,174.85999999999967,0,2.6413897280966716
PR009383,08-04-2026,MANDI021,Wheat,2520.9,2275.0,245.9000000000001,0,10.808791208791213
PR004696,2026/03/11,MANDI020,Corn,2057.0,2090.0,-33.0,1,-1.5789473684210527
PR004038,2026-09-02,MANDI001,REQUIRES_INVESTIGATION,2094.75,2183.0,-88.25,1,-4.0426019239578554
PR003770,2026/06/26,MANDI043,REQUIRES_INVESTIGATION,3600.14,3500.0,100.13999999999987,0,2.861142857142853
PR001584,02.04.2026,MANDI057,REQUIRES_INVESTIGATION,2187.32,2183.0,4.320000000000164,0,0.19789280806230708
PR005763,16-Jan-2026,MANDI032,REQUIRES_INVESTIGATION,3726.33,3500.0,226.32999999999993,0,6.466571428571427
PR004197,22.03.2026,MANDI039,Mustard,5636.0,5650.0,-14.0,1,-0.24778761061946902
PR005951,2026/05/04,MANDI003,Corn,1897.27,2090.0,-192.73000000000002,1,-9.221531100478469
PR002795,2026-04-02,MANDI010,REQUIRES_INVESTIGATION,2261.12,2183.0,78.11999999999989,0,3.5785616124599127
PR006304,17-Feb-2026,MANDI013,REQUIRES_INVESTIGATION,1956.38,2090.0,-133.6199999999999,1,-6.393301435406694
PR004947,17-May-2026,MANDI054,REQUIRES_INVESTIGATION,1867.08,2090.0,-222.92000000000007,1,-10.666028708133975
PR003141,22.01.2026,MANDI034,Corn,1951.38,2090.0,-138.6199999999999,1,-6.632535885167459
PR002136,27.07.2026,MANDI016,Cotton,6349.49,6620.0,-270.5100000000002,1,-4.086253776435048
PR000801,08/02/2026,MANDI033,Mustard,5832.37,5650.0,182.3699999999999,0,3.2277876106194667
PR002291,2026-04-23,MANDI030,Cotton,7687.58,6620.0,1067.58,0,16.12658610271903
PR004669,2026/08/11,MANDI045,Sugarcane,3524.0,3500.0,24.0,0,0.6857142857142857
PR000472,2026-08-28,MANDI053,Cotton,6901.27,6620.0,281.27000000000044,0,4.248791540785505
PR003364,23/04/2026,MANDI013,REQUIRES_INVESTIGATION,1932.0,2090.0,-158.0,1,-7.559808612440191
PR010493,01-26-2026,MANDI019,Sugarcane,4043.99,3500.0,543.9899999999998,0,15.542571428571422
PR010281,08-08-2026,MANDI027,REQUIRES_INVESTIGATION,2344.14,2183.0,161.13999999999987,0,7.381584974805308
PR001533,2026-08-31,MANDI013,REQUIRES_INVESTIGATION,2471.54,2183.0,288.53999999999996,0,13.217590471827759
PR000516,06-Feb-2026,MANDI001,REQUIRES_INVESTIGATION,2211.43,2183.0,28.429999999999836,0,1.3023362345396168
PR001515,2026-08-17,MANDI015,REQUIRES_INVESTIGATION,1905.35,2090.0,-184.6500000000001,1,-8.834928229665076
PR004981,2026-02-11,MANDI017,Cotton,6652.57,6620.0,32.56999999999971,0,0.49199395770392307
PR008770,2026/06/25,MANDI047,REQUIRES_INVESTIGATION,3688.06,3500.0,188.05999999999995,0,5.373142857142856
PR006483,2026-08-16,MANDI044,REQUIRES_INVESTIGATION,3311.0,3500.0,-189.0,1,-5.4
PR010268,23/02/2026,,Wheat,2108.0,2275.0,-167.0,1,-7.34065934065934
PR002049,25.02.2026,MANDI026,Corn,1925.7,2090.0,-164.29999999999995,1,-7.861244019138754
PR006373,2026/02/06,MANDI001,REQUIRES_INVESTIGATION,5835.1,5650.0,185.10000000000036,0,3.276106194690272
PR009371,2026-06-11,MANDI052,Paddy,2232.59787255946,2183.0,49.59787255946003,0,2.2720051561823196
PR010300,21-Apr-2026,MANDI027,Cotton,6695.01,6620.0,75.01000000000022,0,1.1330815709969821
PR007882,2026/02/03,MANDI035,Mustard,5757.0,5650.0,107.0,0,1.893805309734513
PR002792,17.07.2026,MANDI026,Cotton,7416.0,6620.0,796.0,0,12.024169184290031
PR003172,2026-05-06,MANDI031,Wheat,2094.67,2275.0,-180.32999999999993,1,-7.926593406593403
PR004900,07-13-2026,MANDI054,Mustard,5983.0,5650.0,333.0,0,5.893805309734514
PR001376,09-Sep-2026,MANDI054,Wheat,2198.0,2275.0,-77.0,1,-3.3846153846153846
PR004104,20/03/2026,MANDI036,REQUIRES_INVESTIGATION,2006.06,2183.0,-176.94000000000005,1,-8.105359596885023
PR010983,2026-01-04,MANDI046,Cotton,6267.32,6620.0,-352.6800000000003,1,-5.327492447129914
PR002151,29-May-2026,MANDI025,REQUIRES_INVESTIGATION,2259.74,2183.0,76.73999999999978,0,3.5153458543288956
PR010010,24/04/2026,MANDI036,Corn,2134.21,2090.0,44.210000000000036,0,2.1153110047846906
PR001275,2026/01/13,,Mustard,5903.715394496389,5650.0,253.7153944963893,0,4.490537955688306
PR005554,02-19-2026,MANDI056,REQUIRES_INVESTIGATION,2224.0,2183.0,41.0,0,1.8781493357764543
PR002327,17/08/2026,MANDI010,Wheat,2369.13,2275.0,94.13000000000011,0,4.137582417582422
PR011997,31-Mar-2026,MANDI025,Cotton,6877.45,6620.0,257.4499999999998,0,3.8889728096676706
PR007016,03-16-2026,MANDI028,REQUIRES_INVESTIGATION,1997.0,2183.0,-186.0,1,-8.520384791571232
PR009698,2026/05/26,MANDI029,Cotton,6125.38,6620.0,-494.6199999999999,1,-7.471601208459212
PR009023,2026-06-02,MANDI050,Mustard,6244.03,5650.0,594.0299999999997,0,10.513805309734508
PR008544,2026-04-11,MANDI024,Corn,2412.36,2090.0,322.3600000000001,0,15.423923444976081
PR001392,2026/01/12,MANDI027,Paddy,2295.67,2183.0,112.67000000000007,0,5.16124599175447
PR004802,21-May-2026,MANDI055,Sugarcane,3570.65,3500.0,70.65000000000009,0,2.018571428571431
PR007573,13.02.2026,MANDI007,Corn,2130.14,2090.0,40.13999999999987,0,1.92057416267942
PR005408,28.02.2026,MANDI026,Sugarcane,3740.06,3500.0,240.05999999999995,0,6.858857142857142
PR011582,23.06.2026,,REQUIRES_INVESTIGATION,2386.03,2090.0,296.0300000000002,0,14.164114832535896
PR006160,04-18-2026,MANDI007,Cotton,7218.0,6620.0,598.0,0,9.033232628398792
PR003265,2026-06-01,MANDI056,REQUIRES_INVESTIGATION,2217.37,2183.0,34.36999999999989,0,1.5744388456252811
PR008366,07-07-2026,MANDI030,Wheat,2279.56,2275.0,4.559999999999945,0,0.20043956043955805
PR003347,2026/03/19,MANDI057,REQUIRES_INVESTIGATION,2239.0,2183.0,56.0,0,2.565277141548328
PR005481,2026-06-04,MANDI015,Paddy,2466.77,2183.0,283.77,0,12.999083829592303
PR009245,26-Jan-2026,MANDI017,Mustard,5866.545099467126,5650.0,216.54509946712642,0,3.832656627736751
PR000498,2026/07/21,MANDI009,Sugarcane,3365.04,3500.0,-134.96000000000004,1,-3.856000000000001
PR008302,2026-06-05,,Paddy,2334.48,2183.0,151.48000000000002,0,6.939074667888229
PR003886,05/03/2026,MANDI015,REQUIRES_INVESTIGATION,3417.68,3500.0,-82.32000000000016,1,-2.3520000000000048
PR004318,2026-03-02,MANDI021,REQUIRES_INVESTIGATION,2140.05,2090.0,50.05000000000018,0,2.3947368421052717
PR007145,09.09.2026,MANDI018,Paddy,2145.12,2183.0,-37.88000000000011,1,-1.73522675217591
PR000055,03-28-2026,MANDI039,Wheat,2165.21,2275.0,-109.78999999999996,1,-4.825934065934065
PR006488,16/05/2026,MANDI038,Paddy,2136.53,2183.0,-46.4699999999998,1,-2.1287219422812553
PR011882,16/07/2026,MANDI046,REQUIRES_INVESTIGATION,3332.0661828503694,3500.0,-167.9338171496306,1,-4.7981090614180175
PR007005,05-Jun-2026,MANDI051,Paddy,2358.579787521304,2183.0,175.57978752130384,0,8.043050275827019
PR005903,08-30-2026,MANDI040,Sugarcane,3716.0,3500.0,216.0,0,6.171428571428572
PR007436,12.03.2026,MANDI003,REQUIRES_INVESTIGATION,2319.19,2183.0,136.19000000000005,0,6.238662391204767
PR011242,2026-04-18,MANDI040,REQUIRES_INVESTIGATION,2250.52,2090.0,160.51999999999998,0,7.680382775119616
PR006360,2026/06/02,MANDI009,REQUIRES_INVESTIGATION,1977.96,2090.0,-112.03999999999996,1,-5.360765550239233
PR009395,25.08.2026,MANDI012,Wheat,2539.0,2275.0,264.0,0,11.604395604395606
PR003205,2026/04/10,MANDI043,REQUIRES_INVESTIGATION,2075.0,2090.0,-15.0,1,-0.7177033492822966
PR006138,21/06/2026,MANDI008,REQUIRES_INVESTIGATION,2019.5,2183.0,-163.5,1,-7.489693082913422
PR003653,08.02.2026,MANDI017,REQUIRES_INVESTIGATION,3574.06,3500.0,74.05999999999995,0,2.1159999999999983
PR002996,01/06/2026,MANDI008,Mustard,5341.26,5650.0,-308.7399999999998,1,-5.4644247787610585
PR004139,25/02/2026,,Mustard,5796.41,5650.0,146.40999999999985,0,2.591327433628316
PR011201,14/08/2026,MANDI043,Wheat,2222.17,2275.0,-52.82999999999993,1,-2.322197802197799
PR009517,11.02.2026,MANDI033,Mustard,5813.945862160526,5650.0,163.9458621605263,0,2.9016966754075453
PR008577,25-May-2026,MANDI018,Cotton,6544.19,6620.0,-75.8100000000004,1,-1.145166163142
PR000922,10/04/2026,MANDI025,Corn,2131.0,2090.0,41.0,0,1.9617224880382775
PR008400,2026-07-18,MANDI018,Mustard,6167.21,5650.0,517.21,0,9.154159292035398
PR000543,11.07.2026,MANDI010,Wheat,2155.35,2275.0,-119.65000000000009,1,-5.259340659340663
PR005885,01/05/2026,MANDI035,Wheat,2421.3,2275.0,146.30000000000018,0,6.430769230769238
PR007134,2026-06-08,MANDI042,Cotton,7135.88,6620.0,515.8800000000001,0,7.792749244712994
PR007975,02-22-2026,MANDI040,Corn,2115.82,2090.0,25.820000000000164,0,1.235406698564601
PR007725,2026-07-19,MANDI057,Cotton,6846.884576572764,6620.0,226.88457657276376,0,3.427259464845374
PR000792,2026/05/08,MANDI042,REQUIRES_INVESTIGATION,2140.5,2183.0,-42.5,1,-1.946862116353642
PR008600,11-Jul-2026,,Cotton,6709.58,6620.0,89.57999999999993,0,1.3531722054380655
PR004561,24.03.2026,MANDI046,REQUIRES_INVESTIGATION,2286.54,2183.0,103.53999999999996,0,4.743014200641317
PR007863,2026-03-14,MANDI003,Mustard,6027.31,5650.0,377.3100000000004,0,6.678053097345139
PR004715,2026/02/07,MANDI006,Wheat,2090.46,2275.0,-184.53999999999996,1,-8.11164835164835
PR001820,30-Aug-2026,MANDI022,REQUIRES_INVESTIGATION,2149.37,2183.0,-33.63000000000011,1,-1.5405405405405457
PR001540,12/07/2026,,Sugarcane,3354.0,3500.0,-146.0,1,-4.171428571428572
PR004281,04-24-2026,MANDI012,Mustard,5595.25,5650.0,-54.75,1,-0.9690265486725663
PR001452,23-May-2026,MANDI053,REQUIRES_INVESTIGATION,2096.12,2183.0,-86.88000000000011,1,-3.9798442510306966
PR003370,05/02/2026,MANDI001,Cotton,6811.87,6620.0,191.8699999999999,0,2.8983383685800588
PR001803,24-Feb-2026,,Sugarcane,3664.89,3500.0,164.88999999999987,0,4.711142857142853
PR011042,2026/03/29,MANDI010,Cotton,6396.0,6620.0,-224.0,1,-3.3836858006042294
PR005579,2026-03-03,MANDI036,Cotton,6669.77,6620.0,49.77000000000044,0,0.7518126888217589
PR000658,2026-04-01,MANDI030,REQUIRES_INVESTIGATION,2134.36,2183.0,-48.63999999999987,1,-2.228126431516256
PR003825,2026-06-20,MANDI023,Wheat,2292.87,2275.0,17.86999999999989,0,0.7854945054945007
PR006612,2026/02/20,,Wheat,2356.18,2275.0,81.17999999999984,0,3.568351648351641
PR010109,03.04.2026,MANDI054,REQUIRES_INVESTIGATION,2229.85,2090.0,139.8499999999999,0,6.691387559808608
PR011255,06-05-2026,MANDI027,Cotton,6478.024139185776,6620.0,-141.97586081422378,1,-2.144650465471658
PR008339,19/06/2026,MANDI027,Paddy,2048.521023286257,2183.0,-134.47897671374312,1,-6.160282946117413
PR003382,04-21-2026,MANDI053,Cotton,6268.79,6620.0,-351.21000000000004,1,-5.305287009063445
PR000454,22.04.2026,MANDI044,Sugarcane,3865.41,3500.0,365.40999999999985,0,10.44028571428571
PR000263,16-Feb-2026,,Cotton,6192.57,6620.0,-427.4300000000003,1,-6.456646525679763
PR005840,11-Feb-2026,MANDI011,REQUIRES_INVESTIGATION,2122.59,2183.0,-60.409999999999854,1,-2.767292716445252
PR006124,03-15-2026,MANDI013,Sugarcane,3314.84,3500.0,-185.15999999999985,1,-5.29028571428571
PR005776,2026/05/28,MANDI001,REQUIRES_INVESTIGATION,2231.21,2183.0,48.210000000000036,0,2.2084287677508034
PR007833,04-08-2026,MANDI017,Corn,2242.64,2090.0,152.63999999999987,0,7.3033492822966455
PR010443,2026/06/13,MANDI028,Cotton,6595.65,6620.0,-24.350000000000364,1,-0.3678247734139028
PR003151,04-07-2026,,Mustard,5599.04,5650.0,-50.960000000000036,1,-0.9019469026548679
PR011476,2026-07-03,MANDI054,Corn,2394.0,2090.0,304.0,0,14.545454545454545
PR004760,2026-08-20,MANDI031,Cotton,6273.0,6620.0,-347.0,1,-5.241691842900302
PR003707,30-Jan-2026,MANDI029,Sugarcane,3827.57,3500.0,327.57000000000016,0,9.359142857142862
PR005666,2026-07-31,MANDI057,Cotton,6706.0,6620.0,86.0,0,1.299093655589124
PR011264,12-Jan-2026,MANDI002,Cotton,7006.0,6620.0,386.0,0,5.830815709969789
PR007393,12-Aug-2026,MANDI031,Wheat,2631.34,2275.0,356.34000000000015,0,15.663296703296709
PR006896,2026/01/24,MANDI034,REQUIRES_INVESTIGATION,2067.22,2183.0,-115.7800000000002,1,-5.303710490151177
PR003385,2026-06-06,MANDI007,Cotton,6399.02,6620.0,-220.97999999999956,1,-3.338066465256791
PR002126,2026/01/03,MANDI019,Paddy,2130.7,2183.0,-52.30000000000018,1,-2.3957856161246074
PR007310,2026/01/19,,Wheat,2234.06,2275.0,-40.940000000000055,1,-1.7995604395604419
PR008045,04-Aug-2026,MANDI016,Cotton,7406.0,6620.0,786.0,0,11.873111782477341
PR010072,12/06/2026,MANDI004,Paddy,2081.0,2183.0,-102.0,1,-4.67246907924874
PR010467,04-09-2026,MANDI055,Corn,2040.0,2090.0,-50.0,1,-2.3923444976076556
PR010911,22/03/2026,MANDI037,Cotton,7029.55,6620.0,409.5500000000002,0,6.186555891238673
PR011400,06-14-2026,MANDI018,Wheat,2107.0,2275.0,-168.0,1,-7.384615384615385
PR008693,2026-03-10,,Sugarcane,3248.77,3500.0,-251.23000000000002,1,-7.178000000000001
PR008549,25.06.2026,MANDI051,Sugarcane,3637.4,3500.0,137.4000000000001,0,3.925714285714289
PR000268,2026/07/04,MANDI041,Sugarcane,3447.0,3500.0,-53.0,1,-1.5142857142857145
PR004126,08.05.2026,MANDI052,REQUIRES_INVESTIGATION,5501.05,5650.0,-148.94999999999982,1,-2.6362831858407048
PR011250,29-May-2026,MANDI051,Cotton,6669.28,6620.0,49.279999999999745,0,0.7444108761329267
PR003129,06-Jan-2026,,REQUIRES_INVESTIGATION,6490.35,5650.0,840.3500000000004,0,14.873451327433635
PR009934,2026-05-25,MANDI010,Corn,2000.95,2090.0,-89.04999999999995,1,-4.260765550239232
PR000237,2026/06/25,MANDI005,Sugarcane,3626.62,3500.0,126.61999999999989,0,3.6177142857142823
PR010132,2026-07-01,MANDI050,Wheat,2269.24,2275.0,-5.760000000000218,1,-0.2531868131868228
PR008052,12/02/2026,MANDI054,Mustard,5925.0,5650.0,275.0,0,4.867256637168142
PR011552,15-Jun-2026,MANDI040,REQUIRES_INVESTIGATION,3583.73,3500.0,83.73000000000002,0,2.392285714285715
PR008788,26-Jun-2026,MANDI011,REQUIRES_INVESTIGATION,2365.0,2090.0,275.0,0,13.157894736842104
PR007152,26.01.2026,MANDI020,Mustard,6202.27,5650.0,552.2700000000004,0,9.774690265486734
PR000936,2026/06/04,MANDI038,Wheat,2170.0,2275.0,-105.0,1,-4.615384615384616
PR002298,11/08/2026,MANDI032,Sugarcane,3482.0,3500.0,-18.0,1,-0.5142857142857142
PR002928,06-09-2026,MANDI036,Corn,1985.9,2090.0,-104.09999999999991,1,-4.980861244019135
PR007174,20.04.2026,MANDI051,Mustard,5716.957469484747,5650.0,66.95746948474698,0,1.1850879554822473
PR001583,27/08/2026,MANDI013,Paddy,2282.71,2183.0,99.71000000000004,0,4.567567567567569
PR006572,2026/05/01,MANDI049,REQUIRES_INVESTIGATION,6393.0,5650.0,743.0,0,13.150442477876107
PR003893,01.05.2026,MANDI027,Mustard,5110.0,5650.0,-540.0,1,-9.557522123893806
PR011952,2026/03/29,MANDI025,Cotton,6406.77,6620.0,-213.22999999999956,1,-3.2209969788519572
PR004778,04-Mar-2026,MANDI049,Paddy,2306.49,2183.0,123.48999999999978,0,5.656894182317901
PR011444,14-Mar-2026,MANDI037,Wheat,2426.31,2275.0,151.30999999999995,0,6.650989010989009
PR011137,2026-01-31,MANDI037,Mustard,6012.92,5650.0,362.9200000000001,0,6.423362831858409
PR008398,23-Mar-2026,MANDI048,Corn,2012.44,2090.0,-77.55999999999995,1,-3.711004784688993
PR005964,24/07/2026,MANDI009,Corn,2168.42,2090.0,78.42000000000007,0,3.7521531100478502
PR003035,2026-04-12,MANDI046,REQUIRES_INVESTIGATION,3807.0,3500.0,307.0,0,8.771428571428572
PR010764,24/03/2026,MANDI040,Wheat,2477.83,2275.0,202.82999999999993,0,8.915604395604394
PR007946,10.03.2026,MANDI002,Cotton,6141.12,6620.0,-478.8800000000001,1,-7.233836858006044
PR007749,04/04/2026,MANDI014,Paddy,2376.01,2183.0,193.01000000000022,0,8.841502519468632
PR000069,2026-08-31,MANDI020,Sugarcane,4012.0,3500.0,512.0,0,14.62857142857143
PR007550,15/05/2026,MANDI002,Mustard,5270.0,5650.0,-380.0,1,-6.725663716814159
PR002371,2026/02/18,MANDI035,Sugarcane,3849.55,3500.0,349.5500000000002,0,9.987142857142862
PR002548,2026/04/28,MANDI040,Wheat,2098.94,2275.0,-176.05999999999995,1,-7.7389010989010965
PR010228,2026/03/29,MANDI040,REQUIRES_INVESTIGATION,2098.07,2090.0,8.070000000000164,0,0.3861244019138834
PR005130,2026-04-26,,Cotton,6304.0,6620.0,-316.0,1,-4.7734138972809665
PR000136,18-Aug-2026,MANDI024,Mustard,5382.0,5650.0,-268.0,1,-4.7433628318584065
PR005847,2026-06-26,MANDI029,Sugarcane,3609.48,3500.0,109.48000000000002,0,3.128
PR005332,2026/03/04,MANDI008,Mustard,5489.0,5650.0,-161.0,1,-2.849557522123894
PR007398,01-16-2026,MANDI021,Mustard,5094.34,5650.0,-555.6599999999999,1,-9.834690265486723
PR004456,22.07.2026,MANDI022,Mustard,5948.013024994518,5650.0,298.01302499451776,0,5.274566814062261
PR001773,06-22-2026,MANDI022,Sugarcane,3310.38,3500.0,-189.6199999999999,1,-5.417714285714283
PR011359,2026-03-26,,Corn,2258.05,2090.0,168.05000000000018,0,8.040669856459338
PR003060,2026-05-13,MANDI055,Sugarcane,3179.07,3500.0,-320.92999999999984,1,-9.169428571428567
PR009335,2026-01-21,MANDI053,Mustard,6181.05,5650.0,531.0500000000002,0,9.399115044247791
PR004453,2026-05-06,MANDI026,Sugarcane,3281.0,3500.0,-219.0,1,-6.257142857142857
PR007807,2026-05-20,,REQUIRES_INVESTIGATION,1951.0,2090.0,-139.0,1,-6.650717703349282
PR007969,2026-08-31,MANDI052,Sugarcane,3670.0,3500.0,170.0,0,4.857142857142857
PR008228,2026/06/09,MANDI035,REQUIRES_INVESTIGATION,2213.0,2183.0,30.0,0,1.3742556115437472
PR002667,01-Jun-2026,MANDI015,Mustard,6542.58,5650.0,892.5799999999999,0,15.797876106194689
PR001287,07-26-2026,MANDI027,Sugarcane,3675.43,3500.0,175.42999999999984,0,5.012285714285709
PR004012,30-Jul-2026,MANDI007,REQUIRES_INVESTIGATION,2123.51,2183.0,-59.48999999999978,1,-2.7251488776912405
PR009494,2026-04-12,MANDI010,Paddy,2296.46,2183.0,113.46000000000004,0,5.197434722858453
PR010209,2026/03/24,MANDI047,Mustard,5927.58,5650.0,277.5799999999999,0,4.912920353982299
PR009624,08/02/2026,MANDI032,REQUIRES_INVESTIGATION,2099.060163296088,2183.0,-83.93983670391208,1,-3.8451597207472323
PR010887,2026/01/30,MANDI023,Paddy,2372.39,2183.0,189.38999999999987,0,8.67567567567567
PR007944,2026-08-09,MANDI028,Cotton,6774.01,6620.0,154.01000000000022,0,2.326435045317224
PR011869,01.03.2026,,Cotton,6526.35,6620.0,-93.64999999999964,1,-1.4146525679758253
PR008406,2026/01/18,MANDI041,Cotton,6696.86,6620.0,76.85999999999967,0,1.1610271903323213
PR000099,10.08.2026,,REQUIRES_INVESTIGATION,5988.0,5650.0,338.0,0,5.982300884955753
PR011041,2026/03/06,,Mustard,5618.748519815836,5650.0,-31.251480184164393,1,-0.5531235430825556
PR004421,2026-03-28,MANDI001,Cotton,5991.35,6620.0,-628.6499999999996,1,-9.496223564954677
PR009001,06-23-2026,MANDI049,Sugarcane,3289.69,3500.0,-210.30999999999995,1,-6.008857142857141
PR008599,29/05/2026,MANDI042,REQUIRES_INVESTIGATION,2366.0,2090.0,276.0,0,13.205741626794259
PR010330,21-Aug-2026,,Wheat,2529.0,2275.0,254.0,0,11.164835164835164
PR009117,27/08/2026,MANDI001,REQUIRES_INVESTIGATION,2182.6,2183.0,-0.40000000000009095,1,-0.018323408153920796
PR005802,2026-04-25,MANDI015,Wheat,2124.0,2275.0,-151.0,1,-6.637362637362637
PR000530,2026-08-15,MANDI045,Wheat,2287.44,2275.0,12.440000000000055,0,0.5468131868131892
PR000593,18-Feb-2026,MANDI020,Cotton,7245.0,6620.0,625.0,0,9.441087613293051
PR003236,17/08/2026,MANDI056,Mustard,5017.31,5650.0,-632.6899999999996,1,-11.198053097345126
PR004205,2026/05/25,,Sugarcane,3309.67,3500.0,-190.32999999999993,1,-5.437999999999998
PR008743,16-May-2026,MANDI010,Sugarcane,3705.07,3500.0,205.07000000000016,0,5.859142857142862
PR005272,02-15-2026,MANDI015,REQUIRES_INVESTIGATION,2018.54,2183.0,-164.46000000000004,1,-7.5336692624828245
PR009545,2026-03-27,MANDI024,REQUIRES_INVESTIGATION,3570.74,3500.0,70.73999999999978,0,2.0211428571428507
PR006858,28.06.2026,MANDI057,Sugarcane,3767.0,3500.0,267.0,0,7.628571428571429
PR011051,27.08.2026,MANDI023,Cotton,6398.0,6620.0,-222.0,1,-3.3534743202416917
PR005628,20.07.2026,,Paddy,2199.25,2183.0,16.25,0,0.744388456252863
PR000942,2026-03-22,MANDI011,Mustard,6263.0,5650.0,613.0,0,10.849557522123893
PR008428,10.04.2026,,Cotton,7283.59,6620.0,663.5900000000001,0,10.024018126888219
PR004563,2026/03/01,MANDI008,REQUIRES_INVESTIGATION,2135.34,2183.0,-47.659999999999854,1,-2.1832340815391595
PR001328,27.07.2026,MANDI032,REQUIRES_INVESTIGATION,2366.0,2183.0,183.0,0,8.382959230416857
PR011442,2026/08/17,MANDI003,REQUIRES_INVESTIGATION,2333.76,2183.0,150.76000000000022,0,6.906092533211187
PR004432,05-10-2026,MANDI010,REQUIRES_INVESTIGATION,3295.84,3500.0,-204.15999999999985,1,-5.833142857142852
PR010232,2026/02/02,MANDI023,Paddy,2123.21,2183.0,-59.789999999999964,1,-2.7388914338066863
PR004009,08-20-2026,,Corn,2278.53,2090.0,188.5300000000002,0,9.020574162679436
PR005959,19/02/2026,MANDI015,Mustard,5471.0,5650.0,-179.0,1,-3.168141592920354
PR010713,2026/08/21,MANDI009,Paddy,2092.732787939773,2183.0,-90.26721206022694,1,-4.135007423739209
PR000405,03-08-2026,MANDI055,Paddy,2310.0,2183.0,127.0,0,5.81768208886853
PR008059,22/04/2026,,Mustard,6077.48,5650.0,427.47999999999956,0,7.5660176991150365
PR005291,2026-07-05,MANDI003,REQUIRES_INVESTIGATION,3506.49,3500.0,6.489999999999782,0,0.1854285714285652
PR006826,2026-01-06,MANDI003,Paddy,2296.99,2183.0,113.98999999999978,0,5.221713238662381
PR001444,07-Sep-2026,MANDI056,REQUIRES_INVESTIGATION,2413.05,2183.0,230.05000000000018,0,10.53825011452131
PR009469,16/04/2026,MANDI007,Mustard,6238.0,5650.0,588.0,0,10.4070796460177
PR006479,08-07-2026,MANDI033,REQUIRES_INVESTIGATION,2078.0,2090.0,-12.0,1,-0.5741626794258373
PR004448,29.01.2026,MANDI020,Sugarcane,3716.0,3500.0,216.0,0,6.171428571428572
PR008316,2026/06/29,MANDI023,REQUIRES_INVESTIGATION,2094.5,2090.0,4.5,0,0.21531100478468898
PR003841,2026-01-17,MANDI007,Wheat,2102.52,2275.0,-172.48000000000002,1,-7.581538461538462
PR002971,2026-07-15,MANDI007,REQUIRES_INVESTIGATION,2011.23,2090.0,-78.76999999999998,1,-3.7688995215310994
PR002454,30/04/2026,MANDI013,Corn,2062.84,2090.0,-27.159999999999854,1,-1.2995215311004715
PR002681,2026/06/25,,Cotton,6361.26,6620.0,-258.7399999999998,1,-3.908459214501507
PR005508,2026-02-08,MANDI012,REQUIRES_INVESTIGATION,2049.92,2090.0,-40.07999999999993,1,-1.9177033492822932
PR003139,24/08/2026,MANDI052,Sugarcane,3254.05,3500.0,-245.94999999999982,1,-7.027142857142852
PR010889,2026/05/11,MANDI033,REQUIRES_INVESTIGATION,5751.0,5650.0,101.0,0,1.7876106194690267
PR001913,11/08/2026,MANDI041,Cotton,6318.0,6620.0,-302.0,1,-4.561933534743202
PR010708,2026-08-22,MANDI001,Mustard,5952.56,5650.0,302.5600000000004,0,5.355044247787618
PR009938,29/03/2026,MANDI038,Paddy,2195.71,2183.0,12.710000000000036,0,0.5822262940907025
PR003751,09.07.2026,MANDI051,Corn,2050.0,2090.0,-40.0,1,-1.9138755980861244
PR000587,02-10-2026,MANDI033,Sugarcane,3436.92,3500.0,-63.07999999999993,1,-1.8022857142857123
PR003941,13.07.2026,MANDI002,REQUIRES_INVESTIGATION,2264.0,2090.0,174.0,0,8.325358851674642
PR010553,2026-05-22,MANDI015,Cotton,6680.82,6620.0,60.81999999999971,0,0.9187311178247691
PR007477,04/02/2026,MANDI028,REQUIRES_INVESTIGATION,2385.0,2183.0,202.0,0,9.253321117727896
PR002088,08-12-2026,MANDI030,REQUIRES_INVESTIGATION,3234.23,3500.0,-265.77,1,-7.5934285714285705
PR001881,2026-04-12,MANDI037,Corn,2195.6,2090.0,105.59999999999991,0,5.052631578947365
PR004714,13/08/2026,MANDI052,REQUIRES_INVESTIGATION,2245.19,2183.0,62.190000000000055,0,2.8488318827301904
PR002118,10/07/2026,MANDI041,Cotton,6451.0,6620.0,-169.0,1,-2.5528700906344413
PR001775,06-22-2026,MANDI010,Corn,1895.02,2090.0,-194.98000000000002,1,-9.329186602870815
PR008933,2026-01-09,MANDI010,Cotton,6699.842448321481,6620.0,79.84244832148124,0,1.2060792797806834
PR010083,18-Jul-2026,MANDI044,Wheat,2529.465150797028,2275.0,254.46515079702795,0,11.185281353715514
PR006241,11-May-2026,MANDI027,Paddy,2115.0,2183.0,-68.0,1,-3.114979386165827
PR006865,2026/05/24,MANDI041,Mustard,5765.02,5650.0,115.02000000000044,0,2.0357522123893883
PR003201,2026-02-11,MANDI001,Sugarcane,3998.0,3500.0,498.0,0,14.22857142857143
PR003115,2026/03/15,MANDI054,Sugarcane,3196.9724274017744,3500.0,-303.02757259822556,1,-8.657930645663587
PR005454,23-Mar-2026,MANDI054,Cotton,6712.5447106446645,6620.0,92.54471064466452,0,1.3979563541490108
PR001406,17/04/2026,MANDI057,Wheat,2305.0,2275.0,30.0,0,1.3186813186813187
PR010495,2026-03-17,MANDI042,REQUIRES_INVESTIGATION,2170.0,2090.0,80.0,0,3.827751196172249
PR006857,13/04/2026,MANDI010,Cotton,7258.618468957931,6620.0,638.6184689579313,0,9.646804667038237
PR003939,02/05/2026,MANDI012,Cotton,6578.34,6620.0,-41.659999999999854,1,-0.6293051359516595
PR008829,2026-03-17,MANDI020,Sugarcane,3528.44,3500.0,28.440000000000055,0,0.8125714285714302
PR002641,08-04-2026,MANDI055,Wheat,2331.21,2275.0,56.210000000000036,0,2.4707692307692324
PR003514,20/08/2026,MANDI048,Sugarcane,4077.032212476233,3500.0,577.0322124762329,0,16.486634642178082
PR008450,04-24-2026,MANDI014,Cotton,6235.08,6620.0,-384.9200000000001,1,-5.814501510574019
PR011492,27.04.2026,MANDI015,REQUIRES_INVESTIGATION,2046.77,2090.0,-43.23000000000002,1,-2.06842105263158
PR006778,2026/01/16,,Mustard,5554.12,5650.0,-95.88000000000011,1,-1.6969911504424797
PR007252,2026/07/25,MANDI051,Cotton,6763.87,6620.0,143.8699999999999,0,2.1732628398791523
PR009587,16.02.2026,MANDI045,REQUIRES_INVESTIGATION,5932.57,5650.0,282.5699999999997,0,5.001238938053092
PR009841,08-Mar-2026,MANDI003,Cotton,7031.09,6620.0,411.09000000000015,0,6.209818731117827
PR010017,2026/01/27,MANDI029,Corn,2054.4,2090.0,-35.59999999999991,1,-1.7033492822966463
PR006387,15.02.2026,MANDI024,REQUIRES_INVESTIGATION,2422.7428201281605,2183.0,239.74282012816047,0,10.982263862948258
PR009189,09.04.2026,,Cotton,6795.81,6620.0,175.8100000000004,0,2.655740181268888
PR000224,19-Jun-2026,MANDI028,Wheat,2267.97,2275.0,-7.0300000000002,1,-0.3090109890109978
PR008761,04/01/2026,MANDI014,Corn,2153.00096317549,2090.0,63.00096317549014,0,3.0144001519373274
PR008966,2026-09-04,MANDI035,Wheat,2242.07,2275.0,-32.929999999999836,1,-1.4474725274725204
PR008449,07.09.2026,MANDI019,REQUIRES_INVESTIGATION,5438.0,5650.0,-212.0,1,-3.752212389380531
PR004036,21.01.2026,MANDI050,Cotton,7101.31881856467,6620.0,481.31881856467044,0,7.27067701759321
PR006259,06-26-2026,MANDI038,Cotton,7216.03,6620.0,596.0299999999997,0,9.003474320241688
PR005489,05-25-2026,,Mustard,5426.8,5650.0,-223.19999999999982,1,-3.950442477876103
PR003505,28.06.2026,MANDI040,Corn,2137.95,2090.0,47.94999999999982,0,2.294258373205733
PR009958,2026/02/20,MANDI018,REQUIRES_INVESTIGATION,1952.68,2090.0,-137.31999999999994,1,-6.570334928229663
PR003068,07-06-2026,MANDI011,Sugarcane,4022.78,3500.0,522.7800000000002,0,14.936571428571435
PR009300,03-22-2026,MANDI049,Wheat,2520.0,2275.0,245.0,0,10.76923076923077
PR004755,07-01-2026,MANDI033,Wheat,2399.59,2275.0,124.59000000000015,0,5.476483516483523
PR002058,2026/07/15,MANDI041,Cotton,6535.51,6620.0,-84.48999999999978,1,-1.2762839879154046
PR011176,02-Aug-2026,MANDI044,REQUIRES_INVESTIGATION,2145.86,2183.0,-37.13999999999987,1,-1.7013284470911532
PR001414,07-25-2026,MANDI016,Wheat,2407.94,2275.0,132.94000000000005,0,5.843516483516486
PR011346,02.06.2026,MANDI040,Wheat,2208.88,2275.0,-66.11999999999989,1,-2.9063736263736217
PR000628,28-May-2026,,Paddy,2250.26,2183.0,67.26000000000022,0,3.0810810810810914
PR004708,2026-02-27,,Cotton,6196.16,6620.0,-423.84000000000015,1,-6.4024169184290045
PR007959,2026-05-17,MANDI042,Cotton,7082.82,6620.0,462.8199999999997,0,6.991238670694859
PR009093,28-Jun-2026,MANDI027,Sugarcane,3323.62,3500.0,-176.3800000000001,1,-5.039428571428575
PR007385,13.05.2026,MANDI003,Sugarcane,3667.33,3500.0,167.32999999999993,0,4.7808571428571405
PR002122,10-Apr-2026,MANDI040,Wheat,2075.96,2275.0,-199.03999999999996,1,-8.749010989010987
PR010987,27/03/2026,MANDI007,Wheat,2615.90684628943,2275.0,340.9068462894302,0,14.984916320414513
PR008684,29.08.2026,MANDI049,Cotton,6805.02,6620.0,185.02000000000044,0,2.7948640483383755
PR000720,13.07.2026,,Cotton,6332.83,6620.0,-287.1700000000001,1,-4.337915407854986
PR010947,2026/05/27,MANDI019,Corn,1958.08,2090.0,-131.92000000000007,1,-6.311961722488042
PR003488,2026-09-08,MANDI014,Cotton,6408.8,6620.0,-211.19999999999982,1,-3.1903323262839853
PR007612,19.05.2026,MANDI056,Cotton,6381.0,6620.0,-239.0,1,-3.610271903323263
PR001549,2026-07-20,MANDI002,Cotton,7478.01,6620.0,858.0100000000002,0,12.960876132930515
PR010564,25.04.2026,MANDI008,Sugarcane,3672.15,3500.0,172.1500000000001,0,4.918571428571431
PR008129,10.07.2026,MANDI050,Cotton,6679.971137910305,6620.0,59.971137910304606,0,0.9059084276481059
PR001700,2026/03/04,MANDI026,Wheat,2272.89,2275.0,-2.1100000000001273,1,-0.09274725274725834
PR004039,2026-06-05,,Corn,2222.63,2090.0,132.6300000000001,0,6.345933014354071
PR009026,02-08-2026,,REQUIRES_INVESTIGATION,2163.49,2090.0,73.48999999999978,0,3.5162679425837213
PR008818,18/02/2026,MANDI047,Mustard,6253.73,5650.0,603.7299999999996,0,10.68548672566371
PR009725,17/07/2026,MANDI010,REQUIRES_INVESTIGATION,2059.0,2183.0,-124.0,1,-5.680256527714154
PR001403,2026/06/21,MANDI024,Cotton,7567.29,6620.0,947.29,0,14.3095166163142
PR007272,2026-03-29,MANDI052,Sugarcane,3527.67,3500.0,27.670000000000073,0,0.7905714285714306
PR004204,12-Feb-2026,MANDI037,Mustard,6238.74,5650.0,588.7399999999998,0,10.420176991150438
PR007666,2026-04-03,MANDI048,Cotton,6894.07,6620.0,274.0699999999997,0,4.140030211480358
PR004357,2026-01-20,MANDI002,Cotton,7407.64,6620.0,787.6400000000003,0,11.897885196374627
PR002887,2026/03/30,MANDI025,Cotton,6880.63,6620.0,260.6300000000001,0,3.9370090634441106
PR011569,2026-05-09,MANDI051,Wheat,2160.31,2275.0,-114.69000000000005,1,-5.041318681318684
PR002634,06-22-2026,MANDI022,Cotton,6246.0,6620.0,-374.0,1,-5.649546827794562
PR000785,2026/02/26,MANDI057,REQUIRES_INVESTIGATION,2212.0,2090.0,122.0,0,5.837320574162679
PR007712,26.08.2026,MANDI044,REQUIRES_INVESTIGATION,5913.53,5650.0,263.52999999999975,0,4.6642477876106145
PR010650,01-14-2026,MANDI011,Cotton,6362.77,6620.0,-257.22999999999956,1,-3.885649546827788
PR004889,19.02.2026,MANDI043,Wheat,2374.0,2275.0,99.0,0,4.351648351648352
PR004615,02-08-2026,MANDI041,Mustard,5381.0,5650.0,-269.0,1,-4.761061946902655
PR010486,2026-01-29,MANDI003,Cotton,6467.62,6620.0,-152.3800000000001,1,-2.301812688821754
PR003203,2026-04-02,,Wheat,2201.37,2275.0,-73.63000000000011,1,-3.236483516483521
PR000460,06-Mar-2026,,Sugarcane,3654.1,3500.0,154.0999999999999,0,4.40285714285714
PR011184,08/05/2026,MANDI020,Mustard,5902.42,5650.0,252.42000000000007,0,4.467610619469028
PR004161,2026-05-13,MANDI047,REQUIRES_INVESTIGATION,2421.0,2183.0,238.0,0,10.902427851580395
PR003164,2026/01/12,,REQUIRES_INVESTIGATION,2314.97,2183.0,131.9699999999998,0,6.045350435180934
PR009987,2026-02-25,MANDI035,REQUIRES_INVESTIGATION,2471.0,2183.0,288.0,0,13.192853870819974
PR005311,26/06/2026,,REQUIRES_INVESTIGATION,2372.002768658568,2183.0,189.00276865856813,0,8.657937180878065
PR001686,26.07.2026,MANDI021,REQUIRES_INVESTIGATION,1937.27,2090.0,-152.73000000000002,1,-7.307655502392345
PR010148,25.06.2026,MANDI054,Wheat,2213.0,2275.0,-62.0,1,-2.7252747252747254
PR002238,07/08/2026,MANDI028,Sugarcane,3218.72,3500.0,-281.2800000000002,1,-8.036571428571435
PR007038,14/08/2026,MANDI057,REQUIRES_INVESTIGATION,2312.5,2090.0,222.5,0,10.645933014354068
PR007371,14-Jun-2026,MANDI015,REQUIRES_INVESTIGATION,2230.0,2183.0,47.0,0,2.153000458085204
PR008217,02-Apr-2026,MANDI016,Sugarcane,3451.0,3500.0,-49.0,1,-1.4000000000000001
PR005152,2026-09-01,MANDI042,Wheat,2118.44,2275.0,-156.55999999999995,1,-6.881758241758239
PR011072,25.03.2026,MANDI045,Cotton,6322.24,6620.0,-297.7600000000002,1,-4.497885196374626
PR001535,21.02.2026,MANDI016,Cotton,7363.79,6620.0,743.79,0,11.23549848942598
PR002812,2026/04/12,MANDI016,Wheat,2486.68,2275.0,211.67999999999984,0,9.304615384615378
PR009680,23.07.2026,MANDI036,Cotton,5871.03,6620.0,-748.9700000000003,1,-11.313746223564959
PR010502,2026-02-07,MANDI042,Sugarcane,3645.56,3500.0,145.55999999999995,0,4.1588571428571415
PR002918,17.03.2026,MANDI029,Sugarcane,3608.0,3500.0,108.0,0,3.085714285714286
PR005928,2026-02-10,MANDI015,Paddy,1962.82,2183.0,-220.18000000000006,1,-10.086120018323411
PR006555,11-Feb-2026,MANDI011,Sugarcane,3593.77,3500.0,93.76999999999998,0,2.679142857142857
PR001437,02-Jul-2026,MANDI036,Sugarcane,3847.0,3500.0,347.0,0,9.914285714285715
PR001324,12-Feb-2026,MANDI050,Wheat,2488.13,2275.0,213.1300000000001,0,9.368351648351652
PR006253,11/04/2026,MANDI027,REQUIRES_INVESTIGATION,5048.0,5650.0,-602.0,1,-10.654867256637168
PR007372,2026-08-04,,Cotton,7124.98,6620.0,504.97999999999956,0,7.628096676737154
PR011099,2026-04-26,MANDI030,Corn,1990.69,2090.0,-99.30999999999995,1,-4.751674641148322
PR001150,2026-06-20,MANDI038,Wheat,2558.87,2275.0,283.8699999999999,0,12.477802197802193
PR010389,06-02-2026,MANDI013,Mustard,5767.54424882374,5650.0,117.54424882374042,0,2.0804291827210695
PR005254,20-Mar-2026,MANDI024,Cotton,7109.42,6620.0,489.4200000000001,0,7.393051359516617
PR001776,13.01.2026,MANDI034,Sugarcane,3377.8,3500.0,-122.19999999999982,1,-3.491428571428566
PR001160,01-16-2026,MANDI056,REQUIRES_INVESTIGATION,6123.79,5650.0,473.78999999999996,0,8.385663716814157
PR008452,2026/06/04,MANDI041,Mustard,5916.77,5650.0,266.77000000000044,0,4.72159292035399
PR004704,2026-01-16,MANDI039,REQUIRES_INVESTIGATION,2327.09,2183.0,144.09000000000015,0,6.600549702244623
PR010144,10.03.2026,,Cotton,7146.68,6620.0,526.6800000000003,0,7.9558912386706995
PR010276,10/07/2026,,REQUIRES_INVESTIGATION,2307.0,2183.0,124.0,0,5.680256527714154
PR001876,2026-03-28,MANDI026,Cotton,6418.9232845389415,6620.0,-201.07671546105848,1,-3.037412620257681
PR002297,02-23-2026,MANDI008,Mustard,5365.89,5650.0,-284.1099999999997,1,-5.028495575221234
PR003162,08-23-2026,MANDI024,Corn,2239.0,2090.0,149.0,0,7.129186602870813
PR001294,2026-02-12,MANDI053,Paddy,2403.0,2183.0,220.0,0,10.077874484654146
PR004641,2026/04/30,MANDI056,Paddy,2219.6,2183.0,36.59999999999991,0,1.6765918460833675
PR004311,26.07.2026,MANDI024,Cotton,5870.0,6620.0,-750.0,1,-11.329305135951662
PR007490,2026-04-11,MANDI056,Mustard,5955.0,5650.0,305.0,0,5.398230088495575
PR010505,14-Jun-2026,MANDI051,Sugarcane,3722.87,3500.0,222.8699999999999,0,6.367714285714282
PR001678,26/08/2026,MANDI033,Mustard,5401.0,5650.0,-249.0,1,-4.407079646017699
PR009340,2026-04-04,MANDI003,Sugarcane,3571.28,3500.0,71.2800000000002,0,2.0365714285714343
PR001925,2026/04/05,MANDI011,Corn,1964.46,2090.0,-125.53999999999996,1,-6.0066985645933
PR010312,2026/03/29,MANDI055,REQUIRES_INVESTIGATION,2393.69,2183.0,210.69000000000005,0,9.651397159871738
PR009278,03/09/2026,MANDI042,REQUIRES_INVESTIGATION,6371.68,5650.0,721.6800000000003,0,12.773097345132747
PR001966,04-18-2026,MANDI050,Mustard,5284.0,5650.0,-366.0,1,-6.47787610619469
PR008596,2026/04/09,MANDI056,REQUIRES_INVESTIGATION,2519.68,2183.0,336.67999999999984,0,15.422812643151618
PR005081,2026/01/01,MANDI013,Paddy,2395.42,2183.0,212.42000000000007,0,9.730645900137429
PR001973,15/06/2026,MANDI035,Corn,1978.0,2090.0,-112.0,1,-5.358851674641149
PR003374,07.07.2026,MANDI033,REQUIRES_INVESTIGATION,2331.43,2090.0,241.42999999999984,0,11.551674641148317
PR005140,08-Jun-2026,MANDI047,REQUIRES_INVESTIGATION,2476.0,2183.0,293.0,0,13.42189647274393
PR002875,20.02.2026,MANDI024,Wheat,2184.92,2275.0,-90.07999999999993,1,-3.9595604395604362
PR004418,2026/01/11,MANDI057,Cotton,7153.644301484192,6620.0,533.6443014841916,0,8.06109216743492
PR002813,2026/06/19,,REQUIRES_INVESTIGATION,2165.6,2183.0,-17.40000000000009,1,-0.7970682546953776
PR007075,2026/02/10,,Wheat,2234.73,2275.0,-40.26999999999998,1,-1.7701098901098893
PR002677,2026-08-13,MANDI053,Mustard,5354.59,5650.0,-295.40999999999985,1,-5.2284955752212365
PR005916,2026/02/24,,REQUIRES_INVESTIGATION,2041.02,2183.0,-141.98000000000002,1,-6.503893724232708
PR006997,2026/02/13,MANDI031,Mustard,5945.0,5650.0,295.0,0,5.221238938053097
PR003867,05/02/2026,MANDI030,Wheat,2170.12,2275.0,-104.88000000000011,1,-4.610109890109896
PR002754,2026/01/13,MANDI009,Cotton,6898.75,6620.0,278.75,0,4.210725075528702
PR005330,26/08/2026,MANDI025,Wheat,2254.0,2275.0,-21.0,1,-0.9230769230769231
PR001813,31.08.2026,MANDI001,REQUIRES_INVESTIGATION,3947.81,3500.0,447.80999999999995,0,12.794571428571427
PR006258,09/09/2026,MANDI010,Paddy,2426.91,2183.0,243.90999999999985,0,11.173156207054506
PR004325,03-26-2026,MANDI055,REQUIRES_INVESTIGATION,2114.0,2090.0,24.0,0,1.1483253588516746
PR003357,2026-05-03,MANDI054,Mustard,5910.0,5650.0,260.0,0,4.601769911504425
PR005447,06-10-2026,MANDI047,Sugarcane,3606.86,3500.0,106.86000000000013,0,3.053142857142861
PR005945,02-01-2026,MANDI015,Corn,2018.87,2090.0,-71.13000000000011,1,-3.4033492822966562
PR009279,09-04-2026,MANDI021,Cotton,7525.555490820452,6620.0,905.5554908204522,0,13.679085964055169
PR011336,2026-02-08,MANDI046,Corn,1884.0,2090.0,-206.0,1,-9.85645933014354
PR007175,2026/02/11,MANDI030,REQUIRES_INVESTIGATION,2398.09,2183.0,215.09000000000015,0,9.852954649564825
PR008110,03-19-2026,MANDI014,REQUIRES_INVESTIGATION,2344.69,2183.0,161.69000000000005,0,7.406779661016952
PR002532,2026-04-19,MANDI033,REQUIRES_INVESTIGATION,6051.06,5650.0,401.0600000000004,0,7.098407079646024
PR011238,2026/02/14,MANDI031,Wheat,2402.71,2275.0,127.71000000000004,0,5.613626373626375
PR011967,2026/03/22,MANDI040,Paddy,2384.0,2183.0,201.0,0,9.207512597343106
PR002663,2026/05/04,MANDI005,Cotton,7166.37,6620.0,546.3699999999999,0,8.253323262839878
PR007087,2026-01-08,MANDI019,Wheat,2351.68277764317,2275.0,76.68277764317008,0,3.370671544754729
PR003107,04-30-2026,MANDI025,Mustard,6151.28,5650.0,501.27999999999975,0,8.872212389380527
PR001217,23.01.2026,MANDI053,REQUIRES_INVESTIGATION,2219.8163900662234,2090.0,129.81639006622345,0,6.211310529484376
PR007204,28-Jul-2026,MANDI046,Wheat,2510.07,2275.0,235.07000000000016,0,10.332747252747259
PR003708,21.06.2026,MANDI020,REQUIRES_INVESTIGATION,3486.0,3500.0,-14.0,1,-0.4
PR010843,17.07.2026,MANDI045,Sugarcane,3603.0,3500.0,103.0,0,2.942857142857143
PR008850,02/06/2026,MANDI029,Mustard,5462.0,5650.0,-188.0,1,-3.327433628318584
PR000347,2026/06/28,MANDI029,Cotton,6849.36,6620.0,229.35999999999967,0,3.464652567975826
PR001758,10/04/2026,MANDI021,Cotton,5962.0,6620.0,-658.0,1,-9.939577039274925
PR001045,18-May-2026,,Cotton,6947.0,6620.0,327.0,0,4.9395770392749245
PR008513,07-05-2026,MANDI020,Sugarcane,3724.77,3500.0,224.76999999999998,0,6.422
PR010171,05/01/2026,MANDI026,Paddy,2336.4671697602416,2183.0,153.46716976024163,0,7.030103974358297
PR008891,08-28-2026,MANDI005,Paddy,2340.07,2183.0,157.07000000000016,0,7.195144296839219
PR008074,2026-01-08,MANDI024,Mustard,5962.0,5650.0,312.0,0,5.52212389380531
PR007237,2026/08/04,MANDI022,Cotton,7562.0,6620.0,942.0,0,14.229607250755286
PR001439,31/07/2026,MANDI028,REQUIRES_INVESTIGATION,2238.68,2090.0,148.67999999999984,0,7.113875598086117
PR008422,07-21-2026,MANDI020,Wheat,2243.0,2275.0,-32.0,1,-1.4065934065934065
PR002060,2026-07-22,MANDI051,Mustard,5611.0,5650.0,-39.0,1,-0.6902654867256638
PR006556,2026/05/10,MANDI011,Cotton,7215.88,6620.0,595.8800000000001,0,9.001208459214503
PR011590,04-Jul-2026,MANDI044,REQUIRES_INVESTIGATION,2116.934434316513,2183.0,-66.06556568348697,1,-3.026365812344799
PR009362,2026/04/24,,Corn,1886.3411018242289,2090.0,-203.65889817577113,1,-9.744444888792877
PR009907,17.06.2026,MANDI038,Corn,2092.36,2090.0,2.3600000000001273,0,0.11291866028708743
PR007277,02-Jul-2026,MANDI008,Sugarcane,3261.0,3500.0,-239.0,1,-6.828571428571428
PR003566,02/03/2026,MANDI028,Corn,2004.95,2090.0,-85.04999999999995,1,-4.0693779904306195
PR007979,18/07/2026,MANDI041,Mustard,5400.78,5650.0,-249.22000000000025,1,-4.410973451327438
PR010024,16.01.2026,MANDI016,Paddy,2394.0,2183.0,211.0,0,9.665597801191021
PR001351,06/08/2026,MANDI032,REQUIRES_INVESTIGATION,6012.0,5650.0,362.0,0,6.407079646017699
PR008315,2026/04/18,MANDI008,Mustard,6041.31,5650.0,391.3100000000004,0,6.925840707964609
PR007323,19.03.2026,MANDI046,REQUIRES_INVESTIGATION,2170.97,2090.0,80.9699999999998,0,3.8741626794258277
PR010198,22/06/2026,MANDI025,Mustard,5610.0,5650.0,-40.0,1,-0.7079646017699115
PR000713,2026-05-10,MANDI008,Cotton,6348.28,6620.0,-271.72000000000025,1,-4.104531722054385
PR006222,07-16-2026,MANDI011,Wheat,2578.88,2275.0,303.8800000000001,0,13.357362637362641
PR003872,02-18-2026,MANDI032,Corn,2101.02,2090.0,11.019999999999982,0,0.5272727272727264
PR007609,16-Apr-2026,MANDI043,Sugarcane,3180.59,3500.0,-319.40999999999985,1,-9.125999999999996
PR001333,01-Jul-2026,,Corn,2154.04305787201,2090.0,64.0430578720102,0,3.064261142201445
PR003185,28/01/2026,MANDI044,REQUIRES_INVESTIGATION,2244.683762340035,2183.0,61.68376234003517,0,2.82564188456414
PR000447,2026-08-30,MANDI054,Mustard,5342.87,5650.0,-307.1300000000001,1,-5.435929203539825
PR005179,08-26-2026,MANDI006,Wheat,2020.26,2275.0,-254.74,1,-11.197362637362637
PR010913,16-Jun-2026,MANDI024,REQUIRES_INVESTIGATION,1886.67,2090.0,-203.32999999999993,1,-9.728708133971288
PR001557,06-26-2026,MANDI032,Mustard,6041.1,5650.0,391.10000000000036,0,6.922123893805317
PR004322,13/07/2026,MANDI016,Sugarcane,3762.0,3500.0,262.0,0,7.485714285714286
PR006580,2026-03-11,MANDI056,Paddy,2421.47,2183.0,238.4699999999998,0,10.923957856161238
PR009897,12/05/2026,MANDI037,Wheat,2220.594105653546,2275.0,-54.405894346453806,1,-2.391467883360607
PR000193,21.02.2026,MANDI021,REQUIRES_INVESTIGATION,2328.506623908538,2090.0,238.50662390853813,0,11.411800187011394
PR011367,2026/02/20,MANDI027,Wheat,2359.0,2275.0,84.0,0,3.6923076923076925
PR008155,08-24-2026,MANDI008,Sugarcane,3896.68,3500.0,396.67999999999984,0,11.333714285714281
PR009616,16-Aug-2026,MANDI026,Paddy,1935.25,2183.0,-247.75,1,-11.349060925332113
PR005375,2026-01-14,MANDI028,Sugarcane,3496.31,3500.0,-3.6900000000000546,1,-0.10542857142857298
PR006492,16/07/2026,MANDI029,REQUIRES_INVESTIGATION,2125.65,2183.0,-57.34999999999991,1,-2.6271186440677923
PR006839,04-11-2026,MANDI021,Cotton,6415.727065764002,6620.0,-204.27293423599804,1,-3.0856938706344117
PR005322,2026-07-17,,REQUIRES_INVESTIGATION,2133.0,2183.0,-50.0,1,-2.2904260192395784
PR009872,2026-03-24,MANDI015,Sugarcane,3295.56,3500.0,-204.44000000000005,1,-5.8411428571428585
PR000554,04/05/2026,MANDI026,Sugarcane,3685.638698481784,3500.0,185.6386984817841,0,5.30396281376526
PR003638,18.02.2026,,REQUIRES_INVESTIGATION,2406.12,2090.0,316.1199999999999,0,15.125358851674637
PR009701,2026-02-20,MANDI044,Sugarcane,3725.6112781956017,3500.0,225.6112781956017,0,6.446036519874335
PR001556,10-May-2026,MANDI037,REQUIRES_INVESTIGATION,3558.93,3500.0,58.929999999999836,0,1.683714285714281
PR004206,12/06/2026,MANDI027,Wheat,2076.008619826115,2275.0,-198.99138017388486,1,-8.746873853797137
PR005597,2026/01/06,,REQUIRES_INVESTIGATION,3310.78,3500.0,-189.2199999999998,1,-5.406285714285708
PR005845,04.05.2026,MANDI023,Cotton,7110.0,6620.0,490.0,0,7.401812688821751
PR005729,24-Mar-2026,MANDI049,Mustard,5432.47,5650.0,-217.52999999999975,1,-3.8500884955752164
PR002826,06/06/2026,MANDI021,Mustard,5562.77,5650.0,-87.22999999999956,1,-1.5438938053097266
PR011912,02-21-2026,MANDI039,REQUIRES_INVESTIGATION,2419.62,2183.0,236.6199999999999,0,10.839212093449376
PR000551,2026/02/15,MANDI005,Sugarcane,3844.46,3500.0,344.46000000000004,0,9.841714285714287
PR000925,2026-02-17,MANDI043,Cotton,5991.0,6620.0,-629.0,1,-9.501510574018127
PR006611,21/03/2026,MANDI057,REQUIRES_INVESTIGATION,3555.9917799935947,3500.0,55.99177999359472,0,1.5997651426741348
PR009357,09.07.2026,,Sugarcane,3498.0,3500.0,-2.0,1,-0.05714285714285715
PR003742,2026-02-14,,REQUIRES_INVESTIGATION,2073.11,2183.0,-109.88999999999987,1,-5.03389830508474
PR003211,09-04-2026,MANDI013,Sugarcane,3687.0,3500.0,187.0,0,5.3428571428571425
PR000381,18.04.2026,MANDI018,REQUIRES_INVESTIGATION,2204.85,2183.0,21.84999999999991,0,1.0009161704076917
PR011769,22.07.2026,MANDI006,Corn,2059.9,2090.0,-30.09999999999991,1,-1.4401913875598042
PR006318,2026-08-20,MANDI005,Corn,2033.12,2090.0,-56.88000000000011,1,-2.721531100478474
PR001874,01-Apr-2026,MANDI007,Sugarcane,3434.59,3500.0,-65.40999999999985,1,-1.8688571428571388
PR011357,01-28-2026,,Paddy,2338.17,2183.0,155.17000000000007,0,7.1081081081081114
PR008066,2026/04/26,MANDI014,Mustard,5580.84,5650.0,-69.15999999999985,1,-1.2240707964601745
PR004349,25-Feb-2026,MANDI031,Cotton,7213.0,6620.0,593.0,0,8.957703927492448
PR006349,11-Aug-2026,MANDI047,Sugarcane,3754.7,3500.0,254.69999999999982,0,7.277142857142851
PR000190,02.02.2026,MANDI050,REQUIRES_INVESTIGATION,2070.8,2183.0,-112.19999999999982,1,-5.139715987173606
PR010431,01/09/2026,MANDI033,Cotton,7541.84,6620.0,921.8400000000001,0,13.925075528700908
PR011614,13.07.2026,MANDI042,REQUIRES_INVESTIGATION,2161.0,2183.0,-22.0,1,-1.0077874484654146
PR003924,2026-01-09,MANDI024,REQUIRES_INVESTIGATION,2122.58,2090.0,32.57999999999993,0,1.558851674641145
PR004483,2026-06-16,MANDI041,Mustard,5748.0,5650.0,98.0,0,1.7345132743362832
PR011862,25.01.2026,MANDI046,Sugarcane,3310.57,3500.0,-189.42999999999984,1,-5.4122857142857095
PR007261,06-02-2026,MANDI021,Mustard,5333.29,5650.0,-316.71000000000004,1,-5.6054867256637175
PR000662,10/08/2026,MANDI053,REQUIRES_INVESTIGATION,2172.0,2090.0,82.0,0,3.923444976076555
PR006347,31.05.2026,MANDI021,Cotton,6160.81,6620.0,-459.1899999999996,1,-6.9364048338368525
PR002458,02/03/2026,MANDI028,REQUIRES_INVESTIGATION,2488.87,2183.0,305.8699999999999,0,14.011452130096194
PR004470,05.02.2026,MANDI001,Cotton,6555.07,6620.0,-64.93000000000029,1,-0.9808157099697928
PR000851,2026/03/07,MANDI040,Wheat,2139.6862583209445,2275.0,-135.3137416790555,1,-5.947856777101341
PR002387,2026/04/10,MANDI045,REQUIRES_INVESTIGATION,3829.49,3500.0,329.4899999999998,0,9.413999999999993
PR001744,23.07.2026,MANDI034,Wheat,2176.8,2275.0,-98.19999999999982,1,-4.316483516483508
PR005938,01-Jan-2026,MANDI017,Mustard,6083.59,5650.0,433.59000000000015,0,7.674159292035402
PR001749,05.01.2026,MANDI036,Cotton,6415.17,6620.0,-204.82999999999993,1,-3.094108761329304
PR000337,02-15-2026,MANDI044,Paddy,2240.56,2183.0,57.559999999999945,0,2.6367384333486004
PR008077,06-03-2026,MANDI015,Paddy,2060.98,2183.0,-122.01999999999998,1,-5.589555657352267
PR008615,2026/01/25,MANDI022,Wheat,2271.95,2275.0,-3.050000000000182,1,-0.13406593406594208
PR003857,30/07/2026,MANDI034,Cotton,7558.1,6620.0,938.1000000000004,0,14.170694864048345
PR000433,04/08/2026,MANDI027,REQUIRES_INVESTIGATION,2142.573384698894,2090.0,52.57338469889419,0,2.5154729521002004
PR008191,2026/06/28,MANDI045,Cotton,6647.93,6620.0,27.93000000000029,0,0.4219033232628443
PR009106,29.06.2026,MANDI032,Sugarcane,3290.0,3500.0,-210.0,1,-6.0
PR011740,13.03.2026,MANDI042,Corn,2084.553251605842,2090.0,-5.446748394158021,1,-0.2606099710123455
PR010302,04-Jan-2026,MANDI037,Cotton,6360.0,6620.0,-260.0,1,-3.927492447129909
PR004518,18/02/2026,MANDI042,Wheat,2212.25,2275.0,-62.75,1,-2.758241758241758
PR000121,25/07/2026,MANDI003,Cotton,6160.42,6620.0,-459.5799999999999,1,-6.942296072507552
PR011461,2026-07-08,MANDI026,REQUIRES_INVESTIGATION,2033.0,2183.0,-150.0,1,-6.871278057718736
PR009705,2026/05/25,,Corn,2209.07,2090.0,119.07000000000016,0,5.697129186602878
PR006202,2026/08/09,MANDI036,Sugarcane,3478.08,3500.0,-21.920000000000073,1,-0.6262857142857163
PR011565,10/03/2026,MANDI016,Wheat,2307.25,2275.0,32.25,0,1.4175824175824177
PR000572,02-Aug-2026,MANDI041,Cotton,6785.0,6620.0,165.0,0,2.492447129909366
PR009531,08-Feb-2026,MANDI024,REQUIRES_INVESTIGATION,2003.89,2183.0,-179.1099999999999,1,-8.204764086120015
PR010166,13-Mar-2026,MANDI024,Sugarcane,3590.57,3500.0,90.57000000000016,0,2.5877142857142905
PR003231,03.01.2026,MANDI042,Wheat,2138.1,2275.0,-136.9000000000001,1,-6.017582417582422
PR010660,06.09.2026,MANDI040,Wheat,2460.64,2275.0,185.63999999999987,0,8.159999999999995
PR001199,2026-09-01,MANDI049,Corn,2217.7,2090.0,127.69999999999982,0,6.110047846889943
PR003870,2026/03/25,MANDI032,Wheat,2455.47,2275.0,180.4699999999998,0,7.932747252747244
PR004640,15-May-2026,MANDI053,Corn,2158.0,2090.0,68.0,0,3.253588516746411
PR005797,2026-05-06,MANDI024,REQUIRES_INVESTIGATION,3888.85,3500.0,388.8499999999999,0,11.109999999999998
PR002152,18.04.2026,MANDI045,Wheat,2282.2,2275.0,7.199999999999818,0,0.3164835164835085
PR008931,04-09-2026,MANDI046,Cotton,7274.09,6620.0,654.0900000000001,0,9.880513595166166
PR009024,2026/01/24,MANDI006,Paddy,2201.91,2183.0,18.909999999999854,0,0.8662391204764021
PR005808,03-01-2026,MANDI021,Wheat,2367.99,2275.0,92.98999999999978,0,4.087472527472518
PR004623,2026-01-28,MANDI053,Wheat,2187.15,2275.0,-87.84999999999991,1,-3.861538461538457
PR010200,2026-07-29,MANDI003,Sugarcane,3634.59,3500.0,134.59000000000015,0,3.845428571428575
PR005864,14.04.2026,MANDI033,Wheat,2279.81,2275.0,4.809999999999945,0,0.21142857142856902
PR006674,2026-06-06,MANDI041,REQUIRES_INVESTIGATION,3536.0,3500.0,36.0,0,1.0285714285714285
PR008993,18/04/2026,MANDI047,Sugarcane,3205.75,3500.0,-294.25,1,-8.407142857142858
PR009994,08-27-2026,MANDI048,Paddy,2280.99,2183.0,97.98999999999978,0,4.488776912505716
PR003693,2026-02-05,,Cotton,6942.03,6620.0,322.02999999999975,0,4.864501510574015
PR011881,11/01/2026,MANDI028,Cotton,6364.0,6620.0,-256.0,1,-3.8670694864048336
PR001951,25/07/2026,,Mustard,6390.47,5650.0,740.4700000000003,0,13.105663716814163
PR006013,09.04.2026,MANDI031,Mustard,5902.59,5650.0,252.59000000000015,0,4.470619469026551
PR002149,28-Apr-2026,MANDI044,Cotton,5895.17,6620.0,-724.8299999999999,1,-10.949093655589124
PR009311,03-10-2026,MANDI045,REQUIRES_INVESTIGATION,5707.092126572588,5650.0,57.09212657258831,0,1.0104801163289967
PR007314,17/02/2026,MANDI009,Cotton,7048.67,6620.0,428.6700000000001,0,6.475377643504533
PR004306,2026/02/11,MANDI044,Wheat,2626.764293582477,2275.0,351.76429358247697,0,15.46216675087811
PR008955,2026/06/02,MANDI037,Paddy,1963.0,2183.0,-220.0,1,-10.077874484654146
PR000586,2026/06/10,MANDI052,Paddy,2269.23,2183.0,86.23000000000002,0,3.950068712780578
PR010303,16-Aug-2026,MANDI002,REQUIRES_INVESTIGATION,2106.19,2090.0,16.190000000000055,0,0.7746411483253615
PR003182,2026-01-18,MANDI054,Cotton,6378.78,6620.0,-241.22000000000025,1,-3.6438066465256838
PR003003,07-15-2026,MANDI042,Sugarcane,3146.1,3500.0,-353.9000000000001,1,-10.111428571428574
PR000351,03/05/2026,MANDI057,REQUIRES_INVESTIGATION,2092.0,2183.0,-91.0,1,-4.168575355016033
PR006369,2026-03-05,MANDI023,REQUIRES_INVESTIGATION,3597.0,3500.0,97.0,0,2.7714285714285714
PR000914,2026-03-19,MANDI014,Mustard,5887.7,5650.0,237.69999999999982,0,4.207079646017696
PR002845,2026/06/04,MANDI057,Mustard,6298.831329735454,5650.0,648.8313297354543,0,11.483740349300078
PR005010,07/07/2026,MANDI026,Wheat,2551.38,2275.0,276.3800000000001,0,12.148571428571433
PR007423,18-Jun-2026,MANDI041,REQUIRES_INVESTIGATION,5485.52,5650.0,-164.47999999999956,1,-2.9111504424778682
PR002670,04-12-2026,MANDI047,Mustard,5792.0,5650.0,142.0,0,2.5132743362831858
PR002987,14.07.2026,MANDI024,Wheat,2450.91,2275.0,175.90999999999985,0,7.732307692307685
PR007307,02-Jan-2026,MANDI052,REQUIRES_INVESTIGATION,6455.36,5650.0,805.3599999999997,0,14.254159292035393
PR009670,03.05.2026,,Mustard,5997.0,5650.0,347.0,0,6.1415929203539825
PR002644,20/01/2026,MANDI038,Cotton,7296.0,6620.0,676.0,0,10.211480362537765
PR009100,2026-04-23,MANDI002,REQUIRES_INVESTIGATION,2309.35,2183.0,126.34999999999991,0,5.787906550618411
PR005648,03.05.2026,MANDI017,Sugarcane,3286.19,3500.0,-213.80999999999995,1,-6.108857142857142
PR010051,10/01/2026,MANDI005,Paddy,2264.15,2183.0,81.15000000000009,0,3.7173614292258397
PR001891,2026/02/25,MANDI001,Corn,2088.91,2090.0,-1.0900000000001455,1,-0.052153110047853855
PR007105,2026-02-11,MANDI005,Wheat,2598.0,2275.0,323.0,0,14.197802197802197
PR005757,23-Mar-2026,MANDI004,Wheat,2181.28,2275.0,-93.7199999999998,1,-4.119560439560431
PR002268,23-May-2026,MANDI026,REQUIRES_INVESTIGATION,2445.08,2183.0,262.0799999999999,0,12.005497022446171
PR003004,09-May-2026,MANDI048,Cotton,6820.33,6620.0,200.32999999999993,0,3.026132930513594
PR002793,03.01.2026,MANDI050,Corn,2146.52,2090.0,56.51999999999998,0,2.7043062200956927
PR010574,05-29-2026,MANDI047,Sugarcane,3213.0,3500.0,-287.0,1,-8.200000000000001
PR011044,2026-08-06,MANDI049,Wheat,2398.0,2275.0,123.0,0,5.406593406593407
PR000957,07-25-2026,,Corn,2174.0,2090.0,84.0,0,4.019138755980861
PR007715,27/02/2026,MANDI045,REQUIRES_INVESTIGATION,2432.39,2183.0,249.38999999999987,0,11.424186898763164
PR005030,2026-06-24,MANDI052,Wheat,2369.92,2275.0,94.92000000000007,0,4.172307692307696
PR009592,13-Feb-2026,MANDI034,Cotton,7554.53,6620.0,934.5299999999997,0,14.116767371601204
PR000959,2026/06/29,MANDI055,Mustard,5943.25,5650.0,293.25,0,5.1902654867256635
PR010272,2026/06/25,MANDI017,Wheat,2382.16,2275.0,107.15999999999985,0,4.7103296703296635
PR004618,17.08.2026,MANDI034,Sugarcane,3716.37,3500.0,216.3699999999999,0,6.181999999999997
PR009107,18-Jan-2026,,Wheat,2273.62,2275.0,-1.3800000000001091,1,-0.06065934065934545
PR002095,04-20-2026,MANDI021,REQUIRES_INVESTIGATION,2427.41,2183.0,244.40999999999985,0,11.196060467246902
PR002562,10/07/2026,,Corn,1990.19,2090.0,-99.80999999999995,1,-4.7755980861244
PR003017,02-08-2026,MANDI011,Wheat,2132.47,2275.0,-142.5300000000002,1,-6.265054945054954
PR005453,2026-06-18,MANDI028,Wheat,2503.02,2275.0,228.01999999999998,0,10.022857142857141
PR004980,06-20-2026,MANDI025,Mustard,6374.0,5650.0,724.0,0,12.814159292035399
PR010445,01.07.2026,MANDI050,Cotton,6537.0,6620.0,-83.0,1,-1.253776435045317
PR003381,19-Apr-2026,MANDI011,REQUIRES_INVESTIGATION,3293.32,3500.0,-206.67999999999984,1,-5.905142857142852
PR001359,01-05-2026,MANDI015,Sugarcane,3573.0,3500.0,73.0,0,2.085714285714286
PR003130,2026-03-20,MANDI005,Wheat,2393.2,2275.0,118.19999999999982,0,5.195604395604388
PR003879,2026/01/17,MANDI033,Sugarcane,3793.0,3500.0,293.0,0,8.371428571428572
PR005283,10/04/2026,MANDI013,Corn,2116.0,2090.0,26.0,0,1.244019138755981
PR011702,09/07/2026,MANDI009,REQUIRES_INVESTIGATION,6059.46,5650.0,409.46000000000004,0,7.2470796460177
PR000723,2026/04/19,MANDI018,REQUIRES_INVESTIGATION,5783.93,5650.0,133.9300000000003,0,2.3704424778761113
PR005839,27/08/2026,MANDI019,Wheat,2172.69,2275.0,-102.30999999999995,1,-4.497142857142855
PR003396,19-Jan-2026,MANDI046,Sugarcane,3357.26,3500.0,-142.73999999999978,1,-4.078285714285708
PR006832,02.01.2026,MANDI008,REQUIRES_INVESTIGATION,2356.29,2183.0,173.28999999999996,0,7.938158497480529
PR002529,30-Jul-2026,MANDI025,Wheat,2123.66,2275.0,-151.34000000000015,1,-6.652307692307699
PR006660,2026/08/30,MANDI045,Cotton,7420.257057043941,6620.0,800.2570570439411,0,12.088475181932646
PR001603,17.04.2026,MANDI019,Corn,1917.9,2090.0,-172.0999999999999,1,-8.234449760765546
PR003809,2026-08-20,MANDI033,Cotton,6415.647240453627,6620.0,-204.3527595463729,1,-3.0868996910328237
PR002783,2026-08-18,MANDI033,Sugarcane,3709.82,3500.0,209.82000000000016,0,5.994857142857148
PR002251,04-22-2026,MANDI013,Sugarcane,3809.57,3500.0,309.57000000000016,0,8.844857142857148
PR011878,08-28-2026,MANDI005,Cotton,6743.37,6620.0,123.36999999999989,0,1.8635951661631405
PR005843,15/08/2026,,Paddy,1920.7496704097532,2183.0,-262.2503295902468,1,-12.013299568953128
PR003961,27/01/2026,MANDI048,REQUIRES_INVESTIGATION,5382.83,5650.0,-267.1700000000001,1,-4.728672566371682
PR006740,2026-02-28,MANDI010,Wheat,2514.91,2275.0,239.90999999999985,0,10.5454945054945
PR000105,2026/08/08,MANDI004,Mustard,6280.89,5650.0,630.8900000000003,0,11.166194690265492
PR008547,2026-03-14,MANDI023,Mustard,5712.48,5650.0,62.47999999999956,0,1.105840707964594
PR008344,2026-04-19,MANDI051,Paddy,2270.83,2183.0,87.82999999999993,0,4.02336234539624
PR011029,27/07/2026,MANDI030,Mustard,5629.33,5650.0,-20.670000000000073,1,-0.36584070796460305
PR001818,24-Mar-2026,MANDI043,Wheat,2241.843367358935,2275.0,-33.15663264106479,1,-1.4574344018050456
PR007491,29-Aug-2026,MANDI003,Paddy,2000.18,2183.0,-182.81999999999994,1,-8.374713696747591
PR005398,2026-01-15,MANDI013,Corn,2243.193687730549,2090.0,153.19368773054885,0,7.329841518208078
PR007022,31-Aug-2026,MANDI045,Cotton,6382.98,6620.0,-237.02000000000044,1,-3.5803625377643566
PR005897,2026/02/13,MANDI028,Corn,1923.26,2090.0,-166.74,1,-7.97799043062201
PR011514,02.08.2026,MANDI003,Mustard,6234.47,5650.0,584.4700000000003,0,10.344601769911508
PR004404,2026-09-09,MANDI045,Wheat,2196.73,2275.0,-78.26999999999998,1,-3.4404395604395592
PR008784,28/02/2026,MANDI034,Corn,2261.95,2090.0,171.94999999999982,0,8.22727272727272
PR003544,26/05/2026,MANDI026,Paddy,2220.74,2183.0,37.73999999999978,0,1.728813559322024
PR000897,2026-09-06,MANDI012,REQUIRES_INVESTIGATION,2073.42,2183.0,-109.57999999999993,1,-5.019697663765458
PR009451,09-01-2026,MANDI032,REQUIRES_INVESTIGATION,2220.93,2183.0,37.929999999999836,0,1.7375171781951366
PR006810,2026-04-16,MANDI051,REQUIRES_INVESTIGATION,2399.4972425012525,2183.0,216.49724250125246,0,9.917418346369788
PR006802,12.08.2026,,REQUIRES_INVESTIGATION,2478.25,2183.0,295.25,0,13.524965643609713
PR008345,06-Aug-2026,MANDI034,Corn,2303.0,2090.0,213.0,0,10.191387559808613
PR011431,05-03-2026,MANDI049,Cotton,6681.154059356706,6620.0,61.15405935670606,0,0.9237773316722968
PR003740,19.03.2026,MANDI049,Sugarcane,3744.13,3500.0,244.1300000000001,0,6.975142857142861
PR000320,12.06.2026,MANDI037,Mustard,5678.89,5650.0,28.890000000000327,0,0.5113274336283243
PR007854,26.03.2026,MANDI003,Sugarcane,3201.52,3500.0,-298.48,1,-8.528
PR008941,31/07/2026,MANDI056,Wheat,2260.43,2275.0,-14.570000000000164,1,-0.6404395604395676
PR002874,23/03/2026,,REQUIRES_INVESTIGATION,2375.17,2183.0,192.17000000000007,0,8.8030233623454
PR000164,14-Jan-2026,MANDI009,REQUIRES_INVESTIGATION,2275.0,2183.0,92.0,0,4.2143838754008245
PR004278,07-07-2026,MANDI002,Wheat,2133.05,2275.0,-141.94999999999982,1,-6.239560439560432
PR002767,11/01/2026,MANDI054,Cotton,6532.24,6620.0,-87.76000000000022,1,-1.3256797583081605
PR007652,10.07.2026,MANDI003,REQUIRES_INVESTIGATION,2012.0,2183.0,-171.0,1,-7.833256985799358
PR001707,12.04.2026,MANDI013,REQUIRES_INVESTIGATION,2384.93,2183.0,201.92999999999984,0,9.250114521300954
PR004996,2026/09/01,MANDI005,REQUIRES_INVESTIGATION,3855.49,3500.0,355.4899999999998,0,10.156857142857136
PR010136,11-Aug-2026,MANDI022,REQUIRES_INVESTIGATION,2445.0,2183.0,262.0,0,12.001832340815392
PR005498,31/01/2026,,Mustard,5914.48,5650.0,264.47999999999956,0,4.681061946902647
PR011307,2026-06-21,,Sugarcane,3381.74,3500.0,-118.26000000000022,1,-3.378857142857149
PR000316,23/06/2026,MANDI054,REQUIRES_INVESTIGATION,2113.0,2183.0,-70.0,1,-3.20659642693541
PR005175,2026-07-23,MANDI008,Paddy,2343.48,2183.0,160.48000000000002,0,7.351351351351353
PR002516,02/01/2026,MANDI054,Sugarcane,3649.98,3500.0,149.98000000000002,0,4.285142857142858
PR001575,2026/03/10,MANDI005,Sugarcane,3253.38,3500.0,-246.6199999999999,1,-7.046285714285711
PR002278,2026-06-17,MANDI042,REQUIRES_INVESTIGATION,2056.949793337273,2183.0,-126.05020666272685,1,-5.774173461416713
PR002115,2026-05-09,MANDI043,Mustard,5372.0,5650.0,-278.0,1,-4.920353982300885
PR001895,01/08/2026,MANDI007,Corn,2348.0,2090.0,258.0,0,12.344497607655502
PR011332,14-Feb-2026,MANDI029,Paddy,2458.55,2183.0,275.5500000000002,0,12.622537792029325
PR006760,2026-05-01,MANDI011,REQUIRES_INVESTIGATION,2210.6,2090.0,120.59999999999991,0,5.77033492822966
PR010519,05-17-2026,MANDI028,REQUIRES_INVESTIGATION,2417.06,2183.0,234.05999999999995,0,10.721942281264313
PR007248,26/06/2026,MANDI018,Wheat,2153.28,2275.0,-121.7199999999998,1,-5.3503296703296614
PR001753,2026-03-27,,Sugarcane,3693.89,3500.0,193.88999999999987,0,5.539714285714282
PR009087,2026/03/06,MANDI014,Mustard,5350.456050363888,5650.0,-299.5439496361123,1,-5.301662825417917
PR000902,2026-04-04,MANDI011,Corn,2246.49,2090.0,156.48999999999978,0,7.48755980861243
PR007686,2026-05-21,MANDI042,Mustard,5892.65,5650.0,242.64999999999964,0,4.294690265486719
PR000830,2026-01-09,MANDI027,Cotton,6399.44,6620.0,-220.5600000000004,1,-3.331722054380671
PR003353,04/02/2026,MANDI011,REQUIRES_INVESTIGATION,2131.0,2183.0,-52.0,1,-2.3820430600091616
PR006863,2026/04/28,MANDI041,REQUIRES_INVESTIGATION,3648.25,3500.0,148.25,0,4.235714285714286
PR000410,2026-01-18,MANDI018,Wheat,2317.0,2275.0,42.0,0,1.8461538461538463
PR005346,07/04/2026,MANDI035,Wheat,2197.0,2275.0,-78.0,1,-3.428571428571429
PR004912,02.07.2026,MANDI053,Paddy,2056.0,2183.0,-127.0,1,-5.81768208886853
PR008014,2026/03/21,MANDI008,Wheat,2156.36,2275.0,-118.63999999999987,1,-5.21494505494505
PR001682,01/08/2026,MANDI002,Mustard,5087.0,5650.0,-563.0,1,-9.964601769911505
PR003998,29.06.2026,MANDI052,Cotton,6775.02,6620.0,155.02000000000044,0,2.3416918429003086
PR007341,05-14-2026,MANDI005,Corn,2264.98,2090.0,174.98000000000002,0,8.372248803827752
PR006776,21/08/2026,MANDI033,Wheat,2430.83,2275.0,155.82999999999993,0,6.849670329670326
PR000642,04-30-2026,,Sugarcane,3495.86,3500.0,-4.139999999999873,1,-0.11828571428571064
PR008643,31-Aug-2026,MANDI015,REQUIRES_INVESTIGATION,3318.97,3500.0,-181.0300000000002,1,-5.17228571428572
PR003062,05-24-2026,MANDI017,Cotton,7040.22,6620.0,420.22000000000025,0,6.347734138972813
PR003360,23.01.2026,MANDI015,Wheat,2500.87,2275.0,225.8699999999999,0,9.928351648351644
PR004386,05.08.2026,MANDI003,Mustard,6176.19,5650.0,526.1899999999996,0,9.313097345132736
PR001348,2026/07/14,MANDI031,Cotton,6466.56,6620.0,-153.4399999999996,1,-2.317824773413891
PR009484,2026-08-10,MANDI036,REQUIRES_INVESTIGATION,6101.12,5650.0,451.1199999999999,0,7.98442477876106
PR005803,18/06/2026,MANDI012,Cotton,6923.42,6620.0,303.4200000000001,0,4.583383685800605
PR003648,23.05.2026,MANDI038,REQUIRES_INVESTIGATION,3443.97,3500.0,-56.0300000000002,1,-1.6008571428571488
PR002635,08-Jun-2026,MANDI044,REQUIRES_INVESTIGATION,5434.49,5650.0,-215.51000000000022,1,-3.8143362831858445
PR005338,2026-02-05,MANDI050,Corn,1975.0,2090.0,-115.0,1,-5.502392344497608
PR004827,24/08/2026,MANDI052,Corn,1952.77,2090.0,-137.23000000000002,1,-6.566028708133972
PR001666,2026-04-05,MANDI023,Sugarcane,3785.0,3500.0,285.0,0,8.142857142857144
PR005263,2026/08/23,MANDI047,Corn,2369.0,2090.0,279.0,0,13.349282296650719
PR004276,08-Feb-2026,MANDI028,REQUIRES_INVESTIGATION,1948.2,2090.0,-141.79999999999995,1,-6.784688995215308
PR007706,10-Mar-2026,MANDI040,REQUIRES_INVESTIGATION,5980.42,5650.0,330.4200000000001,0,5.848141592920355
PR003187,2026-02-22,MANDI045,Mustard,5371.87,5650.0,-278.1300000000001,1,-4.9226548672566395
PR002995,2026/07/17,MANDI022,Corn,2212.0,2090.0,122.0,0,5.837320574162679
PR000330,01-12-2026,,REQUIRES_INVESTIGATION,3393.87,3500.0,-106.13000000000011,1,-3.0322857142857176
PR010249,2026-08-30,MANDI002,Cotton,6686.7,6620.0,66.69999999999982,0,1.0075528700906318
PR000515,09/02/2026,MANDI005,Wheat,2263.94,2275.0,-11.059999999999945,1,-0.4861538461538437
PR003665,2026/04/12,MANDI003,Wheat,2285.0,2275.0,10.0,0,0.43956043956043955
PR005556,29/05/2026,MANDI029,Sugarcane,3615.95,3500.0,115.94999999999982,0,3.3128571428571374
PR010959,23-Mar-2026,MANDI049,Wheat,2253.9749293359555,2275.0,-21.025070664044506,1,-0.9241789302876706
PR003919,04-17-2026,MANDI053,Paddy,2188.04,2183.0,5.039999999999964,0,0.23087494273934783
PR010161,01-07-2026,MANDI042,Corn,1964.0,2090.0,-126.0,1,-6.028708133971292
PR010647,04/02/2026,MANDI038,Sugarcane,3312.35,3500.0,-187.6500000000001,1,-5.361428571428574
PR003914,22.06.2026,MANDI015,Mustard,5351.0,5650.0,-299.0,1,-5.292035398230088
PR002170,05.07.2026,MANDI007,Cotton,6135.142556066319,6620.0,-484.85744393368077,1,-7.324130573016325
PR007891,2026-01-23,MANDI026,Mustard,6500.19,5650.0,850.1899999999996,0,15.04761061946902
PR009769,2026-01-02,MANDI031,Wheat,2483.67,2275.0,208.67000000000007,0,9.172307692307696
PR003881,11/05/2026,MANDI014,Cotton,7020.03,6620.0,400.02999999999975,0,6.042749244712987
PR002273,04.03.2026,MANDI043,Cotton,6512.0,6620.0,-108.0,1,-1.6314199395770395
PR005418,08-May-2026,MANDI057,Corn,2396.9475603359533,2090.0,306.9475603359533,0,14.686486140476235
PR009804,25/02/2026,MANDI027,Wheat,2251.46,2275.0,-23.539999999999964,1,-1.034725274725273
PR009327,05-04-2026,MANDI051,Cotton,6597.0,6620.0,-23.0,1,-0.3474320241691843
PR001385,2026-02-25,MANDI035,Wheat,2371.2,2275.0,96.19999999999982,0,4.228571428571421
PR007455,2026/02/23,,Sugarcane,3265.0,3500.0,-235.0,1,-6.714285714285714
PR009346,08.06.2026,MANDI043,REQUIRES_INVESTIGATION,2161.65,2090.0,71.65000000000009,0,3.4282296650717745
PR002328,18.05.2026,MANDI054,Sugarcane,3899.0,3500.0,399.0,0,11.4
PR002335,2026/09/02,MANDI041,Mustard,5735.01,5650.0,85.01000000000022,0,1.5046017699115084
PR010189,08.07.2026,MANDI029,Mustard,5629.6,5650.0,-20.399999999999636,1,-0.3610619469026484
PR003520,2026-06-05,MANDI001,REQUIRES_INVESTIGATION,5771.0,5650.0,121.0,0,2.1415929203539825
PR001027,21/07/2026,MANDI001,REQUIRES_INVESTIGATION,2087.09,2090.0,-2.9099999999998545,1,-0.13923444976075858
PR009985,13/04/2026,MANDI038,Sugarcane,3192.27,3500.0,-307.73,1,-8.792285714285715
PR002691,02-28-2026,,REQUIRES_INVESTIGATION,2324.9098857035697,2183.0,141.90988570356967,0,6.500681892055413
PR003327,06-28-2026,MANDI022,REQUIRES_INVESTIGATION,2258.89,2090.0,168.88999999999987,0,8.080861244019133
PR000192,14.05.2026,MANDI045,Wheat,2386.77,2275.0,111.76999999999998,0,4.912967032967032
PR007543,2026-05-30,MANDI015,Sugarcane,3846.35,3500.0,346.3499999999999,0,9.895714285714282
PR001859,2026-08-22,MANDI048,Sugarcane,3985.64,3500.0,485.6399999999999,0,13.87542857142857
PR009550,2026/07/15,MANDI052,Paddy,2515.8,2183.0,332.8000000000002,0,15.245075584058643
PR002628,2026/01/09,MANDI042,Corn,2231.85,2090.0,141.8499999999999,0,6.7870813397129135
PR006642,2026/05/10,MANDI035,Sugarcane,3193.26,3500.0,-306.7399999999998,1,-8.763999999999994
PR008730,13.05.2026,MANDI040,Mustard,5844.0,5650.0,194.0,0,3.433628318584071
PR009929,03/09/2026,MANDI006,Cotton,6859.92,6620.0,239.92000000000007,0,3.624169184290031
PR007424,24.07.2026,MANDI013,Corn,2148.0,2090.0,58.0,0,2.77511961722488
PR001639,26/02/2026,,Wheat,2265.68,2275.0,-9.320000000000164,1,-0.40967032967033684
PR003930,25/05/2026,MANDI005,Wheat,2513.23,2275.0,238.23000000000002,0,10.471648351648351
PR004542,02-04-2026,MANDI029,Sugarcane,3670.21,3500.0,170.21000000000004,0,4.863142857142858
PR002262,29/07/2026,MANDI002,Sugarcane,3920.02,3500.0,420.02,0,12.000571428571428
PR001826,25/07/2026,MANDI043,REQUIRES_INVESTIGATION,2377.81,2183.0,194.80999999999995,0,8.923957856161243
PR001648,24-Feb-2026,,Cotton,6983.54,6620.0,363.53999999999996,0,5.491540785498489
PR007282,2026/04/20,MANDI051,Cotton,7022.99,6620.0,402.9899999999998,0,6.087462235649543
PR007939,2026-06-13,MANDI028,Cotton,6920.35,6620.0,300.35000000000036,0,4.537009063444114
PR006020,04/08/2026,MANDI032,Wheat,2283.0,2275.0,8.0,0,0.3516483516483516
PR001306,11.03.2026,MANDI002,REQUIRES_INVESTIGATION,2200.01,2183.0,17.01000000000022,0,0.7792029317453146
PR001200,25.07.2026,MANDI046,Wheat,2452.773202280337,2275.0,177.77320228033705,0,7.8142066936411885
PR001993,18/05/2026,MANDI020,REQUIRES_INVESTIGATION,3897.0,3500.0,397.0,0,11.342857142857143
PR003935,2026/05/08,MANDI008,Paddy,2531.1,2183.0,348.0999999999999,0,15.945945945945942
PR004742,2026/07/10,MANDI031,REQUIRES_INVESTIGATION,5638.59,5650.0,-11.409999999999854,1,-0.20194690265486467
PR007579,13.05.2026,MANDI041,REQUIRES_INVESTIGATION,3200.86,3500.0,-299.1399999999999,1,-8.546857142857139
PR008990,05-30-2026,MANDI056,Wheat,2507.0,2275.0,232.0,0,10.197802197802199
PR005433,31.03.2026,MANDI045,Paddy,2193.39,2183.0,10.389999999999873,0,0.47595052679797856
PR000353,2026-03-09,MANDI036,Cotton,6849.0,6620.0,229.0,0,3.459214501510574
PR004001,2026-03-08,MANDI009,Wheat,2283.22,2275.0,8.2199999999998,0,0.36131868131867256
PR010070,20-May-2026,MANDI050,Cotton,5881.96,6620.0,-738.04,1,-11.148640483383685
PR006929,2026-04-19,MANDI041,Mustard,5764.51,5650.0,114.51000000000022,0,2.026725663716818
PR000609,04-03-2026,MANDI055,REQUIRES_INVESTIGATION,2137.82,2183.0,-45.179999999999836,1,-2.0696289509848755
PR005412,01-24-2026,,REQUIRES_INVESTIGATION,2115.53,2183.0,-67.4699999999998,1,-3.090700870361878
PR003892,01-05-2026,MANDI016,Corn,2196.75,2090.0,106.75,0,5.107655502392344
PR011295,05/03/2026,MANDI028,REQUIRES_INVESTIGATION,2385.0,2183.0,202.0,0,9.253321117727896
PR002256,09.08.2026,MANDI019,Paddy,2292.58,2183.0,109.57999999999993,0,5.019697663765458
PR006315,02-21-2026,MANDI007,Sugarcane,3360.2,3500.0,-139.80000000000018,1,-3.9942857142857195
PR009020,21.04.2026,,Wheat,2303.0,2275.0,28.0,0,1.2307692307692308
PR000896,2026-02-24,MANDI051,Paddy,2036.87,2183.0,-146.1300000000001,1,-6.693999083829598
PR003414,2026/08/26,MANDI006,Wheat,2424.7596209594667,2275.0,149.7596209594667,0,6.5828404817348005
PR007246,13-Jul-2026,MANDI054,Wheat,2183.22,2275.0,-91.7800000000002,1,-4.034285714285723
PR008126,29.06.2026,MANDI019,REQUIRES_INVESTIGATION,5853.76,5650.0,203.76000000000022,0,3.6063716814159332
PR004838,2026/06/27,MANDI024,REQUIRES_INVESTIGATION,2080.1,2090.0,-9.900000000000091,1,-0.47368421052632015
PR002751,2026-06-12,MANDI015,REQUIRES_INVESTIGATION,2243.71,2183.0,60.710000000000036,0,2.781035272560698
PR003263,29-May-2026,MANDI048,Wheat,2433.73,2275.0,158.73000000000002,0,6.977142857142858
PR006654,10-Mar-2026,MANDI034,Mustard,6234.14,5650.0,584.1400000000003,0,10.338761061946908
PR001120,2026-01-29,MANDI051,Sugarcane,3374.326979050972,3500.0,-125.67302094902789,1,-3.590657741400797
PR007980,2026-05-07,MANDI038,REQUIRES_INVESTIGATION,2117.68,2183.0,-65.32000000000016,1,-2.992212551534593
PR006644,2026-06-08,MANDI050,REQUIRES_INVESTIGATION,2399.52,2090.0,309.52,0,14.809569377990432
PR010203,22.08.2026,MANDI054,Paddy,2120.36,2183.0,-62.63999999999987,1,-2.8694457169033383
PR011643,15-Jan-2026,MANDI014,Sugarcane,3385.0814045175466,3500.0,-114.91859548245338,1,-3.283388442355811
PR007801,27/01/2026,MANDI023,REQUIRES_INVESTIGATION,1946.58,2090.0,-143.42000000000007,1,-6.862200956937803
PR008000,2026/09/01,MANDI011,Corn,2198.81,2090.0,108.80999999999995,0,5.206220095693777
PR001098,01-27-2026,MANDI004,REQUIRES_INVESTIGATION,2156.78,2090.0,66.7800000000002,0,3.195215311004794
PR001243,2026-02-07,MANDI054,REQUIRES_INVESTIGATION,2353.81,2090.0,263.80999999999995,0,12.62248803827751
PR011368,04-28-2026,MANDI034,REQUIRES_INVESTIGATION,2456.99,2183.0,273.9899999999998,0,12.551076500229033
PR003368,2026/04/06,MANDI056,Wheat,2450.17,2275.0,175.17000000000007,0,7.699780219780222
PR011774,11-Jul-2026,MANDI025,Wheat,2501.0599329548013,2275.0,226.0599329548013,0,9.936700349661596
PR001082,2026-06-03,,Sugarcane,3812.71,3500.0,312.71000000000004,0,8.934571428571429
PR002142,02-09-2026,MANDI029,Cotton,6594.114362732349,6620.0,-25.885637267650964,1,-0.3910217109917064
PR011140,2026-01-11,MANDI014,Cotton,6126.3,6620.0,-493.6999999999998,1,-7.457703927492444
PR005316,22.03.2026,MANDI055,Wheat,2259.32,2275.0,-15.679999999999836,1,-0.689230769230762
PR008983,01-21-2026,MANDI047,Cotton,7302.0,6620.0,682.0,0,10.302114803625377
PR004745,03-19-2026,MANDI010,REQUIRES_INVESTIGATION,2033.38,2183.0,-149.6199999999999,1,-6.85387081997251
PR002962,13-Jun-2026,MANDI027,Wheat,2482.03,2275.0,207.0300000000002,0,9.100219780219788
PR010567,19-Jun-2026,MANDI007,Wheat,2104.25,2275.0,-170.75,1,-7.505494505494506
PR010320,25.04.2026,MANDI035,Corn,2076.95,2090.0,-13.050000000000182,1,-0.6244019138756068
PR008762,02-15-2026,MANDI011,Sugarcane,3894.5,3500.0,394.5,0,11.27142857142857
PR009156,22-Jun-2026,MANDI039,REQUIRES_INVESTIGATION,6008.45,5650.0,358.4499999999998,0,6.344247787610616
PR003456,25-Jul-2026,MANDI025,Sugarcane,3558.02,3500.0,58.01999999999998,0,1.6577142857142853
PR008109,2026-05-23,MANDI020,Cotton,6748.39381789961,6620.0,128.39381789961044,0,1.9394836540726652
PR004816,15-Aug-2026,MANDI041,Sugarcane,3385.06,3500.0,-114.94000000000005,1,-3.2840000000000016
PR001402,05-21-2026,MANDI031,Wheat,2217.72,2275.0,-57.2800000000002,1,-2.5178021978022063
PR004787,10-Feb-2026,MANDI011,Wheat,2364.0,2275.0,89.0,0,3.9120879120879124
PR009646,2026-03-20,MANDI026,Wheat,2168.66,2275.0,-106.34000000000015,1,-4.674285714285721
PR003846,29-May-2026,MANDI022,Mustard,5636.84,5650.0,-13.159999999999854,1,-0.2329203539822983
PR004650,12.04.2026,MANDI010,Wheat,2257.57,2275.0,-17.429999999999836,1,-0.766153846153839
PR011240,06/09/2026,MANDI055,Corn,1909.35,2090.0,-180.6500000000001,1,-8.643540669856463
PR009524,04-04-2026,MANDI033,Paddy,2201.0217256997257,2183.0,18.02172569972572,0,0.8255485890850077
PR010845,01-29-2026,MANDI027,REQUIRES_INVESTIGATION,2021.25,2183.0,-161.75,1,-7.409528172240036
PR000209,2026-01-27,MANDI051,REQUIRES_INVESTIGATION,2378.0,2090.0,288.0,0,13.779904306220095
PR011491,2026-06-06,MANDI030,Corn,2215.91,2090.0,125.90999999999985,0,6.024401913875591
PR003669,01.04.2026,MANDI016,Wheat,2455.0,2275.0,180.0,0,7.9120879120879115
PR011573,2026/06/03,MANDI030,Wheat,2300.8,2275.0,25.800000000000182,0,1.134065934065942
PR006021,26.08.2026,MANDI033,Paddy,2301.33,2183.0,118.32999999999993,0,5.420522217132383
PR000493,01-27-2026,MANDI055,Cotton,6868.0,6620.0,248.0,0,3.746223564954683
PR007860,26/01/2026,MANDI005,Cotton,6220.25,6620.0,-399.75,1,-6.038519637462236
PR001309,2026-02-24,MANDI030,Wheat,2585.0,2275.0,310.0,0,13.626373626373626
PR003494,2026-01-29,MANDI003,REQUIRES_INVESTIGATION,2517.45,2183.0,334.4499999999998,0,15.320659642693531
PR006316,27-Apr-2026,MANDI024,Mustard,6288.39,5650.0,638.3900000000003,0,11.298938053097352
PR004539,2026/09/02,MANDI017,Wheat,2322.304484993924,2275.0,47.30448499392378,0,2.079318021710935
PR009208,31.05.2026,MANDI044,REQUIRES_INVESTIGATION,3777.3,3500.0,277.3000000000002,0,7.922857142857148
PR004378,07.07.2026,MANDI045,REQUIRES_INVESTIGATION,2251.55,2183.0,68.55000000000018,0,3.1401740723774703
PR008354,19.01.2026,MANDI052,Sugarcane,3528.56,3500.0,28.559999999999945,0,0.8159999999999985
PR011330,09.08.2026,MANDI052,Cotton,5854.2,6620.0,-765.8000000000002,1,-11.567975830815714
PR007847,05-30-2026,MANDI016,Mustard,6244.0,5650.0,594.0,0,10.513274336283187
PR009151,22/06/2026,MANDI031,Sugarcane,3624.31,3500.0,124.30999999999995,0,3.5517142857142843
PR011955,19-Jan-2026,MANDI007,Wheat,2488.4189085988382,2275.0,213.41890859883824,0,9.38105092742146
PR003864,19/03/2026,MANDI051,REQUIRES_INVESTIGATION,1940.7479708321328,2183.0,-242.25202916786725,1,-11.09720701639337
PR002500,2026-06-07,,REQUIRES_INVESTIGATION,2068.1,2090.0,-21.90000000000009,1,-1.0478468899521576
PR011924,21-Apr-2026,MANDI011,REQUIRES_INVESTIGATION,3520.7731620419927,3500.0,20.77316204199269,0,0.5935189154855055
PR010837,07-07-2026,MANDI009,Wheat,2325.101899478668,2275.0,50.1018994786682,0,2.2022812957656352
PR008131,24-Aug-2026,MANDI021,REQUIRES_INVESTIGATION,2019.9174319742565,2090.0,-70.08256802574351,1,-3.353232919892034
PR001461,15.03.2026,MANDI042,Corn,2079.0,2090.0,-11.0,1,-0.5263157894736842
PR005503,2026-07-11,,Wheat,2473.83,2275.0,198.82999999999993,0,8.739780219780217
PR007109,29.06.2026,MANDI021,Sugarcane,3692.0,3500.0,192.0,0,5.485714285714286
PR010551,14.02.2026,MANDI007,Cotton,6342.03,6620.0,-277.97000000000025,1,-4.1989425981873145
PR009423,2026-02-18,MANDI007,REQUIRES_INVESTIGATION,2171.89,2183.0,-11.110000000000127,1,-0.5089326614750401
PR006955,05-19-2026,MANDI010,Wheat,2367.26,2275.0,92.26000000000022,0,4.055384615384625
PR009890,15/07/2026,MANDI033,REQUIRES_INVESTIGATION,5096.827372979755,5650.0,-553.1726270202453,1,-9.790665964960093
PR000413,22/05/2026,MANDI049,REQUIRES_INVESTIGATION,2022.55,2090.0,-67.45000000000005,1,-3.2272727272727293
PR006790,04-03-2026,MANDI021,Corn,2155.0,2090.0,65.0,0,3.110047846889952
PR008618,13-Jan-2026,MANDI029,Sugarcane,3647.282533754086,3500.0,147.28253375408622,0,4.208072392973892
PR002901,05/04/2026,MANDI039,Wheat,2303.077169994178,2275.0,28.077169994177893,0,1.2341613184254019
PR005784,2026-09-02,MANDI052,Mustard,6520.97,5650.0,870.9700000000003,0,15.4153982300885
PR005902,2026-01-28,MANDI001,Mustard,5584.47,5650.0,-65.52999999999975,1,-1.159823008849553
PR005032,26-Apr-2026,MANDI012,Cotton,6761.75,6620.0,141.75,0,2.141238670694864
PR007958,2026/08/10,,Sugarcane,3395.0,3500.0,-105.0,1,-3.0
PR008404,2026-04-29,MANDI006,Cotton,7357.0,6620.0,737.0,0,11.132930513595166
PR006114,2026/07/27,MANDI039,Sugarcane,3150.0,3500.0,-350.0,1,-10.0
PR010773,08-04-2026,MANDI034,REQUIRES_INVESTIGATION,2332.57,2183.0,149.57000000000016,0,6.851580393953283
PR007949,29-Mar-2026,MANDI040,REQUIRES_INVESTIGATION,2361.0,2183.0,178.0,0,8.1539166284929
PR006862,13-Feb-2026,MANDI029,Wheat,2372.09,2275.0,97.09000000000015,0,4.267692307692314
PR002402,2026-07-22,MANDI018,Cotton,7575.51,6620.0,955.5100000000002,0,14.433685800604232
PR009101,2026/05/11,MANDI056,Wheat,2399.79,2275.0,124.78999999999996,0,5.485274725274724
PR005265,03-Jan-2026,MANDI048,Sugarcane,3391.32,3500.0,-108.67999999999984,1,-3.1051428571428525
PR011538,2026/04/18,MANDI046,Mustard,5394.9,5650.0,-255.10000000000036,1,-4.515044247787617
PR001554,30-Jul-2026,MANDI004,REQUIRES_INVESTIGATION,3384.0,3500.0,-116.0,1,-3.314285714285714
PR008413,14.03.2026,MANDI056,Paddy,2287.0,2183.0,104.0,0,4.764086120018323
PR003854,31/05/2026,MANDI050,Cotton,6900.647636183542,6620.0,280.6476361835421,0,4.239390274675863
PR009155,12.04.2026,MANDI029,REQUIRES_INVESTIGATION,2041.2247864659728,2183.0,-141.77521353402722,1,-6.494512759231663
PR011632,23.07.2026,MANDI045,Sugarcane,3244.86,3500.0,-255.13999999999987,1,-7.2897142857142825
PR002736,12-Feb-2026,MANDI046,Cotton,6381.950717698559,6620.0,-238.04928230144105,1,-3.5959106087830977
PR006741,25/04/2026,MANDI024,Sugarcane,3747.91,3500.0,247.90999999999985,0,7.083142857142853
PR009738,07-11-2026,MANDI026,Sugarcane,3944.56,3500.0,444.55999999999995,0,12.701714285714283
PR006557,13.01.2026,MANDI023,Cotton,7004.79,6620.0,384.78999999999996,0,5.812537764350453
PR010855,2026/04/25,,Mustard,5811.77,5650.0,161.77000000000044,0,2.863185840707972
PR007846,14-Jan-2026,MANDI046,Cotton,7294.38,6620.0,674.3800000000001,0,10.18700906344411
PR009457,23.06.2026,MANDI003,Mustard,6343.68,5650.0,693.6800000000003,0,12.27752212389381
PR009312,2026-05-09,MANDI006,Cotton,6420.569653995299,6620.0,-199.43034600470128,1,-3.0125429910075723
PR009879,15-Mar-2026,MANDI008,REQUIRES_INVESTIGATION,2376.93,2090.0,286.92999999999984,0,13.728708133971285
PR009748,05-18-2026,MANDI023,Mustard,5946.24,5650.0,296.2399999999998,0,5.243185840707961
PR001701,2026/08/08,,Mustard,5795.98,5650.0,145.97999999999956,0,2.5837168141592843
PR009260,06-08-2026,MANDI028,REQUIRES_INVESTIGATION,2029.0,2183.0,-154.0,1,-7.054512139257901
PR009349,28/05/2026,MANDI015,REQUIRES_INVESTIGATION,2385.711150352649,2183.0,202.71115035264893,0,9.285897863153867
PR009425,27.06.2026,MANDI022,REQUIRES_INVESTIGATION,1933.93,2183.0,-249.06999999999994,1,-11.409528172240034
PR005829,08.04.2026,MANDI035,Wheat,2014.0,2275.0,-261.0,1,-11.472527472527473
PR000077,24/03/2026,MANDI022,Mustard,6037.7,5650.0,387.6999999999998,0,6.861946902654864
PR002033,28-May-2026,MANDI031,Corn,2163.35,2090.0,73.34999999999991,0,3.5095693779904265
PR004166,2026-02-03,MANDI012,REQUIRES_INVESTIGATION,3606.92,3500.0,106.92000000000007,0,3.054857142857145
PR008353,29.05.2026,MANDI042,Corn,1919.8438590009305,2090.0,-170.15614099906952,1,-8.141442153065528
PR007135,18/07/2026,MANDI018,Wheat,2105.29,2275.0,-169.71000000000004,1,-7.459780219780221
PR002933,05-19-2026,MANDI023,Wheat,2404.865508286929,2275.0,129.86550828692907,0,5.708373990634245
PR003999,09-Jun-2026,MANDI047,Wheat,2243.06,2275.0,-31.940000000000055,1,-1.4039560439560463
PR009599,2026/02/03,MANDI029,Corn,2104.68,2090.0,14.679999999999836,0,0.7023923444975998
PR009561,2026-04-29,MANDI005,Mustard,5898.09,5650.0,248.09000000000015,0,4.390973451327436
PR000986,2026/07/22,,Wheat,2121.03,2275.0,-153.9699999999998,1,-6.767912087912078
PR010133,02/04/2026,,REQUIRES_INVESTIGATION,2001.93,2183.0,-181.06999999999994,1,-8.294548786074207
PR000692,25.03.2026,MANDI032,Wheat,2469.53,2275.0,194.5300000000002,0,8.55076923076924
PR006264,2026/01/21,MANDI034,Wheat,2068.0,2275.0,-207.0,1,-9.098901098901099
PR007729,2026-04-14,MANDI017,REQUIRES_INVESTIGATION,3511.0,3500.0,11.0,0,0.3142857142857143
PR010238,2026-04-29,MANDI028,Sugarcane,3256.589194568678,3500.0,-243.41080543132193,1,-6.954594440894912
PR003928,2026/02/26,MANDI025,Wheat,2280.0,2275.0,5.0,0,0.21978021978021978
PR006030,19-May-2026,MANDI037,REQUIRES_INVESTIGATION,3538.39,3500.0,38.38999999999987,0,1.0968571428571392
PR009829,2026-06-22,MANDI041,Mustard,6127.89,5650.0,477.8900000000003,0,8.458230088495581
PR006345,05-20-2026,MANDI043,Sugarcane,3735.03,3500.0,235.0300000000002,0,6.715142857142863
PR005451,02-Apr-2026,MANDI053,REQUIRES_INVESTIGATION,5222.8,5650.0,-427.1999999999998,1,-7.561061946902652
PR007001,09/07/2026,MANDI002,REQUIRES_INVESTIGATION,5384.0,5650.0,-266.0,1,-4.707964601769912
PR004097,2026/03/03,MANDI027,Corn,2245.31,2090.0,155.30999999999995,0,7.431100478468896
PR000542,2026/09/03,MANDI005,Cotton,7479.92,6620.0,859.9200000000001,0,12.989728096676739
PR008535,21-Aug-2026,MANDI013,Sugarcane,3473.65,3500.0,-26.34999999999991,1,-0.7528571428571402
PR000178,17/08/2026,MANDI054,Mustard,5467.873569792293,5650.0,-182.12643020770702,1,-3.223476640844372
PR004753,12.03.2026,MANDI010,REQUIRES_INVESTIGATION,2045.0,2183.0,-138.0,1,-6.321575813101236
PR001761,2026-01-02,,Sugarcane,3253.27,3500.0,-246.73000000000002,1,-7.049428571428572
PR009762,2026-07-19,MANDI021,Cotton,7187.79,6620.0,567.79,0,8.576888217522658
PR003790,17/05/2026,MANDI056,Cotton,6499.0,6620.0,-121.0,1,-1.8277945619335347
PR004710,27-Jul-2026,MANDI013,REQUIRES_INVESTIGATION,2104.82,2183.0,-78.17999999999984,1,-3.5813101236829974
PR010245,01-28-2026,MANDI050,REQUIRES_INVESTIGATION,3712.31,3500.0,212.30999999999995,0,6.065999999999998
PR011795,2026/01/08,MANDI024,Cotton,6306.9,6620.0,-313.10000000000036,1,-4.729607250755293
PR005975,2026/05/04,MANDI006,Paddy,2301.554657486673,2183.0,118.55465748667302,0,5.430813444190244
PR002192,10/04/2026,MANDI007,Cotton,6843.0,6620.0,223.0,0,3.3685800604229605
PR011381,06.04.2026,MANDI041,Cotton,7341.2,6620.0,721.1999999999998,0,10.894259818731115
PR001969,01-18-2026,MANDI025,Cotton,7245.627812981074,6620.0,625.6278129810744,0,9.450571193067589
PR000293,01-28-2026,MANDI006,REQUIRES_INVESTIGATION,2289.66,2183.0,106.65999999999985,0,4.885936784241862
PR007427,04-May-2026,MANDI010,REQUIRES_INVESTIGATION,2339.69,2090.0,249.69000000000005,0,11.946889952153112
PR007713,29.01.2026,MANDI020,Mustard,5402.76,5650.0,-247.23999999999978,1,-4.375929203539819
PR008712,2026/09/05,MANDI024,Wheat,2385.0,2275.0,110.0,0,4.835164835164836
PR006328,17-Mar-2026,,REQUIRES_INVESTIGATION,2061.15,2183.0,-121.84999999999991,1,-5.5817682088868485
PR002715,05/09/2026,MANDI010,Mustard,6127.88,5650.0,477.8800000000001,0,8.458053097345134
PR009391,04-Jan-2026,MANDI020,REQUIRES_INVESTIGATION,3802.0,3500.0,302.0,0,8.628571428571428
PR011100,2026/06/25,MANDI033,REQUIRES_INVESTIGATION,5077.56,5650.0,-572.4399999999996,1,-10.131681415929195
PR006796,02-09-2026,,Corn,2306.0,2090.0,216.0,0,10.334928229665072
PR002763,2026/06/30,,Mustard,5479.0,5650.0,-171.0,1,-3.026548672566372
PR002658,28-Feb-2026,MANDI002,Mustard,6429.56,5650.0,779.5600000000004,0,13.797522123893813
PR002614,2026/06/06,MANDI048,Mustard,5555.713239685661,5650.0,-94.28676031433861,1,-1.6687922179528958
PR001268,2026/06/20,MANDI003,Sugarcane,3551.784684794913,3500.0,51.78468479491312,0,1.4795624227118034
PR006035,2026/05/08,MANDI033,REQUIRES_INVESTIGATION,2273.06,2090.0,183.05999999999995,0,8.758851674641145
PR008380,2026-04-14,MANDI056,Corn,2285.52,2090.0,195.51999999999998,0,9.355023923444977
PR009553,06-05-2026,MANDI040,REQUIRES_INVESTIGATION,2019.9710035852677,2183.0,-163.02899641473232,1,-7.468117105576377
PR006191,22-Mar-2026,MANDI008,Mustard,5887.61,5650.0,237.60999999999967,0,4.205486725663711
PR008910,2026/06/13,MANDI014,Mustard,6381.83,5650.0,731.8299999999999,0,12.952743362831857
PR006312,06/03/2026,MANDI053,Corn,2180.44,2090.0,90.44000000000005,0,4.32727272727273
PR006679,26.07.2026,,Sugarcane,3519.4,3500.0,19.40000000000009,0,0.5542857142857169
PR000895,16-Jan-2026,,Sugarcane,3657.8,3500.0,157.80000000000018,0,4.508571428571434
PR007473,04.05.2026,MANDI012,Mustard,6267.8,5650.0,617.8000000000002,0,10.934513274336286
PR002954,25.08.2026,MANDI033,Corn,2171.0,2090.0,81.0,0,3.8755980861244015
PR008511,04-02-2026,MANDI037,Cotton,6608.0,6620.0,-12.0,1,-0.18126888217522658
PR001673,07-12-2026,MANDI036,Paddy,2407.0,2183.0,224.0,0,10.261108566193313
PR009810,29/06/2026,MANDI001,Cotton,6547.41,6620.0,-72.59000000000015,1,-1.0965256797583103
PR011679,2026-07-02,MANDI041,Cotton,6591.9,6620.0,-28.100000000000364,1,-0.4244712990936611
PR010169,02-Jan-2026,,Corn,2188.69,2090.0,98.69000000000005,0,4.7220095693779935
PR009458,2026/03/25,,Mustard,5709.28,5650.0,59.279999999999745,0,1.0492035398230044
PR006279,15.04.2026,MANDI037,REQUIRES_INVESTIGATION,2120.62,2183.0,-62.38000000000011,1,-2.8575355016033033
PR004100,09.06.2026,MANDI006,REQUIRES_INVESTIGATION,2202.4,2183.0,19.40000000000009,0,0.8886852954649607
PR009097,05/09/2026,MANDI003,Wheat,2435.75,2275.0,160.75,0,7.065934065934066
PR006913,20.01.2026,MANDI052,Wheat,2441.0,2275.0,166.0,0,7.2967032967032965
PR003116,24.07.2026,MANDI052,Corn,2162.0,2090.0,72.0,0,3.4449760765550237
PR011160,2026-04-27,MANDI048,Mustard,6105.83,5650.0,455.8299999999999,0,8.067787610619467
PR005571,2026/06/30,MANDI001,Sugarcane,3590.52,3500.0,90.51999999999998,0,2.586285714285714
PR000331,03-22-2026,MANDI036,Wheat,2361.05,2275.0,86.05000000000018,0,3.7824175824175903
PR003072,04/04/2026,,Sugarcane,3448.21,3500.0,-51.789999999999964,1,-1.4797142857142846
PR011558,17/01/2026,MANDI017,Cotton,6600.37,6620.0,-19.63000000000011,1,-0.2965256797583098
PR007285,2026-01-20,MANDI030,Corn,2313.65,2090.0,223.6500000000001,0,10.700956937799047
PR007118,26/01/2026,MANDI046,Mustard,6048.77,5650.0,398.77000000000044,0,7.057876106194698
PR008921,2026/04/30,MANDI010,REQUIRES_INVESTIGATION,2063.0300455919432,2183.0,-119.96995440805676,1,-5.495646102063984
PR001816,2026-03-30,,Cotton,6186.25,6620.0,-433.75,1,-6.552114803625378
PR007592,05-14-2026,,Mustard,5761.51,5650.0,111.51000000000022,0,1.9736283185840746
PR006203,2026/01/05,MANDI002,Wheat,2147.19,2275.0,-127.80999999999995,1,-5.618021978021975
PR005497,2026-05-10,MANDI039,Sugarcane,3516.51,3500.0,16.51000000000022,0,0.47171428571429197
PR009719,21-May-2026,MANDI001,REQUIRES_INVESTIGATION,3418.0,3500.0,-82.0,1,-2.3428571428571425
PR003305,03-31-2026,MANDI055,Cotton,6114.91,6620.0,-505.09000000000015,1,-7.629758308157101
PR001558,2026/07/30,MANDI035,REQUIRES_INVESTIGATION,2051.17,2090.0,-38.82999999999993,1,-1.8578947368421017
PR004703,27.07.2026,MANDI027,Mustard,5675.22,5650.0,25.220000000000255,0,0.44637168141593364
PR007976,06-08-2026,MANDI051,Cotton,6619.73,6620.0,-0.27000000000043656,1,-0.004078549848949193
PR010188,2026/08/15,MANDI036,Wheat,2494.06,2275.0,219.05999999999995,0,9.629010989010986
PR002131,13/06/2026,MANDI034,Paddy,2214.76,2183.0,31.76000000000022,0,1.4548786074209903
PR007123,2026-01-09,MANDI051,Mustard,6141.28,5650.0,491.27999999999975,0,8.695221238938048
PR010374,02/08/2026,MANDI025,Paddy,2218.89,2183.0,35.88999999999987,0,1.6440677966101638
PR008469,15/04/2026,MANDI022,Corn,2148.76,2090.0,58.76000000000022,0,2.8114832535885275
PR008882,2026/04/02,MANDI033,Paddy,2196.11,2183.0,13.110000000000127,0,0.6005497022446233
PR007061,2026/05/28,MANDI016,Mustard,6250.18,5650.0,600.1800000000003,0,10.622654867256642
PR008075,06.02.2026,,Cotton,7120.57,6620.0,500.5699999999997,0,7.56148036253776
PR000151,2026-09-07,MANDI015,Cotton,7357.09,6620.0,737.0900000000001,0,11.134290030211483
PR009495,08-Apr-2026,MANDI009,Sugarcane,3374.09,3500.0,-125.90999999999985,1,-3.5974285714285674
PR010562,09/03/2026,MANDI041,Wheat,2007.57,2275.0,-267.43000000000006,1,-11.75516483516484
PR005260,2026/08/06,MANDI002,Sugarcane,3982.0,3500.0,482.0,0,13.77142857142857
PR005255,2026/04/20,MANDI027,Mustard,6423.0,5650.0,773.0,0,13.681415929203538
PR010524,09.02.2026,MANDI001,Cotton,6620.75,6620.0,0.75,0,0.011329305135951661
PR005116,10/08/2026,MANDI028,Mustard,5992.44,5650.0,342.4399999999996,0,6.060884955752206
PR006109,24.01.2026,,Mustard,5656.0,5650.0,6.0,0,0.10619469026548674
PR005403,19/07/2026,MANDI002,Wheat,2279.3,2275.0,4.300000000000182,0,0.18901098901099703
PR002949,23/01/2026,,REQUIRES_INVESTIGATION,5617.35,5650.0,-32.649999999999636,1,-0.5778761061946839
PR005933,2026-06-25,MANDI045,Cotton,7259.78,6620.0,639.7799999999997,0,9.664350453172203
PR010197,19/08/2026,,Sugarcane,3341.52,3500.0,-158.48000000000002,1,-4.5280000000000005
PR004894,26-Jan-2026,MANDI054,REQUIRES_INVESTIGATION,3583.432660856703,3500.0,83.43266085670302,0,2.383790310191515
PR003222,2026/02/14,MANDI054,Cotton,7303.87,6620.0,683.8699999999999,0,10.330362537764348
PR005253,09/07/2026,MANDI012,REQUIRES_INVESTIGATION,2540.46,2183.0,357.46000000000004,0,16.374713696747598
PR001524,23.03.2026,MANDI019,REQUIRES_INVESTIGATION,3467.97,3500.0,-32.0300000000002,1,-0.9151428571428628
PR005098,2026/05/15,MANDI046,Corn,1972.3277649779109,2090.0,-117.67223502208913,1,-5.630250479525795
PR011500,25/01/2026,MANDI007,Corn,2089.28,2090.0,-0.7199999999997999,1,-0.03444976076554067
PR006384,23/08/2026,MANDI035,Mustard,5136.22,5650.0,-513.7799999999997,1,-9.093451327433625
PR006196,22-Jan-2026,MANDI018,Wheat,2534.0,2275.0,259.0,0,11.384615384615385
PR002019,01-27-2026,MANDI003,Wheat,2503.84,2275.0,228.84000000000015,0,10.058901098901105
PR008682,02-06-2026,MANDI051,Cotton,7337.0,6620.0,717.0,0,10.830815709969789
PR007967,01-Jan-2026,MANDI030,Corn,2104.7069006619718,2090.0,14.706900661971758,0,0.7036794575106105
PR007643,2026-09-02,MANDI011,Sugarcane,3825.83,3500.0,325.8299999999999,0,9.30942857142857
PR005679,03/02/2026,MANDI020,Wheat,2244.19,2275.0,-30.809999999999945,1,-1.3542857142857119
PR011909,27/05/2026,MANDI048,Wheat,2089.87,2275.0,-185.1300000000001,1,-8.137582417582422
PR010323,2026/03/30,MANDI014,Paddy,1968.0,2183.0,-215.0,1,-9.848831882730188
PR007869,2026/03/04,MANDI009,Cotton,7282.659136141401,6620.0,662.6591361414012,0,10.00995673929609
PR001778,2026-07-05,MANDI033,Sugarcane,3306.17,3500.0,-193.82999999999993,1,-5.537999999999998
PR000541,14/04/2026,MANDI004,Paddy,2375.0,2183.0,192.0,0,8.795235913879981
PR011866,2026/05/01,MANDI035,Sugarcane,3686.11,3500.0,186.11000000000013,0,5.317428571428575
PR001586,03-Jun-2026,MANDI031,Sugarcane,3606.82,3500.0,106.82000000000016,0,3.052000000000005
PR004684,2026-08-06,MANDI024,Wheat,2415.87,2275.0,140.8699999999999,0,6.192087912087907
PR010322,07-Aug-2026,MANDI001,Paddy,2079.7,2183.0,-103.30000000000018,1,-4.732020155748978
PR007148,03.09.2026,MANDI028,Cotton,7068.7381603261165,6620.0,448.7381603261165,0,6.778522059306896
PR000095,28.08.2026,MANDI057,Wheat,2201.0,2275.0,-74.0,1,-3.2527472527472527
PR000259,19.01.2026,MANDI046,Mustard,5634.48,5650.0,-15.520000000000437,1,-0.27469026548673336
PR004510,2026-02-20,MANDI010,Mustard,6383.47,5650.0,733.4700000000003,0,12.98176991150443
PR007088,2026/08/29,MANDI052,Cotton,6000.0,6620.0,-620.0,1,-9.365558912386707
PR002860,22/05/2026,MANDI026,Corn,2214.0,2090.0,124.0,0,5.9330143540669855
PR003166,05/03/2026,MANDI046,Corn,2099.33,2090.0,9.329999999999927,0,0.446411483253585
PR007260,03-11-2026,MANDI050,Sugarcane,3596.17,3500.0,96.17000000000007,0,2.7477142857142876
PR009110,2026-07-04,MANDI010,Mustard,5158.85,5650.0,-491.14999999999964,1,-8.692920353982295
PR005090,2026-06-14,,REQUIRES_INVESTIGATION,2134.55,2183.0,-48.44999999999982,1,-2.2194228126431437
PR002728,08.03.2026,MANDI022,Wheat,2230.58,2275.0,-44.42000000000007,1,-1.9525274725274755
PR008423,08-08-2026,MANDI013,Sugarcane,3720.41,3500.0,220.40999999999985,0,6.297428571428568
PR001020,2026/07/29,MANDI037,Paddy,2317.88,2183.0,134.8800000000001,0,6.178653229500692
PR005815,21-Jan-2026,MANDI014,Cotton,6491.05,6620.0,-128.94999999999982,1,-1.9478851963746195
PR009964,2026/06/18,MANDI033,Wheat,2089.84,2275.0,-185.15999999999985,1,-8.138901098901092
PR011574,10/01/2026,MANDI037,Mustard,5772.66,5650.0,122.65999999999985,0,2.170973451327431
PR004044,08-03-2026,MANDI015,Corn,2069.02,2090.0,-20.980000000000018,1,-1.003827751196173
PR005435,13-Jul-2026,,Wheat,2341.52,2275.0,66.51999999999998,0,2.9239560439560432
PR004987,01/07/2026,MANDI010,Mustard,5393.18,5650.0,-256.8199999999997,1,-4.545486725663712
PR006177,2026/07/16,MANDI057,REQUIRES_INVESTIGATION,2030.473887974008,2183.0,-152.526112025992,1,-6.986995511955657
PR000362,2026-05-08,,Sugarcane,3413.0,3500.0,-87.0,1,-2.4857142857142858
PR004237,25.03.2026,MANDI049,Sugarcane,3355.646762382341,3500.0,-144.35323761765903,1,-4.124378217647401
PR004793,03-30-2026,MANDI042,Wheat,2205.48,2275.0,-69.51999999999998,1,-3.055824175824175
PR006827,2026/09/07,,Wheat,2227.63,2275.0,-47.36999999999989,1,-2.0821978021977974
PR010581,2026-04-21,MANDI014,REQUIRES_INVESTIGATION,2137.11,2090.0,47.11000000000013,0,2.2540669856459394
PR001365,14/06/2026,MANDI046,Sugarcane,3275.72,3500.0,-224.2800000000002,1,-6.408000000000006
PR011292,2026-02-08,MANDI004,Paddy,2361.1,2183.0,178.0999999999999,0,8.158497480531375
PR003654,07-Aug-2026,MANDI041,Sugarcane,3419.07,3500.0,-80.92999999999984,1,-2.31228571428571
PR008310,25-Apr-2026,,REQUIRES_INVESTIGATION,2398.0,2183.0,215.0,0,9.848831882730188
PR009772,05-20-2026,MANDI026,Cotton,6328.28,6620.0,-291.72000000000025,1,-4.406646525679762
PR011345,08-29-2026,MANDI037,Corn,2159.67,2090.0,69.67000000000007,0,3.3334928229665106
PR001785,03-Apr-2026,,Paddy,2317.85,2183.0,134.8499999999999,0,6.177278973889139
PR001498,2026/03/19,MANDI054,Paddy,2196.59,2183.0,13.590000000000146,0,0.6225377920293241
PR007013,16-Jul-2026,,Corn,2238.12,2090.0,148.1199999999999,0,7.087081339712914
PR004713,04-01-2026,MANDI024,Wheat,2285.47,2275.0,10.4699999999998,0,0.46021978021977145
PR003117,22/01/2026,MANDI023,Corn,1992.79,2090.0,-97.21000000000004,1,-4.651196172248805
PR003559,2026/02/19,MANDI025,Wheat,2493.301577089794,2275.0,218.30157708979414,0,9.59567371823271
PR007937,2026-08-06,MANDI015,Wheat,2572.56,2275.0,297.55999999999995,0,13.079560439560437
PR006354,02-Aug-2026,MANDI028,Mustard,5954.0,5650.0,304.0,0,5.380530973451327
PR009138,29-May-2026,MANDI038,Mustard,5797.04,5650.0,147.03999999999996,0,2.602477876106194
PR002855,06-27-2026,MANDI045,Cotton,6750.190944745747,6620.0,130.1909447457474,0,1.9666305852831931
PR008293,21.04.2026,,Corn,1998.59,2090.0,-91.41000000000008,1,-4.37368421052632
PR007104,2026/03/17,MANDI044,Sugarcane,3490.15,3500.0,-9.849999999999909,1,-0.28142857142856886
PR000624,06-11-2026,MANDI050,REQUIRES_INVESTIGATION,2519.0,2183.0,336.0,0,15.39166284928997
PR011696,17-May-2026,MANDI036,Mustard,5690.03,5650.0,40.029999999999745,0,0.7084955752212344
PR010006,2026-07-14,MANDI042,Wheat,2436.63,2275.0,161.6300000000001,0,7.10461538461539
PR000983,2026-05-22,MANDI001,Paddy,2263.372718165755,2183.0,80.37271816575503,0,3.681755298477097
PR002433,04.04.2026,MANDI035,Wheat,2193.91,2275.0,-81.09000000000015,1,-3.5643956043956107
PR007073,27/06/2026,MANDI039,Mustard,6178.46,5650.0,528.46,0,9.353274336283187
PR008537,2026-03-09,MANDI044,Sugarcane,3828.0,3500.0,328.0,0,9.37142857142857
PR005114,2026-06-01,MANDI030,Sugarcane,3441.12,3500.0,-58.88000000000011,1,-1.6822857142857175
PR001528,2026/01/22,MANDI015,REQUIRES_INVESTIGATION,2462.0,2183.0,279.0,0,12.780577187356847
PR002228,25-Feb-2026,MANDI012,REQUIRES_INVESTIGATION,3336.0,3500.0,-164.0,1,-4.685714285714285
PR004521,11-Aug-2026,,Sugarcane,3686.48,3500.0,186.48000000000002,0,5.328000000000001
PR010292,02/05/2026,MANDI030,REQUIRES_INVESTIGATION,2137.17,2183.0,-45.82999999999993,1,-2.0994044892349946
PR006650,03-07-2026,MANDI057,Paddy,2279.0,2183.0,96.0,0,4.397617956939991
PR002108,2026/08/11,MANDI040,REQUIRES_INVESTIGATION,5822.0,5650.0,172.0,0,3.0442477876106193
PR000261,14-Jun-2026,MANDI018,Sugarcane,3407.44,3500.0,-92.55999999999995,1,-2.6445714285714272
PR008905,01-03-2026,MANDI039,REQUIRES_INVESTIGATION,2037.0,2183.0,-146.0,1,-6.68804397617957
PR006262,06.02.2026,MANDI001,REQUIRES_INVESTIGATION,2048.66,2183.0,-134.34000000000015,1,-6.153916628492906
PR008104,2026/01/04,MANDI035,Corn,2361.97,2090.0,271.9699999999998,0,13.01291866028707
PR000671,04-23-2026,MANDI043,Corn,2192.12,2090.0,102.11999999999989,0,4.88612440191387
PR008932,24/05/2026,MANDI030,REQUIRES_INVESTIGATION,1973.0,2183.0,-210.0,1,-9.61978928080623
PR011889,2026/06/15,MANDI031,REQUIRES_INVESTIGATION,3698.29,3500.0,198.28999999999996,0,5.665428571428571
PR002615,25/07/2026,MANDI002,Corn,2362.138077628021,2090.0,272.13807762802116,0,13.020960652058427
PR008767,01-Jul-2026,MANDI004,Mustard,5959.21,5650.0,309.21000000000004,0,5.472743362831859
PR011557,14/07/2026,MANDI034,REQUIRES_INVESTIGATION,3419.563904768548,3500.0,-80.43609523145187,1,-2.2981741494700536
PR003759,10-Mar-2026,MANDI041,REQUIRES_INVESTIGATION,2108.27,2090.0,18.269999999999982,0,0.8741626794258365
PR000470,2026-09-07,MANDI048,REQUIRES_INVESTIGATION,2098.05,2090.0,8.050000000000182,0,0.38516746411484126
PR010529,03-27-2026,MANDI040,Corn,1882.5439351740845,2090.0,-207.45606482591552,1,-9.926127503632323
PR010784,01-22-2026,MANDI042,Mustard,6391.78,5650.0,741.7799999999997,0,13.128849557522118
PR011375,09.06.2026,MANDI021,Wheat,2133.0,2275.0,-142.0,1,-6.241758241758242
PR010099,23/04/2026,MANDI033,REQUIRES_INVESTIGATION,2106.57,2090.0,16.570000000000164,0,0.7928229665071849
PR008219,16/07/2026,MANDI041,Cotton,6342.71,6620.0,-277.28999999999996,1,-4.188670694864047
PR010558,09/01/2026,MANDI006,Corn,2046.0,2090.0,-44.0,1,-2.1052631578947367
PR007025,2026-08-07,MANDI045,REQUIRES_INVESTIGATION,6193.37,5650.0,543.3699999999999,0,9.617168141592918
PR008588,2026/09/07,MANDI022,Cotton,7201.23,6620.0,581.2299999999996,0,8.779909365558906
PR010805,2026/05/28,MANDI045,Sugarcane,3610.68,3500.0,110.67999999999984,0,3.16228571428571
PR000698,03-26-2026,MANDI002,Mustard,6124.71,5650.0,474.71000000000004,0,8.401946902654869
PR003471,2026/04/08,MANDI028,Sugarcane,3993.85,3500.0,493.8499999999999,0,14.109999999999998
PR008847,19.07.2026,MANDI020,REQUIRES_INVESTIGATION,4066.92,3500.0,566.9200000000001,0,16.197714285714287
PR010418,10/05/2026,MANDI008,Corn,2245.19,2090.0,155.19000000000005,0,7.425358851674643
PR003277,10.01.2026,MANDI053,Cotton,6443.01,6620.0,-176.98999999999978,1,-2.673564954682776
PR001947,12.08.2026,MANDI019,Cotton,6900.13,6620.0,280.1300000000001,0,4.231570996978854
PR009122,2026/03/14,MANDI008,Sugarcane,3605.44,3500.0,105.44000000000005,0,3.0125714285714302
PR004478,26/02/2026,MANDI051,Cotton,7384.92,6620.0,764.9200000000001,0,11.554682779456195
PR003977,24.01.2026,MANDI025,Corn,1934.83,2090.0,-155.17000000000007,1,-7.4244019138756014
PR011810,2026/06/02,MANDI020,Wheat,2384.9320895772785,2275.0,109.93208957727848,0,4.832179761638614
PR003330,23/04/2026,MANDI041,Paddy,2379.5719710772973,2183.0,196.57197107729735,0,9.004671144173034
PR001788,2026/05/14,MANDI003,Paddy,2422.26,2183.0,239.26000000000022,0,10.960146587265243
PR010358,07/03/2026,MANDI050,Corn,2099.47,2090.0,9.4699999999998,0,0.4531100478468804
PR004737,05-04-2026,MANDI055,REQUIRES_INVESTIGATION,2281.94,2090.0,191.94000000000005,0,9.18373205741627
PR009054,07-25-2026,MANDI034,Wheat,2223.9,2275.0,-51.09999999999991,1,-2.246153846153842
PR001520,07-17-2026,MANDI031,Paddy,2123.0,2183.0,-60.0,1,-2.7485112230874944
PR008904,2026/05/21,MANDI043,Mustard,6514.0,5650.0,864.0,0,15.29203539823009
PR009388,04-02-2026,MANDI016,Corn,1942.51,2090.0,-147.49,1,-7.056937799043063
PR004617,24-Mar-2026,MANDI012,REQUIRES_INVESTIGATION,1938.357505963629,2090.0,-151.6424940363711,1,-7.255621724228282
PR007907,10.08.2026,MANDI019,Cotton,6456.0,6620.0,-164.0,1,-2.4773413897280965
PR011246,25/01/2026,MANDI020,Sugarcane,3948.02,3500.0,448.02,0,12.800571428571427
PR005352,2026/08/04,MANDI002,REQUIRES_INVESTIGATION,1936.86,2183.0,-246.1400000000001,1,-11.275309207512601
PR006989,2026/07/01,,REQUIRES_INVESTIGATION,2505.0,2183.0,322.0,0,14.750343563902884
PR006257,10/05/2026,MANDI039,REQUIRES_INVESTIGATION,2081.67,2090.0,-8.329999999999927,1,-0.3985645933014319
PR011845,2026/05/03,MANDI041,Wheat,2462.35,2275.0,187.3499999999999,0,8.23516483516483
PR009171,11/08/2026,,Wheat,2154.25,2275.0,-120.75,1,-5.3076923076923075
PR008877,17.05.2026,MANDI037,REQUIRES_INVESTIGATION,2212.43,2090.0,122.42999999999984,0,5.8578947368420975
PR004735,29/06/2026,MANDI005,Cotton,6403.51,6620.0,-216.48999999999978,1,-3.270241691842897
PR010285,2026-05-20,MANDI026,REQUIRES_INVESTIGATION,5285.68,5650.0,-364.3199999999997,1,-6.448141592920349
PR010744,03-28-2026,MANDI023,Cotton,6925.05,6620.0,305.0500000000002,0,4.608006042296076
PR007655,04/04/2026,,Wheat,2324.36,2275.0,49.36000000000013,0,2.1696703296703355
PR011233,30.03.2026,MANDI056,Sugarcane,3773.93,3500.0,273.92999999999984,0,7.826571428571424
PR004466,03.04.2026,,Mustard,5526.3,5650.0,-123.69999999999982,1,-2.189380530973448
PR001297,02.02.2026,MANDI025,Wheat,2184.0,2275.0,-91.0,1,-4.0
PR011453,2026-04-28,MANDI016,Cotton,6797.63,6620.0,177.6300000000001,0,2.683232628398793
PR011991,05.03.2026,MANDI044,Paddy,2432.45,2183.0,249.44999999999982,0,11.42693540998625
PR001360,2026-03-22,MANDI042,REQUIRES_INVESTIGATION,1952.98,2090.0,-137.01999999999998,1,-6.555980861244018
PR008193,17/08/2026,MANDI014,REQUIRES_INVESTIGATION,2008.31,2090.0,-81.69000000000005,1,-3.9086124401913906
PR007508,2026-08-27,MANDI025,Mustard,6596.92,5650.0,946.9200000000001,0,16.75964601769912
PR010008,2026/08/20,,Sugarcane,3475.0,3500.0,-25.0,1,-0.7142857142857143
PR002133,03-Mar-2026,MANDI011,Wheat,2363.41,2275.0,88.40999999999985,0,3.88615384615384
PR001442,16-Apr-2026,MANDI042,Paddy,2436.0,2183.0,253.0,0,11.589555657352268
PR001311,19/08/2026,MANDI055,REQUIRES_INVESTIGATION,2005.0070710352295,2183.0,-177.9929289647705,1,-8.153592714831447
PR000656,05-Feb-2026,MANDI022,Corn,1947.69,2090.0,-142.30999999999995,1,-6.809090909090906
PR011674,2026/07/06,MANDI027,Corn,1925.38,2090.0,-164.6199999999999,1,-7.87655502392344
PR009099,2026/02/24,MANDI034,Cotton,7285.71,6620.0,665.71,0,10.056042296072508
PR010310,2026-06-13,MANDI047,Wheat,2500.74,2275.0,225.73999999999978,0,9.922637362637353
PR008011,08-14-2026,MANDI005,Corn,1933.08,2090.0,-156.92000000000007,1,-7.508133971291869
PR010977,23.04.2026,MANDI056,Corn,2127.18,2090.0,37.179999999999836,0,1.7789473684210448
PR004612,27-Jun-2026,MANDI039,Corn,2159.0,2090.0,69.0,0,3.3014354066985647
PR011789,08-30-2026,MANDI019,REQUIRES_INVESTIGATION,1982.29,2090.0,-107.71000000000004,1,-5.153588516746413
PR001047,02.04.2026,MANDI017,Mustard,5646.419649967847,5650.0,-3.580350032152637,1,-0.0633690271177458
PR002620,21.01.2026,MANDI026,Cotton,6066.0,6620.0,-554.0,1,-8.36858006042296
PR008477,27-Mar-2026,MANDI034,Sugarcane,4046.73,3500.0,546.73,0,15.620857142857144
PR008364,2026-01-01,MANDI015,Wheat,2558.0,2275.0,283.0,0,12.43956043956044
PR001581,01-Sep-2026,MANDI025,Corn,2002.65,2090.0,-87.34999999999991,1,-4.1794258373205695
PR000169,2026/02/28,MANDI015,REQUIRES_INVESTIGATION,3529.53,3500.0,29.5300000000002,0,0.8437142857142914
PR006362,03-23-2026,MANDI056,Mustard,6072.0,5650.0,422.0,0,7.469026548672566
PR002380,2026/04/27,MANDI006,Mustard,6118.01,5650.0,468.0100000000002,0,8.283362831858412
PR001488,01/02/2026,MANDI007,Sugarcane,3408.92,3500.0,-91.07999999999993,1,-2.602285714285712
PR004634,10/01/2026,,Mustard,5330.64,5650.0,-319.3599999999997,1,-5.652389380530968
PR005219,2026-01-02,MANDI002,Sugarcane,3333.525062273998,3500.0,-166.47493772600183,1,-4.756426792171481
PR010728,2026/07/21,MANDI018,Wheat,2568.59,2275.0,293.59000000000015,0,12.90505494505495
PR002519,2026/07/21,MANDI043,Cotton,6746.83,6620.0,126.82999999999993,0,1.9158610271903311
PR006166,2026/09/09,MANDI014,Mustard,5358.87,5650.0,-291.1300000000001,1,-5.152743362831861
PR011196,11/05/2026,MANDI017,Corn,2061.0,2090.0,-29.0,1,-1.38755980861244
PR009192,2026-05-09,MANDI034,Paddy,2392.0,2183.0,209.0,0,9.573980760421438
PR000076,2026-03-12,MANDI035,Mustard,5767.7038100475165,5650.0,117.70381004751653,0,2.0832532751772836
PR010124,03.07.2026,MANDI036,REQUIRES_INVESTIGATION,2206.0,2090.0,116.0,0,5.55023923444976
PR010875,2026/07/09,MANDI053,Wheat,2397.13,2275.0,122.13000000000011,0,5.368351648351653
PR002416,08-15-2026,MANDI002,Wheat,2322.81,2275.0,47.809999999999945,0,2.101538461538459
PR002491,15/06/2026,MANDI021,Corn,1975.0,2090.0,-115.0,1,-5.502392344497608
PR011497,15/01/2026,MANDI030,Mustard,5129.208231076435,5650.0,-520.7917689235646,1,-9.21755343227548
PR009714,2026/03/25,MANDI001,Sugarcane,3485.49,3500.0,-14.510000000000218,1,-0.4145714285714348
PR000824,08-29-2026,MANDI025,REQUIRES_INVESTIGATION,2188.995525674727,2183.0,5.995525674727105,0,0.27464616008827786
PR003896,01-05-2026,MANDI003,Corn,2230.27,2090.0,140.26999999999998,0,6.711483253588516
PR009463,2026-02-07,MANDI045,Corn,2062.36,2090.0,-27.639999999999873,1,-1.322488038277506
PR007289,21/08/2026,MANDI033,Sugarcane,4007.82,3500.0,507.82000000000016,0,14.509142857142862
PR000250,05-17-2026,MANDI036,Cotton,7060.088880584394,6620.0,440.08888058439425,0,6.647868286773327
PR010868,2026/06/10,MANDI023,Mustard,5397.12,5650.0,-252.8800000000001,1,-4.4757522123893825
PR008356,2026-01-17,MANDI014,REQUIRES_INVESTIGATION,6202.31,5650.0,552.3100000000004,0,9.775398230088502
PR004685,06-01-2026,MANDI004,REQUIRES_INVESTIGATION,3597.5886730294324,3500.0,97.58867302943236,0,2.7882478008409244
PR011819,04-23-2026,MANDI045,Wheat,2233.28,2275.0,-41.7199999999998,1,-1.833846153846145
PR004541,2026-02-21,MANDI021,REQUIRES_INVESTIGATION,2253.054325318163,2183.0,70.05432531816314,0,3.2090849893798965
PR000664,10/06/2026,MANDI006,Sugarcane,3429.0,3500.0,-71.0,1,-2.0285714285714285
PR001981,01-23-2026,MANDI019,REQUIRES_INVESTIGATION,2226.22,2090.0,136.2199999999998,0,6.517703349282288
PR002821,2026-06-09,MANDI057,Mustard,5293.0,5650.0,-357.0,1,-6.31858407079646
PR006848,2026/01/18,MANDI009,Sugarcane,3464.31,3500.0,-35.690000000000055,1,-1.0197142857142873
PR007190,03-19-2026,,Wheat,2106.57,2275.0,-168.42999999999984,1,-7.4035164835164755
PR006777,10-Aug-2026,MANDI056,Cotton,6583.9,6620.0,-36.100000000000364,1,-0.5453172205438122
PR003023,04/09/2026,MANDI033,Sugarcane,3257.98,3500.0,-242.01999999999998,1,-6.914857142857142
PR006874,03-23-2026,MANDI032,Mustard,5407.64,5650.0,-242.35999999999967,1,-4.2895575221238875
PR004817,02.07.2026,MANDI012,Sugarcane,3191.22,3500.0,-308.7800000000002,1,-8.82228571428572
PR004833,21.07.2026,MANDI034,Wheat,2180.12,2275.0,-94.88000000000011,1,-4.170549450549455
PR001404,21.03.2026,MANDI030,Corn,2272.44,2090.0,182.44000000000005,0,8.729186602870815
PR009056,2026/07/09,MANDI036,Cotton,7325.24,6620.0,705.2399999999998,0,10.653172205438063
PR002639,21/08/2026,,Sugarcane,3351.4722426099065,3500.0,-148.52775739009348,1,-4.243650211145528
PR004313,2026/03/19,MANDI033,Corn,1921.0,2090.0,-169.0,1,-8.086124401913876
PR009319,14/05/2026,MANDI052,Corn,2068.39,2090.0,-21.610000000000127,1,-1.0339712918660349
PR005716,30/03/2026,MANDI028,Cotton,6364.08,6620.0,-255.92000000000007,1,-3.8658610271903338
PR007311,15/05/2026,MANDI013,REQUIRES_INVESTIGATION,2072.33,2090.0,-17.670000000000073,1,-0.8454545454545489
PR010866,23.05.2026,,Corn,2341.3530550805945,2090.0,251.35305508059446,0,12.026461965578681
PR008581,2026-02-04,,Paddy,2394.404811079956,2183.0,211.40481107995583,0,9.684141597799167
PR010657,09/04/2026,MANDI051,Wheat,2320.03,2275.0,45.0300000000002,0,1.9793406593406682
PR003095,2026-06-09,MANDI002,Wheat,2456.25,2275.0,181.25,0,7.967032967032966
PR000772,01-14-2026,MANDI037,Wheat,2500.7081730012005,2275.0,225.70817300120052,0,9.921238373679143
PR011994,10.07.2026,MANDI033,Paddy,2221.74,2183.0,38.73999999999978,0,1.7746220797068155
PR002771,12-Apr-2026,MANDI038,Cotton,7049.0,6620.0,429.0,0,6.48036253776435
PR006628,08-06-2026,MANDI049,REQUIRES_INVESTIGATION,3567.44,3500.0,67.44000000000005,0,1.9268571428571444
PR002002,11-Jan-2026,MANDI042,Corn,1967.0,2090.0,-123.0,1,-5.885167464114833
PR009272,2026-02-03,MANDI017,Mustard,5188.68,5650.0,-461.3199999999997,1,-8.164955752212384
PR002393,17.05.2026,MANDI036,Wheat,2132.11,2275.0,-142.88999999999987,1,-6.280879120879115
PR010550,2026-03-26,MANDI006,Cotton,7111.64235879425,6620.0,491.64235879424996,0,7.426621734052115
PR000486,11/01/2026,MANDI039,Sugarcane,3182.505714170637,3500.0,-317.494285829363,1,-9.071265309410371
PR009187,08-Feb-2026,MANDI056,Mustard,5052.29,5650.0,-597.71,1,-10.578938053097346
PR005833,01/01/2026,MANDI023,Mustard,5358.18,5650.0,-291.8199999999997,1,-5.164955752212384
PR010539,06-07-2026,MANDI053,Wheat,2310.94,2275.0,35.940000000000055,0,1.5797802197802222
PR000031,15.08.2026,MANDI057,Mustard,6451.75,5650.0,801.75,0,14.190265486725664
PR007083,26.07.2026,MANDI021,Mustard,6122.08,5650.0,472.0799999999999,0,8.355398230088493
PR000625,21-Jan-2026,MANDI042,Sugarcane,3786.06,3500.0,286.05999999999995,0,8.173142857142855
PR001283,10/06/2026,MANDI033,Paddy,2073.4,2183.0,-109.59999999999991,1,-5.020613834173152
PR008700,07-Jul-2026,MANDI047,Mustard,5535.27,5650.0,-114.72999999999956,1,-2.030619469026541
PR002551,2026/08/13,,REQUIRES_INVESTIGATION,5471.83,5650.0,-178.17000000000007,1,-3.1534513274336295
PR004405,23-Jul-2026,MANDI024,REQUIRES_INVESTIGATION,6619.0,5650.0,969.0,0,17.15044247787611
PR000589,03-30-2026,MANDI015,Cotton,6109.02,6620.0,-510.97999999999956,1,-7.718731117824768
PR009806,19-May-2026,MANDI019,REQUIRES_INVESTIGATION,2315.41,2183.0,132.40999999999985,0,6.065506184150245
PR002581,04/03/2026,MANDI017,Wheat,2480.46,2275.0,205.46000000000004,0,9.031208791208794
PR001896,18/07/2026,,REQUIRES_INVESTIGATION,1952.32,2090.0,-137.68000000000006,1,-6.587559808612443
PR000924,2026-06-26,MANDI018,REQUIRES_INVESTIGATION,2378.75,2183.0,195.75,0,8.96701786532295
PR009991,2026-01-22,MANDI035,Mustard,5777.0,5650.0,127.0,0,2.247787610619469
PR010684,17-Apr-2026,MANDI046,REQUIRES_INVESTIGATION,5950.41,5650.0,300.40999999999985,0,5.316991150442475
PR007469,2026-05-20,MANDI054,Wheat,2345.71,2275.0,70.71000000000004,0,3.1081318681318697
PR005409,2026/01/30,MANDI037,Cotton,7131.16,6620.0,511.15999999999985,0,7.721450151057399
PR011009,2026-06-02,MANDI004,Corn,2149.4183013856286,2090.0,59.41830138562864,0,2.8429809275420403
PR006877,2026-03-31,MANDI032,Corn,1919.0,2090.0,-171.0,1,-8.181818181818182
PR006703,08-04-2026,MANDI013,Corn,2182.63,2090.0,92.63000000000011,0,4.432057416267948
PR006261,21/01/2026,MANDI043,Sugarcane,3949.1,3500.0,449.0999999999999,0,12.83142857142857
PR007365,2026-02-09,MANDI017,Corn,2218.84,2090.0,128.84000000000015,0,6.1645933014354135
PR001212,03-01-2026,MANDI025,REQUIRES_INVESTIGATION,2131.18,2183.0,-51.820000000000164,1,-2.373797526339907
PR004591,18-Jan-2026,MANDI049,Corn,2119.28,2090.0,29.2800000000002,0,1.4009569377990525
PR004558,2026/07/01,MANDI057,Corn,1943.988790537892,2090.0,-146.0112094621079,1,-6.986182270914254
PR007053,10/03/2026,MANDI055,REQUIRES_INVESTIGATION,2194.92,2183.0,11.920000000000073,0,0.5460375629867189
PR003300,2026/03/24,MANDI029,REQUIRES_INVESTIGATION,2119.0857107342417,2090.0,29.08571073424173,0,1.3916608006814224
PR003717,2026/05/24,MANDI017,Cotton,6565.82,6620.0,-54.18000000000029,1,-0.8184290030211525
PR002732,2026/01/08,,Cotton,6263.68,6620.0,-356.3199999999997,1,-5.382477341389723
PR008211,2026/08/23,MANDI010,Paddy,2357.95785861224,2183.0,174.95785861224022,0,8.014560632718288
PR006391,22.07.2026,MANDI034,Wheat,2605.0,2275.0,330.0,0,14.505494505494507
PR003417,2026/04/07,MANDI046,Sugarcane,3527.0,3500.0,27.0,0,0.7714285714285715
PR011747,28-Jan-2026,,Sugarcane,3231.83,3500.0,-268.1700000000001,1,-7.662000000000003
PR009704,05-14-2026,MANDI035,REQUIRES_INVESTIGATION,3528.0,3500.0,28.0,0,0.8
PR003338,12-Feb-2026,MANDI003,Cotton,6001.31,6620.0,-618.6899999999996,1,-9.34577039274924
PR001284,17.02.2026,MANDI037,Mustard,6204.11,5650.0,554.1099999999997,0,9.807256637168136
PR003963,2026-07-08,MANDI002,Cotton,6370.92,6620.0,-249.07999999999993,1,-3.7625377643504523
PR005083,21/06/2026,MANDI022,Mustard,5714.041535351371,5650.0,64.04153535137084,0,1.1334785017941742
PR008686,2026/01/01,MANDI057,Corn,2243.98,2090.0,153.98000000000002,0,7.367464114832536
PR011710,27/07/2026,MANDI056,REQUIRES_INVESTIGATION,2395.0,2183.0,212.0,0,9.711406321575813
PR003615,27/02/2026,MANDI049,Cotton,6544.0,6620.0,-76.0,1,-1.148036253776435
PR009214,05.07.2026,MANDI005,REQUIRES_INVESTIGATION,2195.0,2183.0,12.0,0,0.5497022446174988
PR011449,19.05.2026,MANDI032,Wheat,2137.51,2275.0,-137.48999999999978,1,-6.043516483516474
PR002026,2026-04-04,MANDI047,Mustard,5552.72,5650.0,-97.27999999999975,1,-1.7217699115044203
PR005642,21/06/2026,,REQUIRES_INVESTIGATION,2177.0,2183.0,-6.0,1,-0.2748511223087494
PR002242,03-02-2026,MANDI043,REQUIRES_INVESTIGATION,5168.54,5650.0,-481.46000000000004,1,-8.52141592920354
PR009165,03.03.2026,MANDI006,Mustard,6012.0,5650.0,362.0,0,6.407079646017699
PR010560,2026-09-03,MANDI032,Cotton,7139.55,6620.0,519.5500000000002,0,7.8481873111782505
PR002143,14/02/2026,MANDI029,Wheat,2129.5,2275.0,-145.5,1,-6.395604395604396
PR007280,2026-02-26,,Mustard,5913.0,5650.0,263.0,0,4.654867256637168
PR008635,04-16-2026,MANDI057,Mustard,6267.91,5650.0,617.9099999999999,0,10.936460176991147
PR000685,04.04.2026,MANDI017,Cotton,6740.64,6620.0,120.64000000000033,0,1.822356495468283
PR005145,2026/07/18,MANDI037,Sugarcane,3770.6,3500.0,270.5999999999999,0,7.731428571428569
PR003673,06-07-2026,MANDI052,Cotton,6538.95,6620.0,-81.05000000000018,1,-1.2243202416918457
PR010652,17.08.2026,MANDI041,REQUIRES_INVESTIGATION,3882.1227627196376,3500.0,382.12276271963765,0,10.917793220561075
PR006799,14.01.2026,MANDI027,Wheat,2565.18,2275.0,290.17999999999984,0,12.755164835164829
PR002468,25/01/2026,MANDI032,REQUIRES_INVESTIGATION,3621.0,3500.0,121.0,0,3.4571428571428573
PR011134,06-Aug-2026,MANDI010,Cotton,6790.0,6620.0,170.0,0,2.56797583081571
PR003464,28.04.2026,MANDI008,Corn,2210.53,2090.0,120.5300000000002,0,5.7669856459330235
PR001440,02-03-2026,MANDI020,Mustard,6164.89,5650.0,514.8900000000003,0,9.113097345132749
PR010844,21.02.2026,MANDI024,Wheat,2525.47,2275.0,250.4699999999998,0,11.009670329670321
PR005354,2026/06/09,MANDI030,Cotton,6232.34,6620.0,-387.65999999999985,1,-5.855891238670693
PR001847,2026-08-26,MANDI027,Mustard,6201.93,5650.0,551.9300000000003,0,9.768672566371686
PR000257,02.04.2026,MANDI039,REQUIRES_INVESTIGATION,5322.0,5650.0,-328.0,1,-5.8053097345132745
PR003965,07-12-2026,MANDI025,REQUIRES_INVESTIGATION,2135.0,2090.0,45.0,0,2.15311004784689
PR008978,2026-06-17,MANDI024,REQUIRES_INVESTIGATION,3680.64,3500.0,180.63999999999987,0,5.1611428571428535
PR007287,30-Jun-2026,MANDI047,Wheat,2387.14,2275.0,112.13999999999987,0,4.929230769230763
PR009432,03-31-2026,MANDI035,Mustard,5280.79,5650.0,-369.21000000000004,1,-6.534690265486727
PR000640,16.04.2026,MANDI051,Cotton,6750.41,6620.0,130.40999999999985,0,1.9699395770392727
PR007534,17/02/2026,MANDI053,Sugarcane,3202.1,3500.0,-297.9000000000001,1,-8.511428571428574
PR008261,2026-03-25,,Corn,2154.02,2090.0,64.01999999999998,0,3.0631578947368414
PR008691,09-Jul-2026,MANDI038,Wheat,2354.36,2275.0,79.36000000000013,0,3.4883516483516543
PR001715,15-Apr-2026,MANDI040,Cotton,6960.86,6620.0,340.8599999999997,0,5.148942598187306
PR005211,2026/04/16,MANDI051,Wheat,2366.12,2275.0,91.11999999999989,0,4.00527472527472
PR003819,2026/05/08,MANDI021,REQUIRES_INVESTIGATION,2219.0,2183.0,36.0,0,1.6491067338524967
PR007094,07/09/2026,MANDI025,Corn,2001.38,2090.0,-88.61999999999989,1,-4.240191387559803
PR003612,03/07/2026,,Mustard,5348.28,5650.0,-301.72000000000025,1,-5.340176991150447
PR011670,22/08/2026,MANDI049,Mustard,5406.53,5650.0,-243.47000000000025,1,-4.309203539823013
PR004830,07-02-2026,,Wheat,2446.080979408024,2275.0,171.08097940802418,0,7.520043050902162
PR009878,2026-05-17,MANDI014,Sugarcane,3594.71,3500.0,94.71000000000004,0,2.7060000000000013
PR002868,2026-05-28,MANDI003,Wheat,2434.609471021343,2275.0,159.60947102134287,0,7.015800924015071
PR011090,09/07/2026,MANDI054,Wheat,2047.7,2275.0,-227.29999999999995,1,-9.99120879120879
PR001059,18/04/2026,MANDI004,REQUIRES_INVESTIGATION,2343.22,2183.0,160.2199999999998,0,7.339441136051296
PR009044,2026-01-16,MANDI039,Cotton,7222.32,6620.0,602.3199999999997,0,9.09848942598187
PR010005,29/08/2026,MANDI030,Cotton,6844.67,6620.0,224.67000000000007,0,3.3938066465256806
PR003183,14/03/2026,MANDI045,Corn,2394.2585118304733,2090.0,304.25851183047325,0,14.557823532558528
PR000652,04/09/2026,MANDI002,Cotton,7211.86,6620.0,591.8599999999997,0,8.940483383685796
PR009273,2026-06-17,MANDI015,REQUIRES_INVESTIGATION,2365.39,2183.0,182.38999999999987,0,8.35501603298213
PR008154,02-19-2026,,Sugarcane,3767.24,3500.0,267.2399999999998,0,7.635428571428565
PR004544,2026-06-08,MANDI048,REQUIRES_INVESTIGATION,2067.56,2183.0,-115.44000000000005,1,-5.288135593220342
PR009441,21/07/2026,MANDI003,Paddy,2170.087430629306,2183.0,-12.9125693706942,1,-0.5915056972374806
PR007620,01-19-2026,MANDI040,REQUIRES_INVESTIGATION,2210.25,2090.0,120.25,0,5.753588516746412
PR003602,04.05.2026,MANDI002,REQUIRES_INVESTIGATION,2187.19,2183.0,4.190000000000055,0,0.19193770041227917
PR011657,24/05/2026,MANDI002,Corn,2212.4,2090.0,122.40000000000009,0,5.8564593301435455
PR007840,2026-09-01,MANDI016,REQUIRES_INVESTIGATION,2252.12,2183.0,69.11999999999989,0,3.1662849289967885
PR009988,20/04/2026,MANDI041,Mustard,5629.0,5650.0,-21.0,1,-0.37168141592920356
PR006823,03.02.2026,,Wheat,2183.564937861553,2275.0,-91.43506213844694,1,-4.019123610481183
PR005557,2026-05-07,MANDI028,Sugarcane,3405.09,3500.0,-94.90999999999985,1,-2.7117142857142817
PR011797,2026/08/28,MANDI050,Cotton,7220.0,6620.0,600.0,0,9.06344410876133
PR000992,2026/02/05,MANDI046,Cotton,6984.91,6620.0,364.90999999999985,0,5.512235649546826
PR009763,08-Jan-2026,,REQUIRES_INVESTIGATION,2395.86,2183.0,212.86000000000013,0,9.750801649106739
PR000866,2026/08/27,MANDI049,Corn,2076.59,2090.0,-13.409999999999854,1,-0.6416267942583663
PR006956,06-05-2026,MANDI002,Mustard,5752.04,5650.0,102.03999999999996,0,1.8060176991150436
PR005491,03-Feb-2026,,Corn,2294.0,2090.0,204.0,0,9.760765550239233
PR002690,04-Jan-2026,MANDI008,Mustard,5651.0,5650.0,1.0,0,0.017699115044247787
PR005998,01-20-2026,MANDI028,REQUIRES_INVESTIGATION,5170.663184856179,5650.0,-479.3368151438208,1,-8.483837436173818
PR007245,30/07/2026,MANDI010,Sugarcane,3123.81,3500.0,-376.19000000000005,1,-10.748285714285716
PR000176,22/03/2026,MANDI055,Sugarcane,3318.065179320653,3500.0,-181.934820679347,1,-5.19813773369563
PR003923,30-Jul-2026,,REQUIRES_INVESTIGATION,2224.99,2183.0,41.98999999999978,0,1.9234997709573882
PR005360,06.07.2026,MANDI022,REQUIRES_INVESTIGATION,2020.585084175788,2183.0,-162.4149158242119,1,-7.439986982327618
PR004918,01/06/2026,MANDI043,Corn,2249.6969137929946,2090.0,159.69691379299456,0,7.641000659951894
PR011405,30.03.2026,MANDI017,Sugarcane,3170.61,3500.0,-329.3899999999999,1,-9.411142857142854
PR003377,01-29-2026,MANDI056,Wheat,2217.04,2275.0,-57.960000000000036,1,-2.547692307692309
PR006524,2026-08-17,MANDI004,Sugarcane,3426.86,3500.0,-73.13999999999987,1,-2.0897142857142823
PR004352,2026/06/29,MANDI048,REQUIRES_INVESTIGATION,2291.9505053882594,2090.0,201.95050538825944,0,9.662703607093754
PR003332,30.05.2026,,Paddy,2240.63,2183.0,57.63000000000011,0,2.6399450297755434
PR009347,08-06-2026,MANDI002,Corn,2331.17,2090.0,241.17000000000007,0,11.539234449760768
PR009548,05.01.2026,MANDI045,Corn,1992.41,2090.0,-97.58999999999992,1,-4.669377990430618
PR009343,23.07.2026,MANDI039,Cotton,6937.0,6620.0,317.0,0,4.788519637462236
PR000714,2026-06-14,MANDI009,Wheat,2126.0,2275.0,-149.0,1,-6.54945054945055
PR002521,2026/02/24,MANDI046,Wheat,2165.82,2275.0,-109.17999999999984,1,-4.7991208791208715
PR001040,13/08/2026,MANDI035,Wheat,2157.82,2275.0,-117.17999999999984,1,-5.150769230769224
PR010259,20-Jan-2026,MANDI043,Sugarcane,3447.43,3500.0,-52.570000000000164,1,-1.5020000000000047
PR005801,05-23-2026,MANDI049,Cotton,7306.96,6620.0,686.96,0,10.377039274924472
PR008379,2026/05/18,MANDI020,Wheat,2447.241178979527,2275.0,172.24117897952692,0,7.571040834264919
PR003510,14/03/2026,MANDI020,Mustard,5791.0,5650.0,141.0,0,2.495575221238938
PR009364,03-07-2026,MANDI053,REQUIRES_INVESTIGATION,2430.94,2183.0,247.94000000000005,0,11.357764544205224
PR008992,03-19-2026,,Cotton,6458.15,6620.0,-161.85000000000036,1,-2.444864048338374
PR007813,12-Aug-2026,,Paddy,2090.04,2183.0,-92.96000000000004,1,-4.258360054970226
PR006186,01-27-2026,MANDI007,Wheat,2355.0,2275.0,80.0,0,3.5164835164835164
PR003590,08-28-2026,MANDI024,Wheat,2476.59,2275.0,201.59000000000015,0,8.861098901098908
PR008322,19.01.2026,MANDI043,Wheat,2384.0,2275.0,109.0,0,4.791208791208791
PR006817,17/08/2026,MANDI027,Mustard,5578.09,5650.0,-71.90999999999985,1,-1.2727433628318559
PR005562,03.07.2026,,REQUIRES_INVESTIGATION,5233.94,5650.0,-416.0600000000004,1,-7.363893805309742
PR008652,23.05.2026,MANDI015,Cotton,6156.46,6620.0,-463.53999999999996,1,-7.002114803625377
PR010499,11-Feb-2026,,Sugarcane,3558.14,3500.0,58.13999999999987,0,1.6611428571428535
PR002299,11/01/2026,MANDI002,Corn,2204.36,2090.0,114.36000000000013,0,5.471770334928236
PR006413,23/07/2026,MANDI022,REQUIRES_INVESTIGATION,2209.6,2090.0,119.59999999999991,0,5.722488038277508
PR002630,29-Aug-2026,MANDI046,Cotton,6968.32,6620.0,348.3199999999997,0,5.261631419939572
PR005148,31/01/2026,MANDI032,Corn,2113.0,2090.0,23.0,0,1.1004784688995215
PR011135,25.06.2026,MANDI050,REQUIRES_INVESTIGATION,2144.8911117176917,2183.0,-38.10888828230827,1,-1.7457117857218631
PR003511,01.09.2026,MANDI025,REQUIRES_INVESTIGATION,1966.0,2183.0,-217.0,1,-9.94044892349977
PR011806,07-13-2026,MANDI026,Cotton,7180.1,6620.0,560.1000000000004,0,8.460725075528707
PR011918,17/07/2026,MANDI018,Paddy,2302.0,2183.0,119.0,0,5.4512139257901975
PR010839,17-Feb-2026,MANDI026,Cotton,6560.12,6620.0,-59.88000000000011,1,-0.9045317220543824
PR005973,29/04/2026,MANDI043,REQUIRES_INVESTIGATION,2152.88,2183.0,-30.11999999999989,1,-1.379752633989917
PR007168,08-Jul-2026,MANDI006,Sugarcane,3150.73,3500.0,-349.27,1,-9.979142857142858
PR007387,2026-02-25,MANDI028,Wheat,2299.94,2275.0,24.940000000000055,0,1.0962637362637386
PR005841,2026/06/17,MANDI039,Cotton,6516.0,6620.0,-104.0,1,-1.570996978851964
PR007457,2026/01/11,MANDI010,Corn,2274.89,2090.0,184.88999999999987,0,8.846411483253583
PR009666,16-Jan-2026,MANDI018,REQUIRES_INVESTIGATION,2381.71,2090.0,291.71000000000004,0,13.957416267942586
PR009059,16.07.2026,MANDI028,Cotton,7278.0,6620.0,658.0,0,9.939577039274925
PR008328,2026-01-24,,Cotton,6803.46,6620.0,183.46000000000004,0,2.7712990936555895
PR007291,2026/02/20,MANDI006,Cotton,6479.971606473403,6620.0,-140.02839352659703,1,-2.1152325306132482
PR008005,04/06/2026,,Paddy,2445.427503546747,2183.0,262.4275035467472,0,12.02141564575113
PR006447,26/05/2026,MANDI023,Wheat,2306.19,2275.0,31.190000000000055,0,1.3709890109890135
PR010936,06-10-2026,MANDI028,Mustard,5744.61,5650.0,94.60999999999967,0,1.6745132743362774
PR005319,14.05.2026,MANDI010,Wheat,2422.0070941510457,2275.0,147.00709415104575,0,6.461850292353659
PR000274,05-21-2026,,Cotton,7533.65,6620.0,913.6499999999996,0,13.80135951661631
PR005094,2026/05/07,MANDI050,Mustard,5170.83,5650.0,-479.1700000000001,1,-8.480884955752213
PR010446,2026-05-02,MANDI039,Cotton,6759.62,6620.0,139.6199999999999,0,2.10906344410876
PR003596,2026/09/06,MANDI046,Mustard,6223.96,5650.0,573.96,0,10.158584070796461
PR011543,04.06.2026,MANDI021,REQUIRES_INVESTIGATION,3439.0,3500.0,-61.0,1,-1.7428571428571429
PR008494,2026/03/16,MANDI011,REQUIRES_INVESTIGATION,2177.914335602605,2090.0,87.9143356026052,0,4.2064275407945075
PR008392,2026/08/16,MANDI040,Wheat,2450.2457361436145,2275.0,175.24573614361452,0,7.703109281038001
PR003450,2026/03/05,MANDI035,Wheat,2418.33,2275.0,143.32999999999993,0,6.300219780219778
PR009959,27-Jan-2026,MANDI002,Cotton,6748.0,6620.0,128.0,0,1.9335347432024168
PR007164,11-Feb-2026,MANDI035,Wheat,2147.84,2275.0,-127.15999999999985,1,-5.589450549450543
PR005804,2026-02-03,MANDI007,REQUIRES_INVESTIGATION,2238.0,2090.0,148.0,0,7.081339712918661
PR000610,05.09.2026,MANDI053,Cotton,6623.12,6620.0,3.119999999999891,0,0.04712990936555726
PR005997,2026-04-02,MANDI012,Mustard,6334.78,5650.0,684.7799999999997,0,12.119999999999996
PR010354,03/05/2026,MANDI047,Cotton,6729.82,6620.0,109.81999999999971,0,1.6589123867069442
PR008587,24-Apr-2026,MANDI016,Corn,1953.85,2090.0,-136.1500000000001,1,-6.51435406698565
PR004841,11/07/2026,MANDI042,Mustard,5729.08,5650.0,79.07999999999993,0,1.3996460176991137
PR006370,21/06/2026,MANDI039,REQUIRES_INVESTIGATION,3602.6975946972784,3500.0,102.69759469727842,0,2.9342169913508123
PR003969,07-21-2026,MANDI005,Cotton,6402.179305683432,6620.0,-217.82069431656782,1,-3.290342814449665
PR000670,02-13-2026,MANDI042,Cotton,6584.4313280426095,6620.0,-35.56867195739051,1,-0.5372911171811254
PR011814,09-02-2026,MANDI055,Paddy,2314.8,2183.0,131.80000000000018,0,6.037562986715537
PR000502,24/07/2026,MANDI033,Cotton,7427.480790891343,6620.0,807.4807908913426,0,12.19759502857013
PR002940,2026/04/25,MANDI033,REQUIRES_INVESTIGATION,2023.0,2183.0,-160.0,1,-7.329363261566652
PR005520,06-27-2026,MANDI023,Sugarcane,3719.47,3500.0,219.4699999999998,0,6.270571428571422
PR011157,24/05/2026,MANDI030,Sugarcane,3197.74,3500.0,-302.2600000000002,1,-8.636000000000006
PR009736,03-05-2026,MANDI056,Mustard,6188.13,5650.0,538.1300000000001,0,9.524424778761063
PR003331,01-27-2026,MANDI015,REQUIRES_INVESTIGATION,3587.86,3500.0,87.86000000000013,0,2.5102857142857182
PR009918,25-Feb-2026,MANDI021,Sugarcane,3520.73,3500.0,20.730000000000018,0,0.5922857142857149
PR005016,04/05/2026,MANDI014,Corn,2107.02,2090.0,17.019999999999982,0,0.814354066985645
PR002916,15.08.2026,MANDI001,Sugarcane,3544.46,3500.0,44.460000000000036,0,1.2702857142857154
PR006553,2026-01-11,MANDI005,Paddy,2242.4250483533638,2183.0,59.42504835336376,0,2.7221735388622887
PR008255,27-Apr-2026,MANDI043,Wheat,2107.0,2275.0,-168.0,1,-7.384615384615385
PR009503,09/04/2026,MANDI007,Wheat,2533.2,2275.0,258.1999999999998,0,11.349450549450541
PR007247,20.06.2026,,REQUIRES_INVESTIGATION,2217.5198309810826,2183.0,34.51983098108258,0,1.5813023811764808
PR007014,01-03-2026,MANDI057,REQUIRES_INVESTIGATION,2150.58,2183.0,-32.42000000000007,1,-1.485112230874946
PR007837,2026-05-17,MANDI008,Mustard,5052.08,5650.0,-597.9200000000001,1,-10.582654867256638
PR011800,26-May-2026,MANDI012,Wheat,2256.18,2275.0,-18.820000000000164,1,-0.8272527472527544
PR003696,30-Aug-2026,,Wheat,2399.16,2275.0,124.15999999999985,0,5.457582417582412
PR010970,03-05-2026,MANDI033,REQUIRES_INVESTIGATION,3753.0,3500.0,253.0,0,7.228571428571429
PR011622,25/05/2026,MANDI049,REQUIRES_INVESTIGATION,2361.36,2183.0,178.36000000000013,0,8.17040769583143
PR006011,2026/02/17,MANDI016,REQUIRES_INVESTIGATION,2218.09,2090.0,128.09000000000015,0,6.1287081339712985
PR004488,13/05/2026,MANDI044,Cotton,7306.465295267262,6620.0,686.4652952672623,0,10.369566393765291
PR011673,02-02-2026,MANDI019,Paddy,1961.0,2183.0,-222.0,1,-10.16949152542373
PR002897,2026-05-22,MANDI047,REQUIRES_INVESTIGATION,2246.42,2183.0,63.42000000000007,0,2.9051763628034846
PR002303,2026-04-23,MANDI047,Mustard,5451.0,5650.0,-199.0,1,-3.5221238938053094
PR008115,14.06.2026,MANDI004,Sugarcane,3296.42,3500.0,-203.57999999999993,1,-5.816571428571427
PR002704,15.02.2026,MANDI016,Corn,2140.85,2090.0,50.84999999999991,0,2.433014354066981
PR007986,06-07-2026,MANDI052,Wheat,2378.47,2275.0,103.4699999999998,0,4.548131868131859
PR000340,22-Apr-2026,MANDI045,Paddy,2402.21,2183.0,219.21000000000004,0,10.041685753550162
PR002686,2026-09-04,MANDI008,Mustard,5426.0,5650.0,-224.0,1,-3.9646017699115044
PR008291,07-23-2026,MANDI012,REQUIRES_INVESTIGATION,2334.13,2183.0,151.1300000000001,0,6.923041685753555
PR000475,24-Feb-2026,MANDI037,REQUIRES_INVESTIGATION,1988.81,2183.0,-194.19000000000005,1,-8.89555657352268
PR010478,2026-06-03,MANDI015,Sugarcane,3551.33,3500.0,51.32999999999993,0,1.4665714285714264
PR009334,2026-03-24,MANDI021,Wheat,2440.25,2275.0,165.25,0,7.263736263736263
PR009770,2026-06-03,MANDI031,Wheat,2361.27,2275.0,86.26999999999998,0,3.792087912087911
PR006099,19-May-2026,MANDI039,Wheat,2534.0725356537014,2275.0,259.0725356537014,0,11.387803764997862
PR002472,14/03/2026,MANDI001,Corn,1945.84,2090.0,-144.16000000000008,1,-6.897607655502397
PR007419,03.04.2026,MANDI046,Corn,2015.94,2090.0,-74.05999999999995,1,-3.543540669856457
PR011977,18/03/2026,MANDI052,Wheat,2657.0,2275.0,382.0,0,16.791208791208792
PR011607,2026-08-01,MANDI010,Paddy,2525.4,2183.0,342.4000000000001,0,15.68483737975264
PR003710,07-09-2026,MANDI002,REQUIRES_INVESTIGATION,3913.75,3500.0,413.75,0,11.821428571428571
PR006622,03-Jul-2026,MANDI002,Cotton,6678.0,6620.0,58.0,0,0.8761329305135951
PR011548,14.04.2026,MANDI004,Sugarcane,3871.25,3500.0,371.25,0,10.607142857142856
PR009615,2026-08-13,MANDI035,Wheat,2556.48,2275.0,281.48,0,12.372747252747253
PR000630,08-31-2026,MANDI031,Mustard,5733.23,5650.0,83.22999999999956,0,1.4730973451327356
PR000647,2026/07/11,MANDI021,Cotton,6776.31,6620.0,156.3100000000004,0,2.361178247734145
PR007855,02-Jan-2026,MANDI003,Sugarcane,3557.0,3500.0,57.0,0,1.6285714285714286
PR001602,25/03/2026,MANDI008,Sugarcane,3966.28,3500.0,466.2800000000002,0,13.32228571428572
PR010661,2026/05/08,MANDI025,Wheat,2272.0,2275.0,-3.0,1,-0.13186813186813187
PR010679,2026-09-05,,Sugarcane,4066.0,3500.0,566.0,0,16.171428571428574
PR002003,22.08.2026,MANDI022,Mustard,6272.07,5650.0,622.0699999999997,0,11.010088495575216
PR002586,15-Mar-2026,MANDI056,Cotton,6681.74,6620.0,61.73999999999978,0,0.9326283987915376
PR004974,2026-02-07,MANDI057,REQUIRES_INVESTIGATION,2268.32,2183.0,85.32000000000016,0,3.908382959230424
PR011688,01-Feb-2026,MANDI007,REQUIRES_INVESTIGATION,2011.5208982053089,2090.0,-78.47910179469113,1,-3.7549809471144084
PR011886,20.04.2026,MANDI030,Cotton,6375.69,6620.0,-244.3100000000004,1,-3.6904833836858066
PR007374,02-12-2026,MANDI014,Sugarcane,3470.0,3500.0,-30.0,1,-0.8571428571428572
PR011605,02/05/2026,MANDI008,Sugarcane,3355.04,3500.0,-144.96000000000004,1,-4.141714285714286
PR005861,03-21-2026,MANDI035,Corn,2250.0,2090.0,160.0,0,7.655502392344498
PR003045,2026-08-11,MANDI018,Mustard,6011.9,5650.0,361.89999999999964,0,6.405309734513268
PR011046,01-13-2026,MANDI047,Cotton,5935.2706875709255,6620.0,-684.7293124290745,1,-10.343343088052485
PR008539,15-Aug-2026,MANDI052,Sugarcane,3535.49,3500.0,35.48999999999978,0,1.0139999999999938
PR004796,01-25-2026,MANDI050,REQUIRES_INVESTIGATION,5995.26,5650.0,345.2600000000002,0,6.110796460176995
PR004603,25/05/2026,MANDI023,Paddy,2106.88,2183.0,-76.11999999999989,1,-3.486944571690329
PR007914,03/02/2026,MANDI009,Sugarcane,3869.51,3500.0,369.5100000000002,0,10.557428571428577
PR006719,08-08-2026,,Mustard,5839.01,5650.0,189.01000000000022,0,3.3453097345132785
PR008555,01-07-2026,MANDI016,Cotton,7212.52,6620.0,592.5200000000004,0,8.950453172205444
PR002176,2026/07/14,MANDI055,Sugarcane,3237.16,3500.0,-262.84000000000015,1,-7.50971428571429
PR002883,2026-02-24,MANDI040,Cotton,7496.286001764193,6620.0,876.2860017641933,0,13.23694866713283
PR000481,2026-07-29,MANDI022,Wheat,2239.6814679968243,2275.0,-35.31853200317573,1,-1.5524629451945378
PR006948,03-25-2026,MANDI003,Sugarcane,3665.57,3500.0,165.57000000000016,0,4.730571428571433
PR008777,12.05.2026,MANDI020,Wheat,2193.11,2275.0,-81.88999999999987,1,-3.599560439560434
PR009821,2026/06/24,MANDI022,Corn,2297.0307748090545,2090.0,207.0307748090545,0,9.905778698997821
PR005891,2026-06-04,MANDI034,Sugarcane,3564.75,3500.0,64.75,0,1.8499999999999999
PR009777,2026-03-06,MANDI040,REQUIRES_INVESTIGATION,1952.59,2090.0,-137.41000000000008,1,-6.574641148325362
PR000980,23/04/2026,,Cotton,7547.76,6620.0,927.7600000000002,0,14.014501510574021
PR002985,30.01.2026,MANDI036,Wheat,2526.7,2275.0,251.69999999999982,0,11.063736263736255
PR002578,12-Mar-2026,MANDI039,Sugarcane,3783.35,3500.0,283.3499999999999,0,8.095714285714282
PR009478,21.07.2026,MANDI026,Sugarcane,3899.54,3500.0,399.53999999999996,0,11.41542857142857
PR005766,08/06/2026,MANDI017,REQUIRES_INVESTIGATION,2086.0,2090.0,-4.0,1,-0.19138755980861244
PR006804,26/08/2026,,Mustard,6414.102160981689,5650.0,764.1021609816889,0,13.523932052773254
PR002076,2026-02-16,MANDI040,Cotton,6342.87,6620.0,-277.1300000000001,1,-4.186253776435047
PR006649,10/07/2026,MANDI019,Cotton,6323.0,6620.0,-297.0,1,-4.486404833836858
PR009792,12/01/2026,MANDI042,REQUIRES_INVESTIGATION,2263.0,2183.0,80.0,0,3.664681630783326
PR008070,2026-06-12,MANDI015,Mustard,6189.43,5650.0,539.4300000000003,0,9.54743362831859
PR007900,15/07/2026,MANDI032,Wheat,2266.05,2275.0,-8.949999999999818,1,-0.3934065934065854
PR010587,04-25-2026,MANDI027,Paddy,2257.0,2183.0,74.0,0,3.389830508474576
PR007795,03/09/2026,MANDI030,Sugarcane,3944.0,3500.0,444.0,0,12.685714285714287
PR009367,28/03/2026,MANDI020,Wheat,2190.45,2275.0,-84.55000000000018,1,-3.716483516483524
PR002986,2026-02-18,MANDI052,Wheat,2424.900257694685,2275.0,149.90025769468502,0,6.589022316249891
PR007803,14-Jul-2026,,REQUIRES_INVESTIGATION,2098.19,2090.0,8.190000000000055,0,0.3918660287081366
PR003337,06-30-2026,MANDI025,Wheat,2407.0,2275.0,132.0,0,5.802197802197803
PR003378,20/02/2026,MANDI020,Mustard,5787.61,5650.0,137.60999999999967,0,2.435575221238932
PR007667,2026/09/03,MANDI044,Wheat,2314.57,2275.0,39.570000000000164,0,1.7393406593406664
PR005168,04/06/2026,MANDI054,Wheat,2224.91,2275.0,-50.090000000000146,1,-2.201758241758248
PR003167,07-May-2026,MANDI041,Corn,2174.68,2090.0,84.67999999999984,0,4.051674641148317
PR010087,28.04.2026,MANDI029,Paddy,2323.0,2183.0,140.0,0,6.41319285387082
PR009134,01-28-2026,MANDI014,Cotton,6309.496509002236,6620.0,-310.50349099776395,1,-4.6903850603891835
PR006868,02-24-2026,,Cotton,6889.33,6620.0,269.3299999999999,0,4.068429003021147
PR011520,2026/01/30,MANDI038,REQUIRES_INVESTIGATION,2386.83,2183.0,203.82999999999993,0,9.337150710032063
PR002799,08-06-2026,,Wheat,2333.9589685442425,2275.0,58.95896854424245,0,2.591603012933734
PR002759,01-13-2026,MANDI006,Cotton,7046.55,6620.0,426.5500000000002,0,6.4433534743202445
PR001320,10/03/2026,MANDI001,REQUIRES_INVESTIGATION,2136.13,2183.0,-46.86999999999989,1,-2.147045350435176
PR007794,2026-01-12,MANDI044,Corn,2074.11,2090.0,-15.889999999999873,1,-0.7602870813397068
PR009787,2026-05-28,MANDI045,Cotton,6470.0,6620.0,-150.0,1,-2.2658610271903323
PR003291,13/08/2026,MANDI025,Paddy,2515.56,2183.0,332.55999999999995,0,15.234081539166283
PR006033,23/01/2026,MANDI042,REQUIRES_INVESTIGATION,2055.48,2090.0,-34.51999999999998,1,-1.6516746411483245
PR001245,01-15-2026,MANDI039,Mustard,6178.91,5650.0,528.9099999999999,0,9.361238938053095
PR004075,14/05/2026,MANDI019,Wheat,2021.0,2275.0,-254.0,1,-11.164835164835164
PR001719,2026-01-07,MANDI033,Sugarcane,3768.0,3500.0,268.0,0,7.657142857142857
PR000730,2026/06/10,MANDI001,Corn,2300.255386337927,2090.0,210.25538633792712,0,10.060066331958236
PR002227,2026/08/28,MANDI022,Mustard,6343.5,5650.0,693.5,0,12.274336283185841
PR002688,05-30-2026,MANDI028,Mustard,5494.0,5650.0,-156.0,1,-2.761061946902655
PR001848,28.04.2026,MANDI042,Paddy,2149.0,2183.0,-34.0,1,-1.5574896930829134
PR009753,2026/02/03,MANDI006,Wheat,2460.47,2275.0,185.4699999999998,0,8.152527472527463
PR011842,05/06/2026,MANDI032,Cotton,6817.85,6620.0,197.85000000000036,0,2.988670694864054
PR001459,2026-08-29,MANDI054,Corn,2333.0,2090.0,243.0,0,11.626794258373206
PR005051,25.05.2026,MANDI009,Mustard,6340.21,5650.0,690.21,0,12.216106194690266
PR009555,17.05.2026,MANDI034,Wheat,2567.33,2275.0,292.3299999999999,0,12.849670329670326
PR008569,07-10-2026,MANDI005,Cotton,6048.15,6620.0,-571.8500000000004,1,-8.638217522658616
PR001379,04/06/2026,MANDI019,Corn,2007.31,2090.0,-82.69000000000005,1,-3.9564593301435433
PR010793,18/04/2026,MANDI007,Corn,2213.99,2090.0,123.98999999999978,0,5.932535885167454
PR008944,2026/08/08,MANDI045,REQUIRES_INVESTIGATION,1924.0,2183.0,-259.0,1,-11.864406779661017
PR002969,05/02/2026,MANDI004,Sugarcane,3496.0,3500.0,-4.0,1,-0.1142857142857143
PR009944,2026-02-02,MANDI051,Sugarcane,3410.0,3500.0,-90.0,1,-2.571428571428571
PR006042,23-May-2026,MANDI032,Mustard,6615.51,5650.0,965.5100000000002,0,17.088672566371685
PR001580,02-May-2026,MANDI025,Wheat,2609.01,2275.0,334.0100000000002,0,14.681758241758253
PR001949,01.04.2026,MANDI034,Cotton,6419.212491353923,6620.0,-200.78750864607719,1,-3.033043937251921
PR006107,25.03.2026,MANDI056,Wheat,2347.01,2275.0,72.01000000000022,0,3.1652747252747346
PR002016,02-19-2026,MANDI018,Sugarcane,3413.14,3500.0,-86.86000000000013,1,-2.4817142857142893
PR005351,2026/01/27,MANDI055,Wheat,2077.0,2275.0,-198.0,1,-8.703296703296704
PR004576,2026-07-31,MANDI036,Paddy,2191.7,2183.0,8.699999999999818,0,0.39853412734767835
PR007756,2026/06/13,,REQUIRES_INVESTIGATION,2074.7,2090.0,-15.300000000000182,1,-0.7320574162679513
PR004011,06-11-2026,MANDI017,REQUIRES_INVESTIGATION,2085.87,2183.0,-97.13000000000011,1,-4.449381584974811
PR009707,2026-06-09,,Sugarcane,3917.93,3500.0,417.92999999999984,0,11.940857142857137
PR009480,06.07.2026,MANDI049,Mustard,5318.0,5650.0,-332.0,1,-5.876106194690266
PR005735,22/04/2026,MANDI036,REQUIRES_INVESTIGATION,5352.77,5650.0,-297.22999999999956,1,-5.260707964601762
PR011897,2026-06-14,MANDI051,REQUIRES_INVESTIGATION,2097.23,2183.0,-85.76999999999998,1,-3.928996793403572
PR002382,06/01/2026,MANDI010,Wheat,2080.6657255648,2275.0,-194.33427443519986,1,-8.542165909239555
PR003622,08-Sep-2026,MANDI041,Corn,1950.26,2090.0,-139.74,1,-6.686124401913876
PR002607,2026/08/21,MANDI035,Mustard,6023.07,5650.0,373.0699999999997,0,6.603008849557517
PR006607,03-29-2026,MANDI021,Cotton,5974.82,6620.0,-645.1800000000003,1,-9.74592145015106
PR002212,12.05.2026,MANDI051,REQUIRES_INVESTIGATION,6277.46,5650.0,627.46,0,11.105486725663717
PR005630,12.08.2026,,Mustard,5274.0,5650.0,-376.0,1,-6.654867256637168
PR003242,06.09.2026,MANDI047,Sugarcane,3903.0,3500.0,403.0,0,11.514285714285714
PR008488,2026-07-09,MANDI008,Sugarcane,3297.95,3500.0,-202.05000000000018,1,-5.7728571428571485
PR003978,04-04-2026,MANDI032,Sugarcane,3772.86,3500.0,272.8600000000001,0,7.796000000000005
PR002014,01.06.2026,MANDI017,Cotton,7048.95,6620.0,428.9499999999998,0,6.479607250755285
PR008649,07-05-2026,,Mustard,5564.7,5650.0,-85.30000000000018,1,-1.5097345132743394
PR007265,01-08-2026,MANDI002,Wheat,2558.27,2275.0,283.27,0,12.45142857142857
PR009712,27.08.2026,MANDI037,Mustard,5435.0,5650.0,-215.0,1,-3.8053097345132745
PR008183,2026-02-07,,Mustard,5800.0,5650.0,150.0,0,2.6548672566371683
PR008436,2026/09/02,MANDI054,Corn,2267.247561348595,2090.0,177.2475613485949,0,8.480744562133728
PR003340,14-Apr-2026,MANDI049,Corn,2226.0,2090.0,136.0,0,6.507177033492822
PR006498,03.01.2026,MANDI005,Mustard,6003.0,5650.0,353.0,0,6.247787610619469
PR009653,10/08/2026,,REQUIRES_INVESTIGATION,1870.0,2090.0,-220.0,1,-10.526315789473683
PR010854,2026-09-01,MANDI024,Corn,2058.56,2090.0,-31.440000000000055,1,-1.5043062200956965
PR008229,2026-01-12,MANDI035,Corn,2133.0,2090.0,43.0,0,2.057416267942584
PR001660,25.01.2026,MANDI001,Corn,2019.0,2090.0,-71.0,1,-3.3971291866028706
PR001477,2026-08-31,,Sugarcane,3477.88,3500.0,-22.11999999999989,1,-0.6319999999999969
PR009880,17/08/2026,MANDI009,Wheat,2464.97,2275.0,189.9699999999998,0,8.350329670329662
PR010760,04-25-2026,MANDI018,Sugarcane,3415.87,3500.0,-84.13000000000011,1,-2.403714285714289
PR003208,2026-03-02,MANDI013,Sugarcane,3348.9,3500.0,-151.0999999999999,1,-4.317142857142855
PR001991,28-Mar-2026,MANDI004,REQUIRES_INVESTIGATION,2294.33,2183.0,111.32999999999993,0,5.099862574438842
PR008169,2026-02-01,MANDI017,Corn,2286.14,2090.0,196.13999999999987,0,9.384688995215305
PR005485,06-24-2026,,Sugarcane,3831.0,3500.0,331.0,0,9.457142857142857
PR005940,21.03.2026,,Sugarcane,4124.732696462534,3500.0,624.7326964625336,0,17.849505613215243
PR005349,27.05.2026,MANDI004,Wheat,2449.56,2275.0,174.55999999999995,0,7.672967032967031
PR005421,2026-08-27,MANDI022,Cotton,7047.119974176496,6620.0,427.1199741764958,0,6.45196335614042
PR008375,2026-08-07,MANDI017,Mustard,6191.21,5650.0,541.21,0,9.578938053097346
PR007532,25.06.2026,MANDI030,REQUIRES_INVESTIGATION,2549.22,2183.0,366.2199999999998,0,16.77599633531836
PR011922,13.07.2026,MANDI004,Sugarcane,3393.0,3500.0,-107.0,1,-3.0571428571428574
PR005442,17.06.2026,MANDI033,Sugarcane,3532.35,3500.0,32.34999999999991,0,0.9242857142857117
PR000907,16.03.2026,MANDI048,Sugarcane,3745.93,3500.0,245.92999999999984,0,7.026571428571423
PR007074,10.04.2026,MANDI045,REQUIRES_INVESTIGATION,2067.33,2183.0,-115.67000000000007,1,-5.298671552908845
PR008790,2026-02-12,,REQUIRES_INVESTIGATION,2020.0,2090.0,-70.0,1,-3.349282296650718
PR009978,04-21-2026,MANDI024,Wheat,2275.32,2275.0,0.3200000000001637,0,0.014065934065941262
PR005334,07-13-2026,MANDI044,Wheat,2253.630751720043,2275.0,-21.36924827995699,1,-0.9393076167014063
PR003525,03-01-2026,MANDI029,REQUIRES_INVESTIGATION,2293.0,2183.0,110.0,0,5.038937242327073
PR001230,11.06.2026,MANDI049,Cotton,7222.92,6620.0,602.9200000000001,0,9.107552870090634
PR001923,08-Apr-2026,MANDI041,Cotton,6960.1,6620.0,340.10000000000036,0,5.1374622356495525
PR003877,2026/05/31,MANDI024,Wheat,2312.34,2275.0,37.340000000000146,0,1.641318681318688
PR010935,16-Jul-2026,MANDI032,Mustard,5846.27,5650.0,196.27000000000044,0,3.473805309734521
PR007446,27.03.2026,MANDI019,Mustard,6107.83,5650.0,457.8299999999999,0,8.103185840707964
PR002871,2026-01-02,MANDI022,Wheat,2496.6798718708983,2275.0,221.6798718708983,0,9.744170192127397
PR010645,28/06/2026,,REQUIRES_INVESTIGATION,5241.57,5650.0,-408.4300000000003,1,-7.228849557522129
PR004536,06/02/2026,MANDI013,Cotton,6265.65,6620.0,-354.35000000000036,1,-5.352719033232634
PR006699,2026-08-05,,Mustard,6041.99,5650.0,391.9899999999998,0,6.937876106194686
PR002085,19.07.2026,MANDI056,Mustard,5352.0,5650.0,-298.0,1,-5.274336283185841
PR004474,2026-05-08,MANDI004,Cotton,7490.9,6620.0,870.8999999999996,0,13.155589123867065
PR010399,16-Feb-2026,MANDI034,Wheat,2158.63,2275.0,-116.36999999999989,1,-5.11516483516483
PR006542,2026-05-03,MANDI021,Mustard,6018.92,5650.0,368.9200000000001,0,6.529557522123895
PR010518,03-05-2026,,Wheat,2349.21,2275.0,74.21000000000004,0,3.261978021978024
PR002910,2026/05/11,MANDI016,Wheat,2537.99,2275.0,262.9899999999998,0,11.55999999999999
PR000489,2026/05/28,MANDI043,Wheat,2411.5324664121126,2275.0,136.53246641211263,0,6.001427095037918
PR005817,27.03.2026,MANDI015,Sugarcane,3983.0,3500.0,483.0,0,13.8
PR009668,2026/09/02,MANDI031,REQUIRES_INVESTIGATION,2140.62,2183.0,-42.38000000000011,1,-1.9413650939074718
PR010182,09.01.2026,MANDI036,Wheat,2324.57,2275.0,49.570000000000164,0,2.178901098901106
PR010289,26.08.2026,MANDI046,Wheat,2120.664342275913,2275.0,-154.335657724087,1,-6.783984954904923
PR007809,04-16-2026,MANDI008,REQUIRES_INVESTIGATION,2139.0,2183.0,-44.0,1,-2.015574896930829
PR007745,13-Aug-2026,MANDI030,Corn,2234.31,2090.0,144.30999999999995,0,6.904784688995212
PR005406,04-20-2026,,REQUIRES_INVESTIGATION,3899.27,3500.0,399.27,0,11.407714285714285
PR003293,2026/05/04,MANDI033,Cotton,7158.9,6620.0,538.8999999999996,0,8.140483383685796
PR008940,11.03.2026,,Corn,1989.0,2090.0,-101.0,1,-4.832535885167464
PR009363,2026-08-07,MANDI038,Cotton,6212.954711239272,6620.0,-407.045288760728,1,-6.148720374029123
PR010892,23-Jan-2026,MANDI049,Cotton,7647.0,6620.0,1027.0,0,15.51359516616314
PR009374,2026/05/10,,Mustard,5264.792370999603,5650.0,-385.207629000397,1,-6.817834141599947
PR001097,23-Feb-2026,,Wheat,2405.02,2275.0,130.01999999999998,0,5.715164835164834
PR010990,2026-01-24,MANDI007,Cotton,6733.78,6620.0,113.77999999999975,0,1.7187311178247695
PR010317,07.09.2026,MANDI044,Mustard,5329.0,5650.0,-321.0,1,-5.68141592920354
PR003069,21.06.2026,MANDI040,Sugarcane,3740.71,3500.0,240.71000000000004,0,6.877428571428572
PR010359,09-Jun-2026,MANDI014,Cotton,6494.860772912013,6620.0,-125.13922708798691,1,-1.8903206508759354
PR001238,30/03/2026,MANDI001,REQUIRES_INVESTIGATION,2345.91,2183.0,162.90999999999985,0,7.462666055886388
PR007066,16-Jun-2026,MANDI055,Corn,2145.85,2090.0,55.84999999999991,0,2.6722488038277468
PR005577,28.04.2026,MANDI029,Cotton,6541.0,6620.0,-79.0,1,-1.1933534743202416
PR011647,05-06-2026,MANDI045,REQUIRES_INVESTIGATION,2316.2,2183.0,133.19999999999982,0,6.101694915254229
PR007407,02.08.2026,MANDI030,Cotton,7557.83,6620.0,937.8299999999999,0,14.166616314199395
PR002867,01-04-2026,MANDI030,Corn,2121.0,2090.0,31.0,0,1.4832535885167464
PR005568,25/05/2026,MANDI025,Cotton,6399.3,6620.0,-220.69999999999982,1,-3.3338368580060393
PR001786,05.06.2026,MANDI010,Cotton,6306.0,6620.0,-314.0,1,-4.743202416918429
PR006067,2026-05-09,MANDI044,REQUIRES_INVESTIGATION,5709.634498959445,5650.0,59.63449895944541,0,1.0554778576892994
PR002177,14/07/2026,MANDI010,Wheat,2176.77,2275.0,-98.23000000000002,1,-4.317802197802199
PR010879,2026-01-14,MANDI039,Corn,2094.07,2090.0,4.070000000000164,0,0.194736842105271
PR004040,2026-04-04,MANDI010,REQUIRES_INVESTIGATION,2284.774327602282,2183.0,101.77432760228203,0,4.662131360617592
PR006039,03/09/2026,MANDI045,Wheat,2266.35,2275.0,-8.650000000000091,1,-0.3802197802197842
PR003801,2026/05/18,,Sugarcane,3563.39,3500.0,63.38999999999987,0,1.8111428571428536
PR003120,08/03/2026,MANDI050,REQUIRES_INVESTIGATION,2079.88,2183.0,-103.11999999999989,1,-4.723774622079702
PR006140,2026-05-12,MANDI011,Mustard,6489.98,5650.0,839.9799999999996,0,14.866902654867248
PR007572,01-30-2026,MANDI028,Cotton,7318.18,6620.0,698.1800000000003,0,10.546525679758313
PR000525,21/03/2026,,Wheat,2114.0,2275.0,-161.0,1,-7.076923076923077
PR000326,27-Mar-2026,MANDI042,Sugarcane,3853.57,3500.0,353.57000000000016,0,10.102000000000004
PR000678,2026-04-03,MANDI033,Paddy,2311.57,2183.0,128.57000000000016,0,5.889601465872659
PR002338,01.09.2026,MANDI037,Corn,2200.79,2090.0,110.78999999999996,0,5.300956937799041
PR011021,06-13-2026,MANDI056,Cotton,7399.0,6620.0,779.0,0,11.76737160120846
PR005573,2026-05-04,MANDI028,REQUIRES_INVESTIGATION,3798.0,3500.0,298.0,0,8.514285714285714
PR002236,08-04-2026,MANDI052,Wheat,2253.52,2275.0,-21.480000000000018,1,-0.944175824175825
PR001162,2026/01/19,MANDI020,Wheat,2213.67,2275.0,-61.32999999999993,1,-2.6958241758241726
PR004882,07.06.2026,MANDI013,Sugarcane,3613.12,3500.0,113.11999999999989,0,3.2319999999999967
PR008437,01-06-2026,MANDI004,Wheat,2249.45,2275.0,-25.550000000000182,1,-1.123076923076931
PR011119,09/01/2026,MANDI048,Mustard,5707.8,5650.0,57.80000000000018,0,1.0230088495575254
PR009407,03-10-2026,MANDI040,Paddy,2165.55,2183.0,-17.449999999999818,1,-0.7993586807146047
PR002859,2026/06/04,MANDI048,Sugarcane,3572.32,3500.0,72.32000000000016,0,2.066285714285719
PR008964,2026/08/03,MANDI008,Paddy,2033.06,2183.0,-149.94000000000005,1,-6.868529546495651
PR011759,09-04-2026,MANDI045,Wheat,2369.6361614306643,2275.0,94.63616143066429,0,4.159831271677551
PR005209,04-May-2026,MANDI043,Sugarcane,3562.42,3500.0,62.42000000000007,0,1.7834285714285736
PR011258,05.05.2026,MANDI017,REQUIRES_INVESTIGATION,2320.28,2090.0,230.2800000000002,0,11.018181818181828
PR009799,09.05.2026,MANDI055,Corn,2311.04,2090.0,221.03999999999996,0,10.576076555023922
PR008721,22-May-2026,MANDI046,REQUIRES_INVESTIGATION,2140.63,2183.0,-42.36999999999989,1,-1.940907008703614
PR000327,2026-08-11,MANDI052,Sugarcane,3451.25,3500.0,-48.75,1,-1.3928571428571428
PR001480,2026-08-19,MANDI052,REQUIRES_INVESTIGATION,1985.15,2090.0,-104.84999999999991,1,-5.01674641148325
PR000415,08-13-2026,MANDI024,REQUIRES_INVESTIGATION,2166.22,2183.0,-16.7800000000002,1,-0.7686669720568118
PR002623,2026-01-31,MANDI014,Mustard,5670.9,5650.0,20.899999999999636,0,0.36991150442477233
PR008230,12-Aug-2026,MANDI021,Sugarcane,3989.442497823127,3500.0,489.4424978231268,0,13.984071366375053
PR006297,2026-02-08,MANDI004,Paddy,2109.45,2183.0,-73.55000000000018,1,-3.3692166743014287
PR000560,02-May-2026,,Sugarcane,3689.761424833261,3500.0,189.76142483326112,0,5.421754995236032
PR000539,03-03-2026,MANDI045,Wheat,2201.78,2275.0,-73.2199999999998,1,-3.2184615384615296
PR007033,2026-06-11,MANDI029,Corn,2276.369537134901,2090.0,186.36953713490084,0,8.917202733727313
PR007163,2026/01/04,,Sugarcane,4024.8905657939736,3500.0,524.8905657939736,0,14.996873308399245
PR010714,30/03/2026,MANDI024,Wheat,2532.31,2275.0,257.30999999999995,0,11.310329670329669
PR000612,09-Apr-2026,MANDI034,Mustard,6376.21,5650.0,726.21,0,12.853274336283185
PR009963,2026/06/22,MANDI015,Wheat,2297.44,2275.0,22.440000000000055,0,0.9863736263736288
PR008047,28.08.2026,MANDI021,Corn,2208.319246811124,2090.0,118.31924681112378,0,5.661207981393482
PR010119,2026/07/20,MANDI041,Mustard,5614.18,5650.0,-35.81999999999971,1,-0.6339823008849506
PR007844,04-06-2026,MANDI015,REQUIRES_INVESTIGATION,3549.28,3500.0,49.2800000000002,0,1.4080000000000057
PR002846,18.05.2026,MANDI024,Sugarcane,3682.47,3500.0,182.4699999999998,0,5.213428571428565
PR009818,07.06.2026,,Corn,2058.68,2090.0,-31.320000000000164,1,-1.498564593301443
PR002824,2026-09-05,,Corn,2311.6,2090.0,221.5999999999999,0,10.602870813397125
PR002364,2026-08-04,MANDI055,Mustard,5821.83,5650.0,171.82999999999993,0,3.041238938053096
PR007076,2026-07-26,,Mustard,5897.89,5650.0,247.89000000000033,0,4.38743362831859
PR000245,2026-08-18,MANDI031,Corn,2168.16,2090.0,78.15999999999985,0,3.73971291866028
PR004887,12-Jun-2026,MANDI013,Mustard,5770.0,5650.0,120.0,0,2.1238938053097343
PR011337,24/04/2026,MANDI007,Sugarcane,3694.0,3500.0,194.0,0,5.542857142857143
PR007096,10.06.2026,MANDI044,Sugarcane,3489.943230146748,3500.0,-10.056769853251808,1,-0.2873362815214802
PR011556,25.04.2026,MANDI031,REQUIRES_INVESTIGATION,2124.86,2183.0,-58.13999999999987,1,-2.663307375171776
PR005639,12-Jun-2026,MANDI040,REQUIRES_INVESTIGATION,2011.32,2090.0,-78.68000000000006,1,-3.76459330143541
PR010247,2026/08/03,MANDI004,Cotton,7306.8,6620.0,686.8000000000002,0,10.37462235649547
PR004656,02/09/2026,MANDI048,Sugarcane,3670.04,3500.0,170.03999999999996,0,4.858285714285713
PR010966,09-03-2026,MANDI031,Sugarcane,3366.02,3500.0,-133.98000000000002,1,-3.8280000000000007
PR011380,2026/01/22,MANDI029,Cotton,6686.0,6620.0,66.0,0,0.9969788519637461
PR011434,2026/09/02,MANDI054,REQUIRES_INVESTIGATION,2139.95,2183.0,-43.05000000000018,1,-1.9720568025652856
PR002538,03-19-2026,MANDI043,Cotton,6591.940674390551,6620.0,-28.059325609448933,1,-0.4238568823179597
PR010920,14.08.2026,MANDI053,REQUIRES_INVESTIGATION,6004.15,5650.0,354.14999999999964,0,6.268141592920348
PR010397,23/08/2026,MANDI034,Mustard,5434.4,5650.0,-215.60000000000036,1,-3.815929203539829
PR003026,01-Jul-2026,MANDI027,Mustard,5667.36,5650.0,17.359999999999673,0,0.3072566371681358
PR004092,2026-09-09,,Cotton,6304.0,6620.0,-316.0,1,-4.7734138972809665
PR009980,2026/06/01,MANDI017,Cotton,6280.0,6620.0,-340.0,1,-5.13595166163142
PR009708,01-May-2026,MANDI010,REQUIRES_INVESTIGATION,2167.41,2183.0,-15.590000000000146,1,-0.7141548327989072
PR008094,2026/04/26,MANDI055,REQUIRES_INVESTIGATION,2468.97,2183.0,285.9699999999998,0,13.099862574438836
PR005926,16/04/2026,MANDI037,Wheat,2402.89,2275.0,127.88999999999987,0,5.621538461538456
PR004637,05-17-2026,MANDI041,Corn,2265.72,2090.0,175.7199999999998,0,8.407655502392334
PR001194,2026/05/16,MANDI006,Wheat,2349.29,2275.0,74.28999999999996,0,3.265494505494504
PR001189,06-Aug-2026,MANDI040,Sugarcane,3405.31,3500.0,-94.69000000000005,1,-2.705428571428573
PR005907,24.01.2026,MANDI038,Wheat,2056.0,2275.0,-219.0,1,-9.626373626373626
PR000993,06/02/2026,,Wheat,2311.75,2275.0,36.75,0,1.6153846153846154
PR010476,2026-08-29,MANDI051,Sugarcane,3370.85,3500.0,-129.1500000000001,1,-3.690000000000002
PR011193,10-Jan-2026,MANDI044,Corn,2155.01,2090.0,65.01000000000022,0,3.110526315789484
PR008438,2026-01-05,MANDI003,Mustard,5225.99,5650.0,-424.0100000000002,1,-7.504601769911508
PR005714,2026/02/23,MANDI046,Wheat,2219.75,2275.0,-55.25,1,-2.4285714285714284
PR009493,07-17-2026,MANDI021,REQUIRES_INVESTIGATION,5176.46,5650.0,-473.53999999999996,1,-8.381238938053096
PR005264,29/06/2026,MANDI044,Cotton,6883.72,6620.0,263.72000000000025,0,3.9836858006042335
PR010742,02-27-2026,MANDI055,REQUIRES_INVESTIGATION,1961.81,2090.0,-128.19000000000005,1,-6.1334928229665096
PR011432,2026/01/29,MANDI050,Sugarcane,3701.43,3500.0,201.42999999999984,0,5.755142857142852
PR009933,06-Sep-2026,MANDI019,Sugarcane,4059.7427469521735,3500.0,559.7427469521735,0,15.992649912919244
PR003845,15.06.2026,,Corn,2134.07,2090.0,44.070000000000164,0,2.1086124401913953
PR004138,2026-02-23,MANDI044,Corn,1845.03,2090.0,-244.97000000000003,1,-11.72105263157895
PR009823,08-Jun-2026,MANDI053,Sugarcane,3339.0,3500.0,-161.0,1,-4.6
PR007461,09-06-2026,MANDI023,Sugarcane,3524.0,3500.0,24.0,0,0.6857142857142857
PR008819,2026/04/24,MANDI035,Mustard,6150.96,5650.0,500.96000000000004,0,8.866548672566372
PR011467,21/08/2026,MANDI041,Sugarcane,3463.0,3500.0,-37.0,1,-1.0571428571428572
PR007780,22/04/2026,MANDI032,Cotton,6792.24,6620.0,172.23999999999978,0,2.6018126888217488
PR000929,16.02.2026,MANDI032,Mustard,5522.688282965513,5650.0,-127.31171703448672,1,-2.2533047262741013
PR005511,2026/06/10,,Paddy,2134.15,2183.0,-48.84999999999991,1,-2.237746220797064
PR008334,2026-02-22,MANDI013,Mustard,5763.21,5650.0,113.21000000000004,0,2.0037168141592927
PR001926,13/08/2026,MANDI023,Sugarcane,3765.31,3500.0,265.30999999999995,0,7.580285714285713
PR010710,2026/06/15,MANDI035,REQUIRES_INVESTIGATION,2115.0,2183.0,-68.0,1,-3.114979386165827
PR002992,2026/03/02,MANDI052,Wheat,2172.83,2275.0,-102.17000000000007,1,-4.490989010989014
PR000107,25/07/2026,MANDI052,Mustard,6157.47,5650.0,507.47000000000025,0,8.98176991150443
PR011894,2026/02/01,MANDI057,Mustard,5727.96,5650.0,77.96000000000004,0,1.3798230088495582
PR007099,09/03/2026,MANDI043,Cotton,6944.94,6620.0,324.9399999999996,0,4.908459214501504
PR010021,2026-07-30,MANDI046,Mustard,5436.2,5650.0,-213.80000000000018,1,-3.7840707964601803
PR008839,2026-02-19,MANDI010,Corn,2300.527665388,2090.0,210.52766538800006,0,10.073094037703353
PR001431,08.08.2026,MANDI052,Sugarcane,3208.33,3500.0,-291.6700000000001,1,-8.333428571428573
PR005149,31-Jan-2026,MANDI022,Corn,2109.72,2090.0,19.7199999999998,0,0.9435406698564498
PR000051,29-May-2026,MANDI017,Mustard,5913.064611644944,5650.0,263.0646116449443,0,4.656010825574235
PR009261,2026-05-14,MANDI054,Sugarcane,3231.87,3500.0,-268.1300000000001,1,-7.660857142857146
PR003982,2026/07/25,MANDI052,Mustard,5555.71,5650.0,-94.28999999999996,1,-1.6688495575221234
PR006575,06/05/2026,MANDI026,Wheat,2364.48,2275.0,89.48000000000002,0,3.933186813186814
PR005652,04.06.2026,MANDI027,Wheat,2362.03,2275.0,87.0300000000002,0,3.8254945054945146
PR000053,24.07.2026,MANDI040,Sugarcane,3601.81,3500.0,101.80999999999995,0,2.908857142857141
PR005200,21-Jul-2026,MANDI029,Mustard,5132.65,5650.0,-517.3500000000004,1,-9.156637168141598
PR002372,02-15-2026,MANDI014,REQUIRES_INVESTIGATION,2399.92,2183.0,216.92000000000007,0,9.936784241868992
PR004652,02-Sep-2026,MANDI026,Wheat,2596.0,2275.0,321.0,0,14.109890109890111
PR000819,22.08.2026,,Wheat,2375.24,2275.0,100.23999999999978,0,4.4061538461538365
PR005313,08-11-2026,MANDI033,Mustard,5099.6,5650.0,-550.3999999999996,1,-9.741592920353975
PR008048,06/04/2026,MANDI013,Sugarcane,3683.54,3500.0,183.53999999999996,0,5.243999999999999
PR005914,25/06/2026,MANDI056,Cotton,6595.0,6620.0,-25.0,1,-0.3776435045317221
PR004307,2026-02-02,MANDI015,Wheat,2307.67,2275.0,32.67000000000007,0,1.4360439560439593
PR009807,2026-08-19,MANDI056,REQUIRES_INVESTIGATION,2308.6243285395017,2183.0,125.62432853950168,0,5.754664614727516
PR001793,04-May-2026,MANDI009,REQUIRES_INVESTIGATION,2425.43,2090.0,335.42999999999984,0,16.04928229665071
PR005448,27.05.2026,MANDI037,Wheat,2295.5,2275.0,20.5,0,0.901098901098901
PR005539,2026/02/20,MANDI005,REQUIRES_INVESTIGATION,5426.0,5650.0,-224.0,1,-3.9646017699115044
PR011407,2026/01/07,,Corn,2142.96,2090.0,52.960000000000036,0,2.5339712918660307
PR000425,02/05/2026,MANDI023,Paddy,2399.466903251863,2183.0,216.4669032518632,0,9.916028550245679
PR010152,02/08/2026,MANDI004,REQUIRES_INVESTIGATION,2017.9,2090.0,-72.09999999999991,1,-3.4497607655502347
PR007968,16.08.2026,,REQUIRES_INVESTIGATION,3529.43,3500.0,29.429999999999836,0,0.8408571428571382
PR011601,2026/08/18,MANDI027,REQUIRES_INVESTIGATION,2272.25,2090.0,182.25,0,8.720095693779903
PR010388,06-25-2026,MANDI033,Corn,2255.61,2090.0,165.61000000000013,0,7.923923444976083
PR003412,2026-06-24,,Cotton,7245.677295994859,6620.0,625.6772959948594,0,9.45131867061721
PR011763,07-Feb-2026,MANDI051,Paddy,2277.72,2183.0,94.7199999999998,0,4.338983050847448
PR006028,2026-06-14,MANDI014,REQUIRES_INVESTIGATION,2140.48,2090.0,50.48000000000002,0,2.41531100478469
PR004077,2026-04-23,,Mustard,5693.856370724351,5650.0,43.85637072435111,0,0.7762189508734709
PR007593,04-30-2026,MANDI016,Cotton,6893.47,6620.0,273.47000000000025,0,4.130966767371605
PR004070,2026/02/09,MANDI017,Wheat,2117.9,2275.0,-157.0999999999999,1,-6.905494505494501
PR001456,16-Jan-2026,MANDI041,REQUIRES_INVESTIGATION,2266.095589454159,2090.0,176.09558945415893,0,8.425626289672676
PR003890,2026-06-09,MANDI017,REQUIRES_INVESTIGATION,2213.19,2183.0,30.190000000000055,0,1.38295923041686
PR007564,31.05.2026,MANDI008,REQUIRES_INVESTIGATION,2487.214844414705,2183.0,304.2148444147051,0,13.935631901727216
PR007500,07-22-2026,MANDI045,Sugarcane,3550.0,3500.0,50.0,0,1.4285714285714286
PR011369,04-27-2026,MANDI011,Wheat,2287.3,2275.0,12.300000000000182,0,0.5406593406593486
PR007361,10.03.2026,MANDI006,REQUIRES_INVESTIGATION,2298.85,2090.0,208.8499999999999,0,9.992822966507173
PR001634,2026/06/13,MANDI029,REQUIRES_INVESTIGATION,6206.02,5650.0,556.0200000000004,0,9.841061946902663
PR000492,2026/05/04,MANDI030,Cotton,7397.22,6620.0,777.2200000000003,0,11.740483383685804
PR008883,01-Jan-2026,MANDI044,Corn,2142.02,2090.0,52.01999999999998,0,2.4889952153110038
PR001863,01-10-2026,MANDI034,REQUIRES_INVESTIGATION,5707.42,5650.0,57.42000000000007,0,1.0162831858407093
PR007036,18/07/2026,MANDI022,Cotton,7226.43,6620.0,606.4300000000003,0,9.160574018126892
PR010094,2026/04/06,MANDI052,Paddy,2263.34,2183.0,80.34000000000015,0,3.6802565277141617
PR001369,2026/03/27,MANDI026,Cotton,7327.088484063634,6620.0,707.0884840636336,0,10.68109492543253
PR005072,01-19-2026,MANDI025,REQUIRES_INVESTIGATION,2282.82,2183.0,99.82000000000016,0,4.572606504809902
PR005441,2026-07-27,MANDI029,Mustard,6398.98,5650.0,748.9799999999996,0,13.2562831858407
PR007507,30/01/2026,MANDI022,Sugarcane,3432.0,3500.0,-68.0,1,-1.9428571428571426
PR011595,2026/02/25,MANDI057,Wheat,2494.86,2275.0,219.86000000000013,0,9.66417582417583
PR002007,2026/06/25,MANDI036,Sugarcane,3453.0,3500.0,-47.0,1,-1.342857142857143
PR007542,07-May-2026,MANDI052,Cotton,7063.95,6620.0,443.9499999999998,0,6.706193353474317
PR006053,01-07-2026,MANDI001,Cotton,7092.0,6620.0,472.0,0,7.129909365558912
PR002892,2026/03/31,MANDI015,Sugarcane,3605.92,3500.0,105.92000000000007,0,3.0262857142857165
PR006926,19.06.2026,MANDI016,Corn,1941.0,2090.0,-149.0,1,-7.129186602870813
PR002878,04.07.2026,MANDI038,Cotton,6499.46103281003,6620.0,-120.53896718997021,1,-1.8208303200901843
PR008663,2026-01-06,MANDI011,Wheat,2290.0,2275.0,15.0,0,0.6593406593406593
PR011863,2026-01-08,MANDI007,Paddy,2297.89,2183.0,114.88999999999987,0,5.262940907008698
PR007165,2026-07-17,MANDI032,Paddy,2018.7,2183.0,-164.29999999999995,1,-7.526339899221253
PR006409,04/04/2026,MANDI002,Paddy,2137.42,2183.0,-45.57999999999993,1,-2.0879523591387965
PR004499,22/05/2026,MANDI056,Sugarcane,4004.44,3500.0,504.44000000000005,0,14.41257142857143
PR002864,2026-03-13,MANDI046,Cotton,6110.32,6620.0,-509.6800000000003,1,-7.699093655589129
PR005785,17.08.2026,MANDI051,REQUIRES_INVESTIGATION,2319.94,2183.0,136.94000000000005,0,6.27301878149336
PR005578,20/06/2026,MANDI036,Mustard,5711.69,5650.0,61.6899999999996,0,1.0918584070796389
PR006188,06-18-2026,MANDI024,Cotton,6975.835624596548,6620.0,355.83562459654786,0,5.375160492394983
PR011468,13/06/2026,MANDI031,REQUIRES_INVESTIGATION,6138.641068672764,5650.0,488.64106867276405,0,8.648514489783436
PR009745,2026-05-28,MANDI013,REQUIRES_INVESTIGATION,2319.0,2090.0,229.0,0,10.956937799043063
PR006772,2026-02-20,MANDI010,REQUIRES_INVESTIGATION,2300.6,2183.0,117.59999999999991,0,5.387081997251484
PR003460,02.07.2026,MANDI011,Wheat,2675.0,2275.0,400.0,0,17.582417582417584
PR008125,2026/08/01,MANDI010,REQUIRES_INVESTIGATION,2395.0,2183.0,212.0,0,9.711406321575813
PR003709,06-12-2026,MANDI005,REQUIRES_INVESTIGATION,2056.87,2090.0,-33.13000000000011,1,-1.5851674641148377
PR006773,2026-05-31,MANDI010,REQUIRES_INVESTIGATION,2209.0,2183.0,26.0,0,1.1910215300045808
PR004372,04.09.2026,MANDI046,Cotton,7230.9,6620.0,610.8999999999996,0,9.228096676737154
PR001293,03-26-2026,MANDI022,REQUIRES_INVESTIGATION,3490.010488664116,3500.0,-9.98951133588389,1,-0.2854146095966826
PR001713,2026/02/06,MANDI056,Mustard,5668.0,5650.0,18.0,0,0.3185840707964602
PR002477,16-Jul-2026,MANDI007,Wheat,2361.9445278979715,2275.0,86.94452789797151,0,3.8217374900207255
PR004910,08-07-2026,MANDI029,REQUIRES_INVESTIGATION,5824.86,5650.0,174.85999999999967,0,3.0948672566371624
PR008902,21/05/2026,MANDI026,REQUIRES_INVESTIGATION,2181.87,2183.0,-1.1300000000001091,1,-0.05176362803481948
PR011525,02-28-2026,MANDI039,Mustard,5355.7508132854855,5650.0,-294.2491867145145,1,-5.207950207336539
PR006918,2026/05/23,MANDI034,Wheat,2146.0,2275.0,-129.0,1,-5.670329670329671
PR011189,08-Apr-2026,MANDI055,Cotton,6232.809097933323,6620.0,-387.19090206667715,1,-5.84880516717035
PR011463,2026-02-10,MANDI029,Paddy,2082.39,2183.0,-100.61000000000013,1,-4.6087952359138855
PR003044,2026/01/26,,REQUIRES_INVESTIGATION,1947.0,2183.0,-236.0,1,-10.81081081081081
PR010472,29.03.2026,MANDI018,Sugarcane,3690.63,3500.0,190.6300000000001,0,5.446571428571432
PR000872,04-Mar-2026,MANDI015,REQUIRES_INVESTIGATION,1934.19,2183.0,-248.80999999999995,1,-11.397617956939989
PR001512,18/02/2026,MANDI052,Sugarcane,3378.22,3500.0,-121.7800000000002,1,-3.479428571428577
PR011458,2026-08-22,MANDI015,REQUIRES_INVESTIGATION,2144.1093186763346,2183.0,-38.890681323665376,1,-1.781524568193558
PR006818,01/01/2026,MANDI012,REQUIRES_INVESTIGATION,2317.8546037501774,2090.0,227.85460375017738,0,10.90213415072619
PR007818,2026-06-23,MANDI004,REQUIRES_INVESTIGATION,3300.71,3500.0,-199.28999999999996,1,-5.693999999999999
PR002616,08-08-2026,MANDI010,REQUIRES_INVESTIGATION,2081.77,2090.0,-8.230000000000018,1,-0.39377990430622095
PR006225,19/04/2026,,Cotton,6673.933343382745,6620.0,53.93334338274508,0,0.8147030722469046
PR007851,2026/08/31,MANDI023,REQUIRES_INVESTIGATION,2198.93,2183.0,15.929999999999836,0,0.7297297297297222
PR007241,12/02/2026,MANDI047,REQUIRES_INVESTIGATION,1827.41,2090.0,-262.5899999999999,1,-12.56411483253588
PR006441,29/04/2026,MANDI020,REQUIRES_INVESTIGATION,2096.0,2183.0,-87.0,1,-3.985341273476867
PR004969,2026/01/22,MANDI004,Wheat,2284.0,2275.0,9.0,0,0.3956043956043956
PR002436,07-22-2026,MANDI003,Cotton,7323.05,6620.0,703.0500000000002,0,10.62009063444109
PR008704,03.01.2026,MANDI049,Paddy,2308.0,2183.0,125.0,0,5.726065048098946
PR006571,2026-06-05,MANDI025,Sugarcane,3250.37,3500.0,-249.6300000000001,1,-7.132285714285717
PR005012,14-Mar-2026,,Cotton,7156.89,6620.0,536.8900000000003,0,8.110120845921456
PR009800,08-08-2026,MANDI056,Sugarcane,3719.0,3500.0,219.0,0,6.257142857142857
PR011752,2026/02/25,MANDI050,REQUIRES_INVESTIGATION,2180.3,2090.0,90.30000000000018,0,4.320574162679434
PR001684,2026/01/04,MANDI031,Wheat,2413.0,2275.0,138.0,0,6.065934065934066
PR003876,11/01/2026,,REQUIRES_INVESTIGATION,2096.06,2183.0,-86.94000000000005,1,-3.982592762253782
PR003685,09/04/2026,MANDI019,Cotton,6600.06,6620.0,-19.9399999999996,1,-0.30120845921449546
PR006406,06.04.2026,MANDI016,Wheat,2447.24,2275.0,172.23999999999978,0,7.570989010989002
PR005345,31-Aug-2026,MANDI044,REQUIRES_INVESTIGATION,2015.1725629784887,2090.0,-74.82743702151129,1,-3.5802601445699183
PR005793,01.05.2026,,Wheat,2421.0,2275.0,146.0,0,6.417582417582418
PR004088,19.05.2026,MANDI044,Mustard,6360.42,5650.0,710.4200000000001,0,12.573805309734515
PR001892,29/07/2026,MANDI047,Mustard,5473.64,5650.0,-176.35999999999967,1,-3.121415929203534
PR000565,23/02/2026,MANDI028,Corn,2193.82,2090.0,103.82000000000016,0,4.967464114832543
PR007672,2026-01-20,MANDI009,Mustard,5683.0,5650.0,33.0,0,0.584070796460177
PR004224,20/05/2026,,Mustard,5080.24,5650.0,-569.7600000000002,1,-10.084247787610623
PR003793,03-27-2026,MANDI016,Wheat,2324.37,2275.0,49.36999999999989,0,2.1701098901098854
PR008192,21/06/2026,MANDI017,Wheat,2334.14,2275.0,59.13999999999987,0,2.599560439560434
PR004765,2026-02-14,MANDI036,Paddy,2264.0,2183.0,81.0,0,3.710490151168117
PR005560,2026/01/27,MANDI020,REQUIRES_INVESTIGATION,5864.6,5650.0,214.60000000000036,0,3.7982300884955813
PR010146,16/08/2026,MANDI042,Corn,2117.0,2090.0,27.0,0,1.291866028708134
PR004746,31-Aug-2026,MANDI047,Sugarcane,3418.78,3500.0,-81.2199999999998,1,-2.320571428571423
PR003694,2026/03/26,MANDI018,Corn,2141.94,2090.0,51.940000000000055,0,2.485167464114835
PR009191,07-26-2026,MANDI007,REQUIRES_INVESTIGATION,2414.83,2090.0,324.8299999999999,0,15.54210526315789
PR004679,16.07.2026,MANDI042,Corn,1966.58,2090.0,-123.42000000000007,1,-5.9052631578947405
PR009690,2026-08-30,MANDI057,Corn,2154.0,2090.0,64.0,0,3.062200956937799
PR011682,26/04/2026,MANDI001,REQUIRES_INVESTIGATION,1958.6068949349915,2090.0,-131.3931050650085,1,-6.286751438517153
PR011890,2026-07-15,MANDI011,REQUIRES_INVESTIGATION,2194.0,2090.0,104.0,0,4.976076555023924
PR000623,06.04.2026,MANDI056,Sugarcane,3788.0,3500.0,288.0,0,8.228571428571428
PR002223,11/03/2026,MANDI041,REQUIRES_INVESTIGATION,3266.38,3500.0,-233.6199999999999,1,-6.67485714285714
PR006321,11/05/2026,MANDI017,REQUIRES_INVESTIGATION,2051.21,2090.0,-38.789999999999964,1,-1.8559808612440176
PR005853,26/05/2026,MANDI022,REQUIRES_INVESTIGATION,5754.06,5650.0,104.0600000000004,0,1.8417699115044317
PR000522,01-29-2026,MANDI051,Sugarcane,3749.804557918297,3500.0,249.80455791829718,0,7.137273083379919
PR007505,2026/04/15,MANDI051,Sugarcane,3364.0,3500.0,-136.0,1,-3.8857142857142852
PR003585,2026/08/21,MANDI052,Mustard,6295.78,5650.0,645.7799999999997,0,11.429734513274331
PR007258,02-20-2026,MANDI007,Cotton,7207.0,6620.0,587.0,0,8.867069486404834
PR003282,03-16-2026,MANDI043,Wheat,2562.62,2275.0,287.6199999999999,0,12.642637362637357
PR011705,16/05/2026,MANDI029,REQUIRES_INVESTIGATION,2144.26,2183.0,-38.73999999999978,1,-1.7746220797068155
PR004173,04-Aug-2026,MANDI028,Wheat,2309.54,2275.0,34.539999999999964,0,1.5182417582417567
PR008491,12.04.2026,MANDI037,REQUIRES_INVESTIGATION,1966.66,2090.0,-123.33999999999992,1,-5.901435406698561
PR007440,02-12-2026,MANDI041,Wheat,2625.3,2275.0,350.3000000000002,0,15.397802197802205
PR004820,06-21-2026,MANDI036,Cotton,6909.31,6620.0,289.3100000000004,0,4.370241691842907
PR007853,2026-01-26,MANDI004,REQUIRES_INVESTIGATION,1923.78,2090.0,-166.22000000000003,1,-7.9531100478468915
PR004388,08-13-2026,MANDI035,Cotton,6741.77,6620.0,121.77000000000044,0,1.8394259818731182
PR006736,20-Feb-2026,,REQUIRES_INVESTIGATION,2056.0,2090.0,-34.0,1,-1.6267942583732056
PR002611,29-Aug-2026,,Mustard,5040.916790953018,5650.0,-609.0832090469821,1,-10.780233788442162
PR011223,24/02/2026,MANDI027,REQUIRES_INVESTIGATION,2062.7,2090.0,-27.300000000000182,1,-1.3062200956937886
PR011302,2026-05-08,MANDI014,Wheat,2142.15,2275.0,-132.8499999999999,1,-5.839560439560436
PR010307,10-Apr-2026,,REQUIRES_INVESTIGATION,3776.27,3500.0,276.27,0,7.89342857142857
PR008058,08/09/2026,MANDI009,Wheat,2159.8305998808305,2275.0,-115.1694001191695,1,-5.062391214029429
PR004160,06-12-2026,MANDI040,Sugarcane,3944.36,3500.0,444.3600000000001,0,12.696000000000005
PR009381,02-11-2026,MANDI001,Paddy,1928.95,2183.0,-254.04999999999995,1,-11.637654603756296
PR009862,02-11-2026,MANDI052,Cotton,6245.0,6620.0,-375.0,1,-5.664652567975831
PR003055,30/01/2026,MANDI027,Sugarcane,3181.0,3500.0,-319.0,1,-9.114285714285714
PR011007,2026-05-12,MANDI001,REQUIRES_INVESTIGATION,2082.0,2090.0,-8.0,1,-0.3827751196172249
PR001413,2026-03-27,MANDI026,Cotton,6144.76,6620.0,-475.2399999999998,1,-7.1788519637462205
PR004642,05/06/2026,MANDI039,REQUIRES_INVESTIGATION,2534.78,2183.0,351.7800000000002,0,16.114521300961986
PR007957,02-Jul-2026,MANDI045,REQUIRES_INVESTIGATION,2128.09,2183.0,-54.909999999999854,1,-2.5153458543288987
PR007584,13-Jul-2026,MANDI056,Corn,2013.99,2090.0,-76.00999999999999,1,-3.636842105263158
PR009617,03.04.2026,MANDI029,REQUIRES_INVESTIGATION,2241.34,2183.0,58.340000000000146,0,2.672469079248747
PR011245,20.08.2026,MANDI041,Paddy,2375.0,2183.0,192.0,0,8.795235913879981
PR002072,04-01-2026,MANDI012,Cotton,6767.212764113795,6620.0,147.21276411379495,0,2.22375776606941
PR000296,2026-04-19,MANDI033,Wheat,2231.0,2275.0,-44.0,1,-1.934065934065934
PR008301,2026-08-15,,Cotton,6985.0,6620.0,365.0,0,5.5135951661631415
PR006461,2026-01-21,MANDI017,Corn,2259.0,2090.0,169.0,0,8.086124401913876
PR002746,2026/01/14,MANDI007,REQUIRES_INVESTIGATION,2056.5,2183.0,-126.5,1,-5.794777828676134
PR002881,28.03.2026,MANDI009,REQUIRES_INVESTIGATION,2408.55,2183.0,225.55000000000018,0,10.332111772789746
PR005753,05-Mar-2026,MANDI049,Mustard,5437.41,5650.0,-212.59000000000015,1,-3.7626548672566393
PR009549,12/05/2026,MANDI009,Sugarcane,3572.15,3500.0,72.15000000000009,0,2.061428571428574
PR002866,2026-03-13,,REQUIRES_INVESTIGATION,3436.56,3500.0,-63.440000000000055,1,-1.81257142857143
PR003802,06/01/2026,MANDI057,REQUIRES_INVESTIGATION,2230.49,2183.0,47.48999999999978,0,2.175446633073742
PR011038,07.07.2026,MANDI057,Cotton,7064.44,6620.0,444.4399999999996,0,6.713595166163136
PR007948,2026/06/28,MANDI050,Cotton,6492.68,6620.0,-127.31999999999971,1,-1.9232628398791498
PR011386,29/08/2026,MANDI054,Mustard,5847.32,5650.0,197.3199999999997,0,3.4923893805309683
PR005789,2026/06/19,MANDI023,Paddy,2251.11,2183.0,68.11000000000013,0,3.1200183234081598
PR009161,2026-03-26,MANDI022,Cotton,5958.51,6620.0,-661.4899999999998,1,-9.99229607250755
PR009730,2026/02/25,MANDI034,Wheat,2318.0,2275.0,43.0,0,1.8901098901098903
PR000204,2026/04/15,MANDI028,Cotton,6301.62,6620.0,-318.3800000000001,1,-4.809365558912388
PR006794,2026-01-09,MANDI014,Cotton,7169.324738259747,6620.0,549.3247382597474,0,8.29795677129528
PR003852,2026-03-10,MANDI027,Wheat,2334.88,2275.0,59.88000000000011,0,2.632087912087917
PR001142,03-21-2026,MANDI021,Sugarcane,3513.0,3500.0,13.0,0,0.37142857142857144
PR002275,2026-06-03,MANDI026,Cotton,6955.96,6620.0,335.96000000000004,0,5.074924471299094
PR004675,2026/05/02,,Corn,1939.03,2090.0,-150.97000000000003,1,-7.223444976076557
PR006368,2026-04-01,,Sugarcane,3756.0,3500.0,256.0,0,7.314285714285715
PR001869,03/01/2026,MANDI045,Wheat,2390.07,2275.0,115.07000000000016,0,5.058021978021985
PR003844,2026-01-12,MANDI023,Corn,2256.65,2090.0,166.6500000000001,0,7.97368421052632
PR010466,05-Sep-2026,MANDI034,REQUIRES_INVESTIGATION,2044.97,2183.0,-138.02999999999997,1,-6.322950068712779
PR000964,2026-07-27,MANDI052,Sugarcane,3394.131752285398,3500.0,-105.86824771460215,1,-3.0248070775600615
PR010271,25/08/2026,MANDI039,Wheat,2475.0,2275.0,200.0,0,8.791208791208792
PR001102,12/07/2026,MANDI039,Cotton,7344.32,6620.0,724.3199999999997,0,10.941389728096672
PR003565,15/04/2026,MANDI025,REQUIRES_INVESTIGATION,2255.4162009942806,2183.0,72.41620099428064,0,3.3172790194356683
PR009465,2026-06-17,MANDI003,Paddy,2010.0,2183.0,-173.0,1,-7.924874026568942
PR000880,2026/06/10,,REQUIRES_INVESTIGATION,2043.03,2183.0,-139.97000000000003,1,-6.411818598259278
PR005698,25.02.2026,MANDI017,Sugarcane,3854.6,3500.0,354.5999999999999,0,10.131428571428568
PR010308,10-Mar-2026,MANDI057,Mustard,5422.42,5650.0,-227.57999999999993,1,-4.02796460176991
PR003618,19.07.2026,MANDI040,Corn,1871.83,2090.0,-218.17000000000007,1,-10.438755980861247
PR005791,28/08/2026,MANDI040,Wheat,2410.0,2275.0,135.0,0,5.934065934065933
PR008813,2026/07/27,MANDI007,REQUIRES_INVESTIGATION,1961.3880871036304,2090.0,-128.61191289636963,1,-6.1536800428884995
PR008303,03-02-2026,,Paddy,2308.97,2183.0,125.9699999999998,0,5.770499312872185
PR008958,26-Mar-2026,MANDI009,REQUIRES_INVESTIGATION,2252.03,2183.0,69.0300000000002,0,3.1621621621621716
PR008425,2026-09-03,MANDI053,Cotton,7340.22,6620.0,720.2200000000003,0,10.879456193353478
PR010432,2026-07-29,MANDI056,Mustard,5737.3,5650.0,87.30000000000018,0,1.545132743362835
PR008311,03-12-2026,MANDI011,Corn,2003.58,2090.0,-86.42000000000007,1,-4.134928229665076
PR003662,03-Apr-2026,MANDI006,Wheat,2228.04,2275.0,-46.960000000000036,1,-2.064175824175826
PR011621,2026/03/10,MANDI047,Cotton,6269.61,6620.0,-350.3900000000003,1,-5.292900302114808
PR000700,20/04/2026,MANDI051,Mustard,6025.888876281302,5650.0,375.88887628130215,0,6.652900465155791
PR010054,25-May-2026,,Mustard,5705.11,5650.0,55.10999999999967,0,0.9753982300884898
PR010603,13-Apr-2026,MANDI008,Wheat,2184.25,2275.0,-90.75,1,-3.989010989010989
PR006332,02/01/2026,MANDI037,Cotton,6253.28,6620.0,-366.72000000000025,1,-5.539577039274928
PR004610,05-07-2026,,Corn,2285.0,2090.0,195.0,0,9.330143540669857
PR006723,18/06/2026,MANDI029,Mustard,6572.54,5650.0,922.54,0,16.328141592920353
PR007886,2026-07-19,MANDI024,Cotton,6027.94,6620.0,-592.0600000000004,1,-8.943504531722061
PR006728,06-Apr-2026,MANDI019,Sugarcane,3464.6,3500.0,-35.40000000000009,1,-1.011428571428574
PR007343,29-Apr-2026,MANDI010,REQUIRES_INVESTIGATION,2439.34,2183.0,256.34000000000015,0,11.742556115437477
PR011555,05-13-2026,MANDI026,Wheat,2168.18,2275.0,-106.82000000000016,1,-4.695384615384623
PR004815,07-27-2026,MANDI016,Mustard,5113.21,5650.0,-536.79,1,-9.50070796460177
PR011030,16.02.2026,MANDI001,Cotton,6246.15,6620.0,-373.85000000000036,1,-5.647280966767377
PR001177,30.01.2026,MANDI012,REQUIRES_INVESTIGATION,6165.4,5650.0,515.3999999999996,0,9.122123893805304
PR011317,02-02-2026,MANDI034,Mustard,5330.0,5650.0,-320.0,1,-5.663716814159292
PR004387,16-Jun-2026,MANDI056,Cotton,6456.0,6620.0,-164.0,1,-2.4773413897280965
PR003691,01.07.2026,MANDI005,Mustard,5663.03,5650.0,13.029999999999745,0,0.23061946902654418
PR008546,03-18-2026,MANDI044,Wheat,2333.31,2275.0,58.309999999999945,0,2.563076923076921
PR009999,07-23-2026,MANDI056,REQUIRES_INVESTIGATION,2142.24,2183.0,-40.76000000000022,1,-1.8671552908841145
PR000932,2026/07/25,,Cotton,6171.38,6620.0,-448.6199999999999,1,-6.7767371601208435
PR011388,2026/01/12,MANDI031,Wheat,2385.04,2275.0,110.03999999999996,0,4.8369230769230755
PR005038,25-Aug-2026,MANDI017,REQUIRES_INVESTIGATION,2140.44,2183.0,-42.559999999999945,1,-1.9496106275767269
PR000451,12-May-2026,MANDI036,Wheat,2184.34,2275.0,-90.65999999999985,1,-3.985054945054939
PR006299,2026/01/22,MANDI017,Wheat,2597.27,2275.0,322.27,0,14.165714285714284
PR005031,2026-05-01,MANDI030,Mustard,5806.15,5650.0,156.14999999999964,0,2.7637168141592854
PR001088,2026-08-11,MANDI007,Wheat,2543.56,2275.0,268.55999999999995,0,11.804835164835161
PR004041,15/08/2026,MANDI033,REQUIRES_INVESTIGATION,2000.0,2183.0,-183.0,1,-8.382959230416857
PR009288,01.09.2026,MANDI043,Mustard,5983.97,5650.0,333.97000000000025,0,5.910973451327438
PR008445,2026-04-06,MANDI006,Wheat,2287.7009610793107,2275.0,12.700961079310673,0,0.5582840034861835
PR007545,2026-01-28,MANDI045,Corn,2150.0,2090.0,60.0,0,2.8708133971291865
PR003577,2026/06/06,MANDI032,REQUIRES_INVESTIGATION,2113.51,2183.0,-69.48999999999978,1,-3.183234081539156
PR008166,2026-09-02,MANDI054,Cotton,6291.3,6620.0,-328.6999999999998,1,-4.965256797583079
PR008089,13/07/2026,MANDI035,Sugarcane,3507.33,3500.0,7.329999999999927,0,0.20942857142856935
PR004490,2026/05/07,MANDI026,REQUIRES_INVESTIGATION,2075.15,2183.0,-107.84999999999991,1,-4.940448923499767
PR003096,14.05.2026,MANDI022,Wheat,2333.34,2275.0,58.340000000000146,0,2.5643956043956107
PR001907,2026/06/08,MANDI033,Corn,1960.71,2090.0,-129.28999999999996,1,-6.186124401913874
PR008725,09-08-2026,MANDI048,REQUIRES_INVESTIGATION,6443.83,5650.0,793.8299999999999,0,14.050088495575219
PR011540,30-Apr-2026,MANDI039,REQUIRES_INVESTIGATION,2195.89,2090.0,105.88999999999987,0,5.066507177033486
PR000426,12-May-2026,MANDI005,Mustard,5339.093562711641,5650.0,-310.9064372883586,1,-5.502768801563868
PR008737,19.02.2026,,Wheat,2283.2154812094777,2275.0,8.21548120947773,0,0.36112005316385626
PR004581,19/04/2026,MANDI008,Mustard,5685.35,5650.0,35.350000000000364,0,0.6256637168141658
PR005774,11-Apr-2026,MANDI043,Wheat,2262.37,2275.0,-12.63000000000011,1,-0.5551648351648399
PR001980,26/06/2026,MANDI009,Wheat,2226.97,2275.0,-48.0300000000002,1,-2.1112087912088002
PR010196,2026/02/12,,REQUIRES_INVESTIGATION,3716.59,3500.0,216.59000000000015,0,6.188285714285718
PR009589,02/09/2026,MANDI055,Wheat,2420.0,2275.0,145.0,0,6.373626373626373
PR001532,17/08/2026,MANDI047,Cotton,6427.762905020935,6620.0,-192.23709497906475,1,-2.9038836099556606
PR001119,13.08.2026,MANDI001,Corn,2219.0,2090.0,129.0,0,6.172248803827751
PR003595,27.05.2026,,Wheat,2481.0,2275.0,206.0,0,9.054945054945055
PR006901,21/08/2026,MANDI057,Mustard,5561.949469370068,5650.0,-88.05053062993193,1,-1.558416471326229
PR000111,17.01.2026,MANDI049,Sugarcane,3425.23,3500.0,-74.76999999999998,1,-2.1362857142857137
PR002206,30.08.2026,MANDI051,Corn,2422.0,2090.0,332.0,0,15.885167464114833
PR004023,02-20-2026,MANDI005,Sugarcane,3891.84,3500.0,391.84000000000015,0,11.195428571428575
PR004024,2026/02/22,MANDI053,REQUIRES_INVESTIGATION,2019.07,2090.0,-70.93000000000006,1,-3.393779904306223
PR008952,09/02/2026,MANDI027,Corn,2276.85,2090.0,186.8499999999999,0,8.940191387559803
PR000199,20/06/2026,MANDI056,Wheat,2308.76,2275.0,33.76000000000022,0,1.4839560439560535
PR010686,02-Sep-2026,MANDI008,Mustard,5745.9,5650.0,95.89999999999964,0,1.6973451327433564
PR006552,2026/08/16,,Mustard,5520.08,5650.0,-129.92000000000007,1,-2.2994690265486737
PR004814,31-Jan-2026,MANDI025,Cotton,6813.9,6620.0,193.89999999999964,0,2.9290030211480307
PR009042,10.01.2026,MANDI038,REQUIRES_INVESTIGATION,2029.47,2090.0,-60.52999999999997,1,-2.8961722488038264
PR004832,2026-02-06,MANDI042,Corn,2227.91,2090.0,137.90999999999985,0,6.598564593301429
PR009739,07-05-2026,MANDI025,Cotton,6407.923989855025,6620.0,-212.07601014497504,1,-3.203565107930137
PR011867,08-22-2026,MANDI004,Wheat,2594.409172125229,2275.0,319.4091721252289,0,14.039963609900171
PR005798,2026/05/08,MANDI004,Sugarcane,3721.0,3500.0,221.0,0,6.314285714285714
PR004537,21.06.2026,,Cotton,6473.47,6620.0,-146.52999999999975,1,-2.2134441087613252
PR007640,06-Feb-2026,MANDI018,Corn,1929.69,2090.0,-160.30999999999995,1,-7.6703349282296625
PR000706,06-10-2026,MANDI039,Mustard,5114.0,5650.0,-536.0,1,-9.486725663716813
PR007203,2026-04-12,MANDI012,Cotton,7176.382391045096,6620.0,556.3823910450956,0,8.404567840560356
PR004925,2026-03-04,,Corn,2283.02,2090.0,193.01999999999998,0,9.235406698564592
PR008084,2026-08-28,MANDI041,Wheat,2514.02,2275.0,239.01999999999998,0,10.506373626373627
PR006457,22.01.2026,MANDI031,Sugarcane,3688.95,3500.0,188.94999999999982,0,5.398571428571423
PR005221,02.04.2026,MANDI037,Sugarcane,3600.96,3500.0,100.96000000000004,0,2.8845714285714297
PR006458,2026/03/16,MANDI023,Sugarcane,3917.69,3500.0,417.69000000000005,0,11.934000000000001
PR009420,2026-04-25,MANDI035,Sugarcane,3527.08,3500.0,27.079999999999927,0,0.7737142857142837
PR006774,18/08/2026,MANDI013,Wheat,2567.0,2275.0,292.0,0,12.835164835164836
PR004896,04-12-2026,MANDI054,Cotton,7603.42,6620.0,983.4200000000001,0,14.855287009063446
PR003997,21.04.2026,MANDI036,Sugarcane,3850.73,3500.0,350.73,0,10.020857142857144
PR011788,23.01.2026,,Wheat,2438.324179220701,2275.0,163.3241792207009,0,7.17908480090993
PR000806,02.08.2026,MANDI056,Corn,2086.62,2090.0,-3.380000000000109,1,-0.16172248803828274
PR001790,14.04.2026,MANDI004,Cotton,6547.0,6620.0,-73.0,1,-1.1027190332326284
PR005724,2026/02/06,MANDI049,Cotton,7338.3,6620.0,718.3000000000002,0,10.850453172205441
PR008918,11/06/2026,,REQUIRES_INVESTIGATION,2171.69,2183.0,-11.309999999999945,1,-0.5180943655519902
PR003416,2026-04-17,MANDI016,Sugarcane,3763.59,3500.0,263.59000000000015,0,7.531142857142862
PR001374,10.07.2026,MANDI036,Sugarcane,3375.77,3500.0,-124.23000000000002,1,-3.5494285714285723
PR009227,15-Aug-2026,MANDI045,REQUIRES_INVESTIGATION,2322.26,2183.0,139.26000000000022,0,6.379294548786084
PR002808,14-Mar-2026,MANDI013,Corn,2260.0,2090.0,170.0,0,8.133971291866029
PR007630,09/06/2026,MANDI016,Mustard,5907.286698007651,5650.0,257.28669800765056,0,4.553746867392046
PR010733,2026-06-12,MANDI003,REQUIRES_INVESTIGATION,2260.25,2090.0,170.25,0,8.145933014354068
PR003375,01-07-2026,MANDI018,REQUIRES_INVESTIGATION,2220.63,2183.0,37.63000000000011,0,1.7237746220797119
PR007972,28/06/2026,MANDI017,Sugarcane,3389.0,3500.0,-111.0,1,-3.1714285714285717
PR010608,2026/02/03,MANDI011,Mustard,5825.22,5650.0,175.22000000000025,0,3.101238938053102
PR006377,23/06/2026,MANDI040,Cotton,7338.0,6620.0,718.0,0,10.845921450151057
PR002055,05-Jul-2026,MANDI057,REQUIRES_INVESTIGATION,2067.11,2183.0,-115.88999999999987,1,-5.308749427393489
PR002924,25-Aug-2026,MANDI036,Sugarcane,3263.4971529846007,3500.0,-236.5028470153993,1,-6.75722420043998
PR011579,04-Apr-2026,MANDI049,Sugarcane,3514.0,3500.0,14.0,0,0.4
PR000279,07.08.2026,MANDI029,Mustard,5732.84,5650.0,82.84000000000015,0,1.4661946902654892
PR009009,25.02.2026,MANDI037,Wheat,2332.0,2275.0,57.0,0,2.5054945054945055
PR008662,14.02.2026,MANDI037,REQUIRES_INVESTIGATION,3329.65,3500.0,-170.3499999999999,1,-4.867142857142855
PR002334,07-Jan-2026,,Cotton,6341.54,6620.0,-278.46000000000004,1,-4.206344410876133
PR009570,28.07.2026,MANDI050,Cotton,7089.05,6620.0,469.0500000000002,0,7.0853474320241725
PR008736,01-27-2026,MANDI053,REQUIRES_INVESTIGATION,2247.71,2183.0,64.71000000000004,0,2.9642693540998644
PR010717,01-Apr-2026,MANDI037,Cotton,6273.0,6620.0,-347.0,1,-5.241691842900302
PR009336,2026/04/10,MANDI057,Cotton,7437.0,6620.0,817.0,0,12.341389728096678
PR005033,13/01/2026,MANDI018,Wheat,2569.77,2275.0,294.77,0,12.956923076923077
PR005824,30-Jul-2026,MANDI012,Sugarcane,3561.0,3500.0,61.0,0,1.7428571428571429
PR005927,06/09/2026,,Mustard,6124.111279010487,5650.0,474.1112790104871,0,8.391350070982073
PR011040,08-12-2026,MANDI043,Mustard,5576.52,5650.0,-73.47999999999956,1,-1.3005309734513197
PR001123,09-May-2026,MANDI041,Wheat,2102.6339005752125,2275.0,-172.36609942478754,1,-7.576531842847804
PR000024,09.04.2026,MANDI046,REQUIRES_INVESTIGATION,2210.1,2183.0,27.09999999999991,0,1.2414109024278475
PR008031,29-Jan-2026,MANDI032,Cotton,6611.21,6620.0,-8.789999999999964,1,-0.1327794561933529
PR006831,2026/09/04,MANDI016,REQUIRES_INVESTIGATION,2079.0,2090.0,-11.0,1,-0.5263157894736842
PR009039,19/04/2026,MANDI036,Cotton,7058.157799637411,6620.0,438.1577996374108,0,6.618697879719196
PR010082,2026/06/12,MANDI035,Paddy,2335.08,2183.0,152.07999999999993,0,6.966559780119098
PR000796,2026/04/24,MANDI010,Cotton,6303.33,6620.0,-316.6700000000001,1,-4.783534743202418
PR006861,18/08/2026,MANDI056,Wheat,2072.95,2275.0,-202.05000000000018,1,-8.881318681318689
PR010416,2026/05/11,MANDI050,REQUIRES_INVESTIGATION,5880.79481780385,5650.0,230.79481780384958,0,4.084864031926541
PR008907,2026-05-11,MANDI046,Wheat,2050.0,2275.0,-225.0,1,-9.89010989010989
PR005743,02.03.2026,MANDI016,Sugarcane,3427.46,3500.0,-72.53999999999996,1,-2.0725714285714276
PR009011,2026/08/20,MANDI008,Corn,2115.607538030623,2090.0,25.60753803062289,0,1.225241054096789
PR005886,23.05.2026,MANDI049,Wheat,2386.9,2275.0,111.90000000000009,0,4.9186813186813225
PR000439,07-30-2026,MANDI039,REQUIRES_INVESTIGATION,2248.26,2183.0,65.26000000000022,0,2.989464040311508
PR004926,20-Jan-2026,MANDI006,Mustard,5350.13,5650.0,-299.8699999999999,1,-5.307433628318583
PR006538,24-Jan-2026,MANDI001,REQUIRES_INVESTIGATION,3301.38,3500.0,-198.6199999999999,1,-5.67485714285714
PR010391,09-Jul-2026,MANDI040,Mustard,5259.89,5650.0,-390.1099999999997,1,-6.9046017699114985
PR008017,2026-07-08,MANDI007,Paddy,2073.21,2183.0,-109.78999999999996,1,-5.029317453046265
PR011714,2026-06-13,MANDI011,Mustard,5504.39,5650.0,-145.60999999999967,1,-2.5771681415929146
PR011528,2026/02/20,MANDI015,Corn,2337.0,2090.0,247.0,0,11.818181818181818
PR009571,05/01/2026,MANDI007,REQUIRES_INVESTIGATION,2129.5911521134008,2183.0,-53.40884788659923,1,-2.446580297141513
PR003957,30/05/2026,,Wheat,2439.76,2275.0,164.76000000000022,0,7.242197802197811
PR010563,26-Apr-2026,,Corn,1967.7,2090.0,-122.29999999999995,1,-5.851674641148323
PR005436,26.04.2026,MANDI052,Mustard,6221.0,5650.0,571.0,0,10.106194690265486
PR009626,04-Sep-2026,MANDI010,Corn,2352.32,2090.0,262.32000000000016,0,12.551196172248813
PR010201,03-15-2026,MANDI008,Sugarcane,3635.0,3500.0,135.0,0,3.8571428571428568
PR002938,2026/06/26,MANDI044,REQUIRES_INVESTIGATION,3524.65,3500.0,24.65000000000009,0,0.704285714285717
PR005937,20/06/2026,MANDI006,Wheat,2409.72,2275.0,134.7199999999998,0,5.921758241758233
PR004362,12/01/2026,MANDI023,Sugarcane,3341.0,3500.0,-159.0,1,-4.542857142857143
PR000509,22/08/2026,MANDI029,Paddy,2340.1638462993114,2183.0,157.16384629931144,0,7.1994432569542575
PR003333,2026/08/13,MANDI011,Cotton,7089.72,6620.0,469.72000000000025,0,7.095468277945622
PR000129,2026/01/14,,Mustard,6075.0,5650.0,425.0,0,7.52212389380531
PR003910,2026/02/15,,Cotton,6535.74,6620.0,-84.26000000000022,1,-1.2728096676737193
PR003608,2026/06/09,,Wheat,2321.1983496855746,2275.0,46.19834968557461,0,2.0306966894758074
PR010275,2026-08-14,MANDI046,Cotton,6755.43,6620.0,135.4300000000003,0,2.0457703927492488
PR003948,2026/04/30,,Cotton,6920.78,6620.0,300.77999999999975,0,4.543504531722051
PR001366,09-02-2026,MANDI009,Mustard,6228.47,5650.0,578.4700000000003,0,10.238407079646022
PR003687,27-Mar-2026,MANDI009,REQUIRES_INVESTIGATION,2119.19,2183.0,-63.809999999999945,1,-2.9230416857535477
PR007531,02/02/2026,MANDI030,Wheat,2477.8,2275.0,202.80000000000018,0,8.914285714285722
PR000083,2026/03/09,MANDI042,Sugarcane,3862.0,3500.0,362.0,0,10.342857142857142
PR005983,03/02/2026,MANDI004,Cotton,6429.0,6620.0,-191.0,1,-2.8851963746223563
PR009903,10.04.2026,MANDI025,Sugarcane,3928.0,3500.0,428.0,0,12.22857142857143
PR001889,2026-02-04,MANDI049,Corn,2127.66,2090.0,37.659999999999854,0,1.8019138755980793
PR009700,05-Apr-2026,MANDI008,Wheat,2301.0,2275.0,26.0,0,1.1428571428571428
PR011962,15.03.2026,MANDI005,Cotton,7297.34,6620.0,677.3400000000001,0,10.231722054380667
PR006305,02/04/2026,MANDI047,Sugarcane,3561.74,3500.0,61.73999999999978,0,1.7639999999999938
PR009113,08.02.2026,MANDI050,Mustard,5160.69,5650.0,-489.3100000000004,1,-8.660353982300892
PR010138,07-28-2026,MANDI013,Corn,2080.52,2090.0,-9.480000000000018,1,-0.4535885167464123
PR002739,22-Jul-2026,MANDI036,Sugarcane,3997.91,3500.0,497.90999999999985,0,14.225999999999997
PR000976,01.04.2026,,Wheat,2032.95,2275.0,-242.04999999999995,1,-10.639560439560437
PR009672,2026/06/20,MANDI020,Wheat,2556.0,2275.0,281.0,0,12.351648351648352
PR010346,08/02/2026,MANDI011,Mustard,6229.53,5650.0,579.5299999999997,0,10.257168141592917
PR002008,20/07/2026,MANDI029,REQUIRES_INVESTIGATION,2036.73,2090.0,-53.26999999999998,1,-2.548803827751195
PR010163,22-Feb-2026,MANDI050,Wheat,2449.6,2275.0,174.5999999999999,0,7.6747252747252706
PR006364,18/05/2026,MANDI046,Sugarcane,3573.99,3500.0,73.98999999999978,0,2.1139999999999937
PR001016,29-Mar-2026,MANDI056,Corn,2121.4,2090.0,31.40000000000009,0,1.502392344497612
PR000171,23.01.2026,MANDI006,Sugarcane,3363.79,3500.0,-136.21000000000004,1,-3.8917142857142863
PR003065,05-10-2026,MANDI037,REQUIRES_INVESTIGATION,2375.24,2183.0,192.23999999999978,0,8.806229958772322
PR007872,06-30-2026,MANDI022,Wheat,2439.49,2275.0,164.48999999999978,0,7.2303296703296605
PR007826,2026-05-12,MANDI039,Wheat,2210.17,2275.0,-64.82999999999993,1,-2.8496703296703263
PR003968,2026/08/03,MANDI027,Cotton,7309.48,6620.0,689.4799999999996,0,10.41510574018126
PR010373,2026-01-13,MANDI014,Mustard,5255.90074029971,5650.0,-394.0992597002896,1,-6.975208136288312
PR003493,09.09.2026,MANDI016,REQUIRES_INVESTIGATION,2076.99,2090.0,-13.010000000000218,1,-0.6224880382775224
PR007701,22/04/2026,MANDI034,Cotton,7628.52,6620.0,1008.5200000000004,0,15.234441087613298
PR006641,2026-09-03,MANDI031,REQUIRES_INVESTIGATION,2325.2810151042013,2183.0,142.2810151042013,0,6.517682780769642
PR008467,19/01/2026,MANDI029,REQUIRES_INVESTIGATION,3658.17,3500.0,158.17000000000007,0,4.519142857142859
PR009119,07-14-2026,MANDI019,Corn,2317.17,2090.0,227.17000000000007,0,10.869377990430626
PR006148,2026-07-22,MANDI047,Cotton,7059.95,6620.0,439.9499999999998,0,6.645770392749243
PR011104,08-30-2026,MANDI002,Wheat,2270.15,2275.0,-4.849999999999909,1,-0.21318681318680918
PR004898,06/01/2026,,REQUIRES_INVESTIGATION,2378.07,2183.0,195.07000000000016,0,8.935868071461298
PR007101,24-May-2026,MANDI026,REQUIRES_INVESTIGATION,5494.4,5650.0,-155.60000000000036,1,-2.753982300884962
PR003755,21.02.2026,MANDI007,Cotton,6633.56,6620.0,13.5600000000004,0,0.20483383685801207
PR009231,25.07.2026,MANDI006,Sugarcane,3762.41,3500.0,262.40999999999985,0,7.497428571428568
PR006454,02/08/2026,MANDI047,REQUIRES_INVESTIGATION,2120.49,2090.0,30.48999999999978,0,1.4588516746411377
PR007273,24-Jun-2026,MANDI008,Corn,1973.79,2090.0,-116.21000000000004,1,-5.560287081339714
PR002908,14/07/2026,MANDI043,Mustard,6001.0,5650.0,351.0,0,6.212389380530974
PR006374,01-09-2026,MANDI027,Mustard,5838.31,5650.0,188.3100000000004,0,3.3329203539823076
PR002160,2026/05/06,MANDI027,Wheat,2077.12,2275.0,-197.8800000000001,1,-8.698021978021982
PR004184,01/03/2026,MANDI037,Corn,2153.55,2090.0,63.55000000000018,0,3.040669856459339
PR010039,04/04/2026,,Wheat,2090.8858028875,2275.0,-184.11419711249982,1,-8.092931741208783
PR000511,2026/02/04,MANDI056,Wheat,2147.0,2275.0,-128.0,1,-5.626373626373626
PR011261,17.02.2026,MANDI012,Wheat,2594.4,2275.0,319.4000000000001,0,14.039560439560445
PR008269,04-Sep-2026,MANDI006,Sugarcane,3561.338298378673,3500.0,61.33829837867279,0,1.7525228108192226
PR005226,2026-04-12,MANDI002,Sugarcane,3394.96,3500.0,-105.03999999999996,1,-3.001142857142856
PR003600,27.08.2026,MANDI008,REQUIRES_INVESTIGATION,2210.2,2090.0,120.19999999999982,0,5.751196172248795
PR000468,2026-07-27,MANDI011,Mustard,6218.121371498172,5650.0,568.1213714981723,0,10.055245513241987
PR009628,06-Jun-2026,,Sugarcane,3409.0,3500.0,-91.0,1,-2.6
PR004262,11-Jul-2026,MANDI039,REQUIRES_INVESTIGATION,5660.734337367984,5650.0,10.734337367984153,0,0.18998827199971952
PR009697,03-Jun-2026,MANDI049,Cotton,6910.54684181801,6620.0,290.54684181800985,0,4.388925102991085
PR004762,02/04/2026,MANDI002,REQUIRES_INVESTIGATION,1954.47,2090.0,-135.52999999999997,1,-6.4846889952153095
PR003902,02-16-2026,MANDI015,Corn,1864.56,2090.0,-225.44000000000005,1,-10.7866028708134
PR000401,2026/01/10,,REQUIRES_INVESTIGATION,2231.71,2090.0,141.71000000000004,0,6.780382775119619
PR011247,2026-04-17,MANDI013,Wheat,2385.51,2275.0,110.51000000000022,0,4.857582417582427
PR007501,06-14-2026,MANDI015,Wheat,2243.65,2275.0,-31.34999999999991,1,-1.378021978021974
PR010353,20.02.2026,,REQUIRES_INVESTIGATION,2038.0,2183.0,-145.0,1,-6.642235455794777
PR008797,07-04-2026,MANDI030,Cotton,7106.16,6620.0,486.15999999999985,0,7.343806646525677
PR009886,2026-03-05,MANDI002,Mustard,5566.16,5650.0,-83.84000000000015,1,-1.4838938053097372
PR004042,2026/04/17,MANDI043,REQUIRES_INVESTIGATION,2048.38,2183.0,-134.6199999999999,1,-6.166743014200636
PR001725,16/06/2026,,REQUIRES_INVESTIGATION,2085.0,2183.0,-98.0,1,-4.489234997709574
PR003253,2026-03-22,MANDI019,Corn,1850.93,2090.0,-239.06999999999994,1,-11.438755980861242
PR003269,05-26-2026,MANDI023,Paddy,2520.761665322855,2183.0,337.76166532285515,0,15.472362131143157
PR001056,03.02.2026,MANDI014,REQUIRES_INVESTIGATION,3485.0,3500.0,-15.0,1,-0.4285714285714286
PR001495,17/02/2026,MANDI050,Corn,2284.78,2090.0,194.7800000000002,0,9.319617224880393
PR011757,05-08-2026,,REQUIRES_INVESTIGATION,2093.69,2183.0,-89.30999999999995,1,-4.091158955565732
PR008196,11.04.2026,MANDI049,Corn,2021.55,2090.0,-68.45000000000005,1,-3.2751196172248824
PR006975,03.02.2026,MANDI046,Sugarcane,3524.89,3500.0,24.889999999999873,0,0.7111428571428535
PR006705,01-25-2026,MANDI028,REQUIRES_INVESTIGATION,6042.59,5650.0,392.59000000000015,0,6.948495575221242
PR005799,2026-03-11,MANDI022,Cotton,7319.13,6620.0,699.1300000000001,0,10.560876132930515
PR003461,29/07/2026,MANDI025,Sugarcane,3370.39,3500.0,-129.61000000000013,1,-3.7031428571428613
PR003992,12/06/2026,MANDI043,Corn,2229.697247780514,2090.0,139.69724778051386,0,6.684078841172912
PR010852,04-22-2026,MANDI024,Paddy,2170.49,2183.0,-12.510000000000218,1,-0.5730645900137525
PR001804,06/03/2026,MANDI024,Mustard,5337.81,5650.0,-312.1899999999996,1,-5.52548672566371
PR004769,05-05-2026,MANDI004,Mustard,6136.0,5650.0,486.0,0,8.601769911504425
PR008900,07-Jun-2026,,Cotton,6891.423291690498,6620.0,271.42329169049844,0,4.100049723421427
PR002531,07-17-2026,MANDI016,Paddy,2061.34,2183.0,-121.65999999999985,1,-5.573064590013735
PR001501,22-Jan-2026,MANDI001,REQUIRES_INVESTIGATION,1929.12,2183.0,-253.8800000000001,1,-11.629867155290889
PR011659,2026/08/18,MANDI011,Cotton,6964.255692608065,6620.0,344.25569260806515,0,5.200237048460198
PR008407,08/05/2026,MANDI026,Cotton,6147.56,6620.0,-472.4399999999996,1,-7.136555891238665
PR005528,2026-06-16,MANDI049,Sugarcane,3923.98,3500.0,423.98,0,12.113714285714286
PR007161,2026/05/25,MANDI052,REQUIRES_INVESTIGATION,2258.265217198218,2183.0,75.26521719821812,0,3.4477882362903403
PR004705,2026-06-04,MANDI037,Wheat,2307.48,2275.0,32.48000000000002,0,1.4276923076923085
PR009204,31-Jan-2026,MANDI013,REQUIRES_INVESTIGATION,5689.39,5650.0,39.39000000000033,0,0.6971681415929261
PR004676,2026-03-06,MANDI041,REQUIRES_INVESTIGATION,5864.11,5650.0,214.10999999999967,0,3.7895575221238884
PR010038,06/05/2026,MANDI034,REQUIRES_INVESTIGATION,2124.45,2090.0,34.44999999999982,0,1.648325358851666
PR010649,18.02.2026,MANDI023,Paddy,2115.88,2183.0,-67.11999999999989,1,-3.0746678882272054
PR000946,25-Feb-2026,MANDI027,Mustard,5441.98,5650.0,-208.02000000000044,1,-3.6817699115044324
PR000033,08.08.2026,MANDI026,Paddy,2254.48,2183.0,71.48000000000002,0,3.274393037104902
PR007153,02/01/2026,MANDI049,Paddy,2064.09,2183.0,-118.90999999999985,1,-5.447091158955559
PR009460,2026-02-02,MANDI050,REQUIRES_INVESTIGATION,3142.86,3500.0,-357.1399999999999,1,-10.203999999999997
PR009870,06-12-2026,MANDI045,Cotton,7372.13,6620.0,752.1300000000001,0,11.361480362537767
PR000933,2026-04-23,MANDI037,Paddy,2270.4848000327515,2183.0,87.48480003275154,0,4.007549245659713
PR010206,2026-04-25,MANDI015,Corn,2083.06,2090.0,-6.940000000000055,1,-0.3320574162679452
PR005142,2026-07-23,MANDI035,REQUIRES_INVESTIGATION,2285.16,2090.0,195.15999999999985,0,9.337799043062194
PR003631,22-Mar-2026,MANDI054,REQUIRES_INVESTIGATION,2068.0,2090.0,-22.0,1,-1.0526315789473684
PR006522,2026-09-02,MANDI012,Cotton,7165.0,6620.0,545.0,0,8.23262839879154
PR002110,31-May-2026,MANDI014,Sugarcane,3590.0,3500.0,90.0,0,2.571428571428571
PR004505,04-Mar-2026,MANDI032,Cotton,6099.0,6620.0,-521.0,1,-7.8700906344410875
PR007380,2026-07-30,MANDI009,Corn,2044.4922378789636,2090.0,-45.50776212103642,1,-2.1774048861739916
PR002589,24/05/2026,MANDI053,Sugarcane,3711.64,3500.0,211.63999999999987,0,6.04685714285714
PR006668,2026-08-20,MANDI050,REQUIRES_INVESTIGATION,3676.16,3500.0,176.15999999999985,0,5.0331428571428525
PR005559,06-21-2026,MANDI043,REQUIRES_INVESTIGATION,2337.0,2090.0,247.0,0,11.818181818181818
PR008960,06-19-2026,MANDI022,Cotton,6711.61,6620.0,91.60999999999967,0,1.3838368580060374
PR002288,2026/01/28,MANDI051,Mustard,5375.19,5650.0,-274.8100000000004,1,-4.863893805309742
PR005416,09/09/2026,MANDI018,Corn,2119.5037398450118,2090.0,29.50373984501175,0,1.4116621935412321
PR002226,29-May-2026,MANDI018,REQUIRES_INVESTIGATION,1969.93,2183.0,-213.06999999999994,1,-9.760421438387537
PR002094,13/02/2026,MANDI051,Cotton,6749.63,6620.0,129.6300000000001,0,1.9581570996978868
PR005831,26.06.2026,MANDI039,Paddy,2426.370282812431,2183.0,243.37028281243101,0,11.148432561265736
PR007067,2026/05/12,MANDI053,Cotton,6483.71,6620.0,-136.28999999999996,1,-2.0587613293051357
PR010924,23.07.2026,MANDI025,Mustard,5877.34,5650.0,227.34000000000015,0,4.023716814159295
PR003831,2026-01-12,MANDI049,Paddy,2505.0,2183.0,322.0,0,14.750343563902884
PR001280,2026-07-09,MANDI004,Corn,1982.02,2090.0,-107.98000000000002,1,-5.166507177033494
PR006922,02.03.2026,MANDI044,Mustard,5860.369272887745,5650.0,210.36927288774496,0,3.723349962614955
PR009580,23/03/2026,MANDI057,Wheat,2545.926340138799,2275.0,270.9263401387989,0,11.908850115991159
PR005028,10.08.2026,MANDI024,Wheat,2518.21,2275.0,243.21000000000004,0,10.690549450549453
PR004460,28/07/2026,MANDI015,REQUIRES_INVESTIGATION,2083.42,2183.0,-99.57999999999993,1,-4.561612459917541
PR006433,13.02.2026,,Cotton,7357.08,6620.0,737.0799999999999,0,11.134138972809666
PR007789,17/07/2026,MANDI048,Wheat,2557.3,2275.0,282.3000000000002,0,12.408791208791218
PR010606,2026-08-05,MANDI028,Cotton,7307.44,6620.0,687.4399999999996,0,10.384290030211474
PR011479,2026-07-31,MANDI018,Cotton,6547.23,6620.0,-72.77000000000044,1,-1.099244712990943
PR010112,06-08-2026,,Corn,2230.0,2090.0,140.0,0,6.698564593301436
PR008550,04-May-2026,MANDI030,REQUIRES_INVESTIGATION,2366.16,2183.0,183.15999999999985,0,8.390288593678417
PR002582,2026-06-26,MANDI036,Wheat,2234.0,2275.0,-41.0,1,-1.802197802197802
PR002401,13.01.2026,MANDI002,Wheat,2078.672030697876,2275.0,-196.32796930212407,1,-8.629800848445015
PR008885,28-Apr-2026,MANDI018,REQUIRES_INVESTIGATION,3474.0,3500.0,-26.0,1,-0.7428571428571429
PR000429,2026-05-04,MANDI056,Wheat,2237.0,2275.0,-38.0,1,-1.6703296703296706
PR006221,03-08-2026,MANDI046,Paddy,2122.47,2183.0,-60.5300000000002,1,-2.772789738891443
PR004809,13/04/2026,MANDI014,Mustard,5692.724554367788,5650.0,42.72455436778819,0,0.7561868029697024
PR007242,21-Feb-2026,MANDI040,Mustard,6225.295243169459,5650.0,575.2952431694594,0,10.182216693264767
PR001133,10/05/2026,MANDI017,Wheat,2353.53,2275.0,78.5300000000002,0,3.451868131868141
PR006168,18-Feb-2026,MANDI031,Wheat,2225.5,2275.0,-49.5,1,-2.175824175824176
PR004441,2026-01-10,,Cotton,6479.28,6620.0,-140.72000000000025,1,-2.125679758308161
PR009012,01-23-2026,,Sugarcane,3846.29,3500.0,346.28999999999996,0,9.893999999999998
PR009283,2026-01-17,MANDI044,Sugarcane,3736.0,3500.0,236.0,0,6.742857142857144
PR011544,2026/08/14,MANDI015,REQUIRES_INVESTIGATION,2402.34,2183.0,219.34000000000015,0,10.04764086120019
PR004304,01.01.2026,MANDI034,Mustard,6356.0,5650.0,706.0,0,12.495575221238939
PR003946,2026-03-01,MANDI036,Wheat,2570.0923619943524,2275.0,295.09236199435236,0,12.971092834916586
PR005934,07-12-2026,MANDI050,Mustard,6177.0,5650.0,527.0,0,9.327433628318584
PR011152,2026/03/04,,Cotton,6873.48,6620.0,253.47999999999956,0,3.8290030211480293
PR006734,2026-03-25,MANDI008,Paddy,2002.2,2183.0,-180.79999999999995,1,-8.282180485570315
PR004935,12.02.2026,MANDI029,Sugarcane,3803.91,3500.0,303.90999999999985,0,8.683142857142853
PR011121,08-07-2026,MANDI010,Corn,2259.0,2090.0,169.0,0,8.086124401913876
PR005229,10.06.2026,MANDI010,REQUIRES_INVESTIGATION,5465.94,5650.0,-184.0600000000004,1,-3.2576991150442547
PR007377,10-Jul-2026,MANDI032,Sugarcane,3421.24,3500.0,-78.76000000000022,1,-2.2502857142857207
PR003126,03-17-2026,,Mustard,5501.1,5650.0,-148.89999999999964,1,-2.635398230088489
PR010982,21-Apr-2026,MANDI002,Corn,2235.977276828525,2090.0,145.9772768285252,0,6.984558699929436
PR011495,2026/08/30,MANDI018,Sugarcane,3483.93,3500.0,-16.070000000000164,1,-0.4591428571428618
PR004361,20/06/2026,MANDI017,Wheat,2299.0,2275.0,24.0,0,1.054945054945055
PR002377,02-04-2026,MANDI047,Cotton,6224.33,6620.0,-395.6700000000001,1,-5.97688821752266
PR007763,2026/01/16,MANDI022,REQUIRES_INVESTIGATION,2473.82,2183.0,290.82000000000016,0,13.322033898305092
PR007683,08.08.2026,MANDI042,Sugarcane,3960.05,3500.0,460.0500000000002,0,13.144285714285719
PR002811,20.01.2026,MANDI017,REQUIRES_INVESTIGATION,2196.0,2183.0,13.0,0,0.5955107650022904
PR011177,06-30-2026,MANDI028,REQUIRES_INVESTIGATION,2122.0,2183.0,-61.0,1,-2.7943197434722857
PR001165,2026-04-19,,Cotton,6229.75,6620.0,-390.25,1,-5.895015105740181
PR007295,12-Feb-2026,MANDI051,Wheat,2271.61,2275.0,-3.3899999999998727,1,-0.14901098901098342
PR011609,2026/01/07,MANDI003,Paddy,2139.59,2183.0,-43.409999999999854,1,-1.9885478699037955
PR005373,2026-07-17,MANDI033,Cotton,6791.8,6620.0,171.80000000000018,0,2.5951661631419967
PR011413,2026-03-18,MANDI046,Sugarcane,3324.2290346228497,3500.0,-175.77096537715033,1,-5.022027582204295
PR004089,08-21-2026,MANDI007,REQUIRES_INVESTIGATION,3582.84,3500.0,82.84000000000015,0,2.366857142857147
PR002413,2026/03/07,MANDI029,Wheat,2036.48,2275.0,-238.51999999999998,1,-10.484395604395603
PR001596,24.03.2026,MANDI049,REQUIRES_INVESTIGATION,3401.0,3500.0,-99.0,1,-2.8285714285714287
PR003884,16.04.2026,MANDI036,Corn,1999.0,2090.0,-91.0,1,-4.354066985645933
PR004476,26/02/2026,MANDI013,REQUIRES_INVESTIGATION,2159.27,2090.0,69.26999999999998,0,3.314354066985645
PR003627,01/08/2026,MANDI014,Sugarcane,3173.0,3500.0,-327.0,1,-9.342857142857143
PR002552,2026-08-27,MANDI053,REQUIRES_INVESTIGATION,2253.0,2183.0,70.0,0,3.20659642693541
PR000975,16/02/2026,MANDI027,Corn,2099.0,2090.0,9.0,0,0.43062200956937796
PR005678,22.06.2026,MANDI027,Wheat,2141.413507699786,2275.0,-133.5864923002141,1,-5.871933727481939
PR001037,2026/05/26,MANDI010,REQUIRES_INVESTIGATION,2211.62,2090.0,121.61999999999989,0,5.819138755980855
PR007893,2026-05-08,MANDI049,REQUIRES_INVESTIGATION,3452.03,3500.0,-47.9699999999998,1,-1.370571428571423
PR011301,2026-04-19,MANDI014,Paddy,2168.36,2183.0,-14.639999999999873,1,-0.6706367384333427
PR010392,2026/01/18,MANDI052,Sugarcane,3224.26,3500.0,-275.7399999999998,1,-7.878285714285709
PR004008,2026-08-12,MANDI054,Cotton,7122.29,6620.0,502.28999999999996,0,7.5874622356495465
PR001205,01-12-2026,,Sugarcane,3754.9,3500.0,254.9000000000001,0,7.282857142857145
PR000098,05-22-2026,MANDI037,REQUIRES_INVESTIGATION,3432.21,3500.0,-67.78999999999996,1,-1.936857142857142
PR009267,17.03.2026,MANDI038,REQUIRES_INVESTIGATION,2418.76,2183.0,235.76000000000022,0,10.799816765918472
PR006179,2026-02-06,MANDI056,Corn,2021.0,2090.0,-69.0,1,-3.3014354066985647
PR008253,03/04/2026,,Sugarcane,3402.0,3500.0,-98.0,1,-2.8000000000000003
PR001186,2026/03/14,MANDI026,Sugarcane,3590.15,3500.0,90.15000000000009,0,2.5757142857142883
PR010969,2026/06/09,,REQUIRES_INVESTIGATION,1971.68,2183.0,-211.31999999999994,1,-9.680256527714153
PR010049,2026/01/19,MANDI034,Sugarcane,3144.76,3500.0,-355.2399999999998,1,-10.14971428571428
PR007453,2026/08/31,MANDI042,REQUIRES_INVESTIGATION,2199.62,2090.0,109.61999999999989,0,5.244976076555019
PR010706,07-07-2026,MANDI048,REQUIRES_INVESTIGATION,2056.0,2183.0,-127.0,1,-5.81768208886853
PR003898,2026/08/07,MANDI017,REQUIRES_INVESTIGATION,1907.71,2183.0,-275.28999999999996,1,-12.61062757672927
PR001419,12.05.2026,MANDI029,REQUIRES_INVESTIGATION,6496.9,5650.0,846.8999999999996,0,14.989380530973445
PR005771,08/05/2026,MANDI001,Sugarcane,3579.47,3500.0,79.4699999999998,0,2.2705714285714227
PR009321,2026/04/17,MANDI040,REQUIRES_INVESTIGATION,2171.33,2183.0,-11.670000000000073,1,-0.534585432890521
PR002309,2026-03-22,MANDI030,Mustard,6321.0,5650.0,671.0,0,11.876106194690266
PR003351,22/08/2026,,Sugarcane,3533.93,3500.0,33.929999999999836,0,0.9694285714285668
PR001796,06/09/2026,MANDI001,Wheat,2131.05,2275.0,-143.94999999999982,1,-6.327472527472519
PR010266,31.07.2026,MANDI021,Wheat,2440.56,2275.0,165.55999999999995,0,7.277362637362635
PR010451,22.04.2026,,Corn,2096.32,2090.0,6.320000000000164,0,0.3023923444976155
PR008434,16/03/2026,MANDI031,Sugarcane,3792.0,3500.0,292.0,0,8.342857142857143
PR003567,02/02/2026,MANDI037,REQUIRES_INVESTIGATION,2351.11,2090.0,261.1100000000001,0,12.493301435406705
PR003716,12.06.2026,MANDI043,Sugarcane,3802.07,3500.0,302.07000000000016,0,8.630571428571434
PR002315,07-31-2026,MANDI019,Corn,2136.0,2090.0,46.0,0,2.200956937799043
PR006346,08-Feb-2026,MANDI037,Paddy,2495.7021680762264,2183.0,312.70216807622637,0,14.324423640688336
PR003817,2026-08-25,MANDI020,Mustard,6325.0,5650.0,675.0,0,11.946902654867257
PR004995,26-Apr-2026,MANDI020,REQUIRES_INVESTIGATION,2086.889270365044,2090.0,-3.1107296349559874,1,-0.14883873851464055
PR002905,26.03.2026,MANDI042,Sugarcane,3317.49,3500.0,-182.51000000000022,1,-5.2145714285714355
PR009124,2026-04-02,MANDI008,REQUIRES_INVESTIGATION,2443.3,2183.0,260.3000000000002,0,11.923957856161255
PR000594,2026/06/07,,Wheat,2442.1,2275.0,167.0999999999999,0,7.34505494505494
PR006052,18-Jul-2026,,Wheat,2345.0,2275.0,70.0,0,3.076923076923077
PR010084,07-Apr-2026,MANDI056,Wheat,2261.45,2275.0,-13.550000000000182,1,-0.5956043956044036
PR008949,15-Mar-2026,MANDI025,REQUIRES_INVESTIGATION,2290.0,2183.0,107.0,0,4.901511681172698
PR005769,25/03/2026,MANDI053,Sugarcane,3809.81,3500.0,309.80999999999995,0,8.851714285714284
PR011148,2026/08/20,MANDI018,REQUIRES_INVESTIGATION,3719.7,3500.0,219.69999999999982,0,6.277142857142852
PR008200,27-Aug-2026,MANDI052,Cotton,6119.0,6620.0,-501.0,1,-7.56797583081571
PR008954,2026-06-25,,Corn,2055.26,2090.0,-34.73999999999978,1,-1.6622009569377885
PR010491,16/08/2026,MANDI037,Wheat,2564.11,2275.0,289.1100000000001,0,12.708131868131876
PR006175,21/06/2026,MANDI035,REQUIRES_INVESTIGATION,2418.1,2183.0,235.0999999999999,0,10.769583142464494
PR011784,19-Aug-2026,MANDI051,Corn,2073.91,2090.0,-16.090000000000146,1,-0.7698564593301505
PR004688,06.03.2026,MANDI004,REQUIRES_INVESTIGATION,2103.63,2090.0,13.63000000000011,0,0.6521531100478521
PR006744,2026-05-14,MANDI005,Wheat,2093.58,2275.0,-181.42000000000007,1,-7.974505494505498
PR008775,06.06.2026,MANDI038,Sugarcane,3374.82,3500.0,-125.17999999999984,1,-3.576571428571424
PR002682,05-05-2026,MANDI049,Cotton,6364.75,6620.0,-255.25,1,-3.8557401812688825
PR005612,11/02/2026,MANDI014,Mustard,5948.91,5650.0,298.90999999999985,0,5.290442477876104
PR011989,2026/05/03,MANDI001,REQUIRES_INVESTIGATION,2481.41,2183.0,298.40999999999985,0,13.669720568025646
PR008728,07.06.2026,MANDI046,Sugarcane,3483.0,3500.0,-17.0,1,-0.48571428571428565
PR010480,2026/01/21,MANDI036,Mustard,5969.0,5650.0,319.0,0,5.646017699115044
PR010817,06-27-2026,MANDI012,Wheat,2193.0,2275.0,-82.0,1,-3.604395604395604
PR008263,16/05/2026,MANDI002,REQUIRES_INVESTIGATION,6106.463993392803,5650.0,456.4639933928029,0,8.07900873261598
PR000172,07-05-2026,MANDI005,REQUIRES_INVESTIGATION,2374.0,2183.0,191.0,0,8.749427393495191
PR004648,04/03/2026,MANDI056,Corn,2065.56,2090.0,-24.440000000000055,1,-1.1693779904306245
PR007336,28/04/2026,MANDI022,Sugarcane,3712.0,3500.0,212.0,0,6.057142857142858
PR001502,07.04.2026,MANDI056,Mustard,5968.58,5650.0,318.5799999999999,0,5.638584070796459
PR006704,14-May-2026,MANDI003,REQUIRES_INVESTIGATION,5406.912270305746,5650.0,-243.08772969425445,1,-4.302437693703618
PR008534,16-Mar-2026,MANDI041,REQUIRES_INVESTIGATION,1963.39,2090.0,-126.6099999999999,1,-6.0578947368421
PR008795,2026/04/03,MANDI009,Wheat,2372.77,2275.0,97.76999999999998,0,4.297582417582417
PR000913,11-Jan-2026,MANDI041,Sugarcane,3854.11,3500.0,354.1100000000001,0,10.117428571428574
PR002394,16.06.2026,MANDI018,Cotton,7384.81,6620.0,764.8100000000004,0,11.55302114803626
PR006844,01.01.2026,MANDI055,Wheat,2257.69,2275.0,-17.309999999999945,1,-0.7608791208791185
PR011268,2026/05/25,MANDI004,REQUIRES_INVESTIGATION,2088.0,2183.0,-95.0,1,-4.351809436555199
PR005049,2026/06/09,,Sugarcane,3378.49,3500.0,-121.51000000000022,1,-3.4717142857142917
PR009090,2026-06-07,MANDI019,Corn,2047.23,2090.0,-42.76999999999998,1,-2.0464114832535873
PR010061,08-08-2026,MANDI013,Sugarcane,3498.22,3500.0,-1.7800000000002,1,-0.05085714285714858
PR006497,19-May-2026,MANDI053,Cotton,7147.32,6620.0,527.3199999999997,0,7.965558912386703
PR000198,2026-04-13,MANDI031,REQUIRES_INVESTIGATION,1937.0,2090.0,-153.0,1,-7.320574162679426
PR001624,2026/06/03,,REQUIRES_INVESTIGATION,2175.485318873417,2183.0,-7.5146811265831275,1,-0.34423642357229167
PR005641,26/07/2026,MANDI032,Wheat,2168.0,2275.0,-107.0,1,-4.7032967032967035
PR009516,11/03/2026,MANDI002,Paddy,2201.0,2183.0,18.0,0,0.8245533669262484
PR007458,17/02/2026,MANDI010,Wheat,2213.0,2275.0,-62.0,1,-2.7252747252747254
PR007838,2026/05/18,MANDI048,REQUIRES_INVESTIGATION,6026.63,5650.0,376.6300000000001,0,6.666017699115045
PR003128,23-Apr-2026,MANDI056,Sugarcane,3096.1,3500.0,-403.9000000000001,1,-11.540000000000003
PR000302,14/04/2026,MANDI047,Corn,2003.01,2090.0,-86.99000000000001,1,-4.1622009569378
PR000317,01/03/2026,MANDI021,Cotton,6564.0,6620.0,-56.0,1,-0.8459214501510574
PR010442,29/05/2026,MANDI029,Paddy,2068.0,2183.0,-115.0,1,-5.26797984425103
PR010734,27-Aug-2026,MANDI027,Paddy,2394.0,2183.0,211.0,0,9.665597801191021
PR004050,24-May-2026,MANDI006,Sugarcane,3720.54,3500.0,220.53999999999996,0,6.301142857142857
PR004601,2026-08-09,MANDI052,Wheat,2216.0,2275.0,-59.0,1,-2.5934065934065935
PR005658,12-Apr-2026,MANDI040,Corn,1972.47,2090.0,-117.52999999999997,1,-5.623444976076554
PR004277,22/04/2026,MANDI020,Mustard,5684.63,5650.0,34.63000000000011,0,0.6129203539823028
PR008928,09/05/2026,MANDI004,REQUIRES_INVESTIGATION,2216.8499026816016,2183.0,33.849902681601634,0,1.5506139570133592
PR002120,03-01-2026,MANDI027,Corn,2284.0,2090.0,194.0,0,9.282296650717702
PR009743,2026-05-27,MANDI027,Sugarcane,3442.31,3500.0,-57.690000000000055,1,-1.6482857142857157
PR003981,2026/05/04,MANDI011,REQUIRES_INVESTIGATION,1984.74,2090.0,-105.25999999999999,1,-5.036363636363636
PR009295,22/08/2026,MANDI034,Wheat,2247.77,2275.0,-27.230000000000018,1,-1.1969230769230776
PR011608,2026/03/24,MANDI055,Mustard,5185.18,5650.0,-464.8199999999997,1,-8.226902654867253
PR006878,23.05.2026,MANDI031,REQUIRES_INVESTIGATION,3770.77,3500.0,270.77,0,7.736285714285714
PR009444,28-May-2026,MANDI048,REQUIRES_INVESTIGATION,2376.36,2183.0,193.36000000000013,0,8.857535501603305
PR007467,2026/06/01,MANDI036,Mustard,6232.6,5650.0,582.6000000000004,0,10.311504424778766
PR001436,2026-06-09,MANDI020,Sugarcane,4018.34,3500.0,518.3400000000001,0,14.80971428571429
PR003087,03-09-2026,MANDI026,REQUIRES_INVESTIGATION,1911.5457910325076,2090.0,-178.45420896749238,1,-8.538478897966142
PR010485,28-Jul-2026,MANDI045,Mustard,5684.0,5650.0,34.0,0,0.6017699115044248
PR007011,24.05.2026,MANDI036,REQUIRES_INVESTIGATION,2044.87,2183.0,-138.1300000000001,1,-6.327530920751265
PR001710,2026-01-27,MANDI003,Sugarcane,3714.55,3500.0,214.55000000000018,0,6.130000000000005
PR006361,08-01-2026,,Mustard,6113.75,5650.0,463.75,0,8.20796460176991
PR006727,2026-08-01,MANDI004,Mustard,5173.0,5650.0,-477.0,1,-8.442477876106194
PR007044,2026-02-05,MANDI005,REQUIRES_INVESTIGATION,2395.27,2090.0,305.27,0,14.606220095693779
PR007031,2026-04-09,MANDI046,REQUIRES_INVESTIGATION,2322.2,2090.0,232.19999999999982,0,11.110047846889943
PR006908,2026-04-22,MANDI007,Cotton,7486.22,6620.0,866.2200000000003,0,13.084894259818736
PR011722,03-05-2026,,REQUIRES_INVESTIGATION,6563.0,5650.0,913.0,0,16.159292035398227
PR008279,17-Feb-2026,MANDI032,Sugarcane,3794.3,3500.0,294.3000000000002,0,8.408571428571433
PR001734,06/04/2026,,Cotton,6507.0,6620.0,-113.0,1,-1.7069486404833838
PR007700,2026-07-22,MANDI028,Mustard,6220.02,5650.0,570.0200000000004,0,10.088849557522131
PR002888,01.09.2026,MANDI005,Mustard,5659.18,5650.0,9.180000000000291,0,0.16247787610619985
PR002109,30.08.2026,MANDI038,REQUIRES_INVESTIGATION,2061.56,2090.0,-28.440000000000055,1,-1.360765550239237
PR002637,03-25-2026,MANDI048,Wheat,2267.33,2275.0,-7.670000000000073,1,-0.33714285714286035
PR005585,2026/04/10,MANDI030,REQUIRES_INVESTIGATION,1957.92,2183.0,-225.07999999999993,1,-10.310581768208884
PR008232,01-29-2026,MANDI029,Wheat,2413.63,2275.0,138.6300000000001,0,6.093626373626378
PR008640,2026-07-20,MANDI050,REQUIRES_INVESTIGATION,2342.25,2183.0,159.25,0,7.295006871278058
PR008395,2026-04-11,MANDI049,Cotton,6884.49,6620.0,264.4899999999998,0,3.9953172205438037
PR003066,24/03/2026,MANDI024,Sugarcane,3269.5,3500.0,-230.5,1,-6.585714285714285
PR010192,2026-05-21,MANDI009,Corn,2213.54,2090.0,123.53999999999996,0,5.911004784688993
PR009661,16.06.2026,MANDI011,Wheat,2410.89,2275.0,135.88999999999987,0,5.973186813186807
PR002742,03/05/2026,MANDI005,Sugarcane,3909.99,3500.0,409.9899999999998,0,11.713999999999993
PR011106,27-May-2026,MANDI029,Corn,2000.93,2090.0,-89.06999999999994,1,-4.2617224880382745
PR000827,02-02-2026,MANDI010,Cotton,7006.0,6620.0,386.0,0,5.830815709969789
PR004122,08-14-2026,MANDI054,Cotton,6489.94,6620.0,-130.0600000000004,1,-1.9646525679758369
PR005321,02-Jul-2026,MANDI035,Mustard,5730.36,5650.0,80.35999999999967,0,1.4223008849557466
PR005478,24-Mar-2026,MANDI004,Cotton,6466.0,6620.0,-154.0,1,-2.326283987915408
PR008503,2026-05-15,MANDI026,Corn,2218.0,2090.0,128.0,0,6.124401913875598
PR007518,25/03/2026,,Cotton,6735.0,6620.0,115.0,0,1.7371601208459215
PR004511,30/07/2026,MANDI027,REQUIRES_INVESTIGATION,1993.69,2090.0,-96.30999999999995,1,-4.608133971291863
PR010545,2026/07/14,,Sugarcane,4120.305897636121,3500.0,620.3058976361208,0,17.723025646746308
PR001499,2026-04-30,MANDI014,Corn,2192.02,2090.0,102.01999999999998,0,4.88133971291866
PR007742,11.05.2026,,REQUIRES_INVESTIGATION,3929.2,3500.0,429.1999999999998,0,12.262857142857138
PR000915,2026-04-29,MANDI033,REQUIRES_INVESTIGATION,2346.0,2183.0,163.0,0,7.466788822721027
PR003015,2026-06-08,MANDI003,Mustard,5550.69,5650.0,-99.3100000000004,1,-1.7576991150442547
PR003777,2026-01-24,MANDI042,REQUIRES_INVESTIGATION,2324.0,2090.0,234.0,0,11.196172248803828
PR001260,08/02/2026,MANDI038,Mustard,5307.353404135047,5650.0,-342.64659586495327,1,-6.0645415197336865
PR011734,2026-02-10,MANDI001,Paddy,1963.239602872228,2183.0,-219.76039712777197,1,-10.066898631597434
PR005814,07/09/2026,MANDI050,Wheat,2489.0,2275.0,214.0,0,9.406593406593407
PR011396,21.08.2026,MANDI012,Mustard,5674.0,5650.0,24.0,0,0.42477876106194695
PR002843,2026/06/06,MANDI005,REQUIRES_INVESTIGATION,2051.41,2183.0,-131.59000000000015,1,-6.0279431974347295
PR000850,23/02/2026,MANDI013,Wheat,2128.0,2275.0,-147.0,1,-6.461538461538462
PR006545,18-Feb-2026,MANDI001,Wheat,2312.89,2275.0,37.88999999999987,0,1.6654945054944998
PR003121,2026/01/03,MANDI004,Cotton,7097.900917351039,6620.0,477.9009173510394,0,7.219047089894855
PR002626,2026-03-27,MANDI003,Wheat,2442.71,2275.0,167.71000000000004,0,7.371868131868134
PR010802,2026-06-03,MANDI041,Sugarcane,3765.09,3500.0,265.09000000000015,0,7.574000000000004
PR001378,07-01-2026,MANDI014,Paddy,2336.0,2183.0,153.0,0,7.008703618873111
PR000800,2026-08-28,MANDI053,Corn,2128.0,2090.0,38.0,0,1.8181818181818181
PR003289,2026-08-25,MANDI020,REQUIRES_INVESTIGATION,2096.23,2183.0,-86.76999999999998,1,-3.974805313788364
PR002559,2026-07-11,MANDI020,Mustard,5262.28,5650.0,-387.72000000000025,1,-6.862300884955756
PR001585,17.01.2026,MANDI023,REQUIRES_INVESTIGATION,5627.52,5650.0,-22.479999999999563,1,-0.3978761061946825
PR011561,01.07.2026,MANDI027,Corn,2018.25,2090.0,-71.75,1,-3.4330143540669855
PR002164,04/07/2026,,Mustard,5708.03,5650.0,58.029999999999745,0,1.0270796460176945
PR007233,23/05/2026,MANDI031,REQUIRES_INVESTIGATION,2060.9,2183.0,-122.09999999999991,1,-5.593220338983047
PR011026,25.03.2026,MANDI054,Sugarcane,3817.45,3500.0,317.4499999999998,0,9.069999999999995
PR007194,2026/04/05,MANDI056,Wheat,2191.0,2275.0,-84.0,1,-3.6923076923076925
PR008510,06.07.2026,MANDI017,Paddy,2399.76,2183.0,216.76000000000022,0,9.929454878607432
PR006424,27.03.2026,,REQUIRES_INVESTIGATION,2364.69,2183.0,181.69000000000005,0,8.322950068712782
PR000972,01-18-2026,,Sugarcane,3482.0,3500.0,-18.0,1,-0.5142857142857142
PR009406,23/05/2026,MANDI011,Sugarcane,3413.11,3500.0,-86.88999999999987,1,-2.482571428571425
PR005074,2026/02/09,,Sugarcane,3383.65,3500.0,-116.34999999999991,1,-3.3242857142857116
PR011771,04-22-2026,MANDI040,Sugarcane,3792.88,3500.0,292.8800000000001,0,8.368000000000004
PR003153,10-Apr-2026,MANDI051,Mustard,6471.19,5650.0,821.1899999999996,0,14.534336283185834
PR005067,2026-08-21,MANDI027,Cotton,6833.09,6620.0,213.09000000000015,0,3.218882175226588
PR004609,2026/03/06,MANDI021,Cotton,6330.14,6620.0,-289.8599999999997,1,-4.378549848942593
PR008972,21.04.2026,MANDI015,Sugarcane,3863.5,3500.0,363.5,0,10.385714285714286
PR000910,07-Aug-2026,MANDI006,Paddy,1995.66,2183.0,-187.33999999999992,1,-8.58176820888685
PR008479,01/08/2026,MANDI048,REQUIRES_INVESTIGATION,3595.35,3500.0,95.34999999999991,0,2.7242857142857115
PR008055,18/05/2026,MANDI020,REQUIRES_INVESTIGATION,2009.0,2090.0,-81.0,1,-3.8755980861244015
PR000247,2026-05-06,MANDI029,Corn,2129.14,2090.0,39.13999999999987,0,1.8727272727272666
PR000815,22.08.2026,MANDI010,Wheat,2588.84,2275.0,313.84000000000015,0,13.795164835164842
PR004384,05-08-2026,MANDI023,Mustard,6540.03,5650.0,890.0299999999997,0,15.752743362831852
PR001931,17.02.2026,MANDI030,Sugarcane,3482.43,3500.0,-17.570000000000164,1,-0.5020000000000047
PR005967,02-03-2026,,REQUIRES_INVESTIGATION,6503.42,5650.0,853.4200000000001,0,15.104778761061949
PR005731,07-Mar-2026,MANDI043,Cotton,6298.71,6620.0,-321.28999999999996,1,-4.853323262839878
PR006097,04-30-2026,MANDI028,Wheat,2268.866198822103,2275.0,-6.133801177897112,1,-0.26961763419327966
PR010810,07-Apr-2026,,Cotton,6757.262361354196,6620.0,137.2623613541964,0,2.0734495672839337
PR001259,13-Jul-2026,MANDI041,Corn,2213.32,2090.0,123.32000000000016,0,5.9004784688995295
PR004401,2026-04-25,MANDI037,Mustard,5655.772330737962,5650.0,5.7723307379619655,0,0.10216514580463655
PR000016,2026-09-01,MANDI009,Wheat,2293.77,2275.0,18.769999999999982,0,0.8250549450549443
PR010349,05-13-2026,MANDI023,Wheat,2296.53,2275.0,21.5300000000002,0,0.9463736263736351
PR004239,2026/06/11,MANDI046,Wheat,2146.89,2275.0,-128.11000000000013,1,-5.631208791208797
PR008666,2026/04/30,MANDI003,Cotton,6790.0,6620.0,170.0,0,2.56797583081571
PR001590,2026/07/10,MANDI036,Corn,2123.697583117697,2090.0,33.69758311769692,0,1.6123245510859772
PR009172,09-Feb-2026,MANDI052,REQUIRES_INVESTIGATION,6173.69,5650.0,523.6899999999996,0,9.268849557522117
PR008295,25-Aug-2026,MANDI052,REQUIRES_INVESTIGATION,5461.617826194579,5650.0,-188.3821738054212,1,-3.3341977664676317
PR010858,2026-08-27,MANDI043,Sugarcane,3616.21,3500.0,116.21000000000004,0,3.320285714285715
PR001468,2026-06-21,MANDI005,Sugarcane,3494.83,3500.0,-5.170000000000073,1,-0.1477142857142878
PR004020,03/03/2026,MANDI057,REQUIRES_INVESTIGATION,3374.76,3500.0,-125.23999999999978,1,-3.578285714285708
PR003440,01.04.2026,MANDI052,REQUIRES_INVESTIGATION,5572.020515082537,5650.0,-77.9794849174632,1,-1.3801678746453663
PR003760,2026-03-16,,REQUIRES_INVESTIGATION,2097.04,2183.0,-85.96000000000004,1,-3.937700412276685
PR001703,18/04/2026,,Cotton,6740.04,6620.0,120.03999999999996,0,1.8132930513595162
PR003303,17.01.2026,MANDI009,Wheat,2197.04,2275.0,-77.96000000000004,1,-3.4268131868131886
PR007402,2026-06-02,MANDI016,REQUIRES_INVESTIGATION,2544.97,2183.0,361.9699999999998,0,16.581310123682997
PR008899,06-22-2026,MANDI005,REQUIRES_INVESTIGATION,2135.0,2183.0,-48.0,1,-2.1988089784699953
PR011287,03-24-2026,MANDI055,Wheat,2553.56,2275.0,278.55999999999995,0,12.244395604395603
PR001529,28/03/2026,,REQUIRES_INVESTIGATION,3777.31,3500.0,277.30999999999995,0,7.923142857142855
PR004256,30/05/2026,MANDI010,Mustard,6309.55,5650.0,659.5500000000002,0,11.673451327433632
PR007811,2026/08/07,MANDI051,REQUIRES_INVESTIGATION,2526.54,2183.0,343.53999999999996,0,15.737059092991295
PR011404,26/03/2026,MANDI033,REQUIRES_INVESTIGATION,2566.68,2183.0,383.67999999999984,0,17.57581310123682
PR008685,05-27-2026,MANDI010,REQUIRES_INVESTIGATION,2169.12,2090.0,79.11999999999989,0,3.785645933014349
PR009403,2026/03/22,MANDI013,Cotton,6032.12,6620.0,-587.8800000000001,1,-8.880362537764352
PR007611,2026-02-25,MANDI014,REQUIRES_INVESTIGATION,2328.98,2183.0,145.98000000000002,0,6.6871278057718735
PR010715,2026/02/07,MANDI018,REQUIRES_INVESTIGATION,5575.18,5650.0,-74.81999999999971,1,-1.3242477876106142
PR001988,02-Jan-2026,MANDI042,Sugarcane,3830.61,3500.0,330.6100000000001,0,9.446000000000003
PR003290,24/01/2026,MANDI007,REQUIRES_INVESTIGATION,1995.0,2090.0,-95.0,1,-4.545454545454546
PR002452,04-Jul-2026,MANDI040,Cotton,7637.63,6620.0,1017.6300000000001,0,15.372054380664654
PR010722,04-03-2026,,Corn,2153.88,2090.0,63.88000000000011,0,3.0564593301435456
PR005011,2026-03-18,MANDI048,Wheat,2424.0,2275.0,149.0,0,6.54945054945055
PR010214,20/04/2026,MANDI057,Cotton,6824.0,6620.0,204.0,0,3.081570996978852
PR011395,21.08.2026,MANDI039,Mustard,5902.843068688719,5650.0,252.84306868871863,0,4.475098560862277
PR006181,2026/06/25,MANDI053,REQUIRES_INVESTIGATION,3559.04,3500.0,59.039999999999964,0,1.6868571428571417
PR007141,30/01/2026,MANDI052,Mustard,6081.63,5650.0,431.6300000000001,0,7.639469026548674
PR009679,01-Apr-2026,MANDI032,REQUIRES_INVESTIGATION,3605.87,3500.0,105.86999999999989,0,3.02485714285714
PR006809,20-Apr-2026,MANDI056,Mustard,6509.07,5650.0,859.0699999999997,0,15.20477876106194
PR002175,2026-07-08,MANDI001,REQUIRES_INVESTIGATION,2253.6,2183.0,70.59999999999991,0,3.2340815391662807
PR002156,24/06/2026,MANDI027,REQUIRES_INVESTIGATION,2265.81,2090.0,175.80999999999995,0,8.411961722488035
PR000514,24-May-2026,MANDI056,Sugarcane,3951.25,3500.0,451.25,0,12.892857142857142
PR009677,18-Jul-2026,,Paddy,2201.21,2183.0,18.210000000000036,0,0.8341731562070562
PR007870,2026-05-25,MANDI015,Mustard,5594.75,5650.0,-55.25,1,-0.9778761061946903
PR001357,04-28-2026,MANDI030,Mustard,6287.04,5650.0,637.04,0,11.27504424778761
PR001080,2026/09/03,MANDI039,Paddy,2273.21,2183.0,90.21000000000004,0,4.1323866239120495
PR001843,26/05/2026,,Sugarcane,3864.47,3500.0,364.4699999999998,0,10.413428571428565
PR003463,2026/09/09,,Mustard,5220.249129317423,5650.0,-429.75087068257744,1,-7.606210100576592
PR010368,2026/08/02,MANDI030,Sugarcane,3466.0,3500.0,-34.0,1,-0.9714285714285713
PR008522,2026/09/07,,Cotton,6964.9,6620.0,344.89999999999964,0,5.209969788519632
PR000968,07-24-2026,MANDI055,REQUIRES_INVESTIGATION,2225.15,2090.0,135.1500000000001,0,6.466507177033496
PR007536,07-29-2026,MANDI033,Mustard,6167.0,5650.0,517.0,0,9.150442477876105
PR005705,30/05/2026,MANDI025,REQUIRES_INVESTIGATION,2288.0,2090.0,198.0,0,9.473684210526317
PR001671,05/03/2026,MANDI049,Cotton,7312.0,6620.0,692.0,0,10.453172205438065
PR003132,2026/06/29,MANDI046,Mustard,5787.8,5650.0,137.80000000000018,0,2.438938053097348
PR008105,24-Aug-2026,MANDI003,Paddy,2340.0,2183.0,157.0,0,7.191937700412277
PR008898,2026/08/22,MANDI005,REQUIRES_INVESTIGATION,2255.37,2183.0,72.36999999999989,0,3.315162620247361
PR010877,2026-05-25,MANDI024,Sugarcane,3967.43,3500.0,467.42999999999984,0,13.355142857142852
PR006821,04-07-2026,MANDI039,Sugarcane,4105.85,3500.0,605.8500000000004,0,17.310000000000013
PR000597,26.03.2026,MANDI020,Cotton,6876.68,6620.0,256.6800000000003,0,3.8773413897281013
PR010514,28.08.2026,MANDI014,REQUIRES_INVESTIGATION,1911.38,2090.0,-178.6199999999999,1,-8.546411483253584
PR010932,11/07/2026,MANDI047,REQUIRES_INVESTIGATION,2406.2619588337416,2183.0,223.26195883374157,0,10.227299992383948
PR005611,2026-03-25,MANDI056,Sugarcane,3687.91,3500.0,187.90999999999985,0,5.368857142857139
PR001014,06-Sep-2026,MANDI055,Wheat,2397.652134866264,2275.0,122.65213486626408,0,5.391302631484135
PR002790,03.02.2026,MANDI025,Mustard,6213.1,5650.0,563.1000000000004,0,9.966371681415936
PR000286,2026-03-04,MANDI039,Wheat,2450.94,2275.0,175.94000000000005,0,7.733626373626376
PR001321,2026-02-06,MANDI003,Paddy,2015.81,2183.0,-167.19000000000005,1,-7.658726523133305
PR011471,27.01.2026,MANDI014,Cotton,6309.57,6620.0,-310.4300000000003,1,-4.689274924471303
PR004905,09/08/2026,MANDI033,REQUIRES_INVESTIGATION,3592.93,3500.0,92.92999999999984,0,2.6551428571428524
PR002800,24/07/2026,MANDI049,REQUIRES_INVESTIGATION,1927.98,2090.0,-162.01999999999998,1,-7.752153110047846
PR006816,07-05-2026,MANDI027,REQUIRES_INVESTIGATION,2204.36,2183.0,21.360000000000127,0,0.9784699954191537
PR002598,2026/09/05,MANDI055,Paddy,2226.22,2183.0,43.2199999999998,0,1.9798442510306824
PR001214,04-24-2026,,Wheat,2443.84,2275.0,168.84000000000015,0,7.421538461538468
PR006578,16/06/2026,MANDI026,Mustard,5765.159883447208,5650.0,115.1598834472079,0,2.0382280256142993
PR010023,2026-04-28,MANDI048,REQUIRES_INVESTIGATION,2302.0,2183.0,119.0,0,5.4512139257901975
PR002255,2026-08-10,MANDI030,Corn,2031.58,2090.0,-58.42000000000007,1,-2.795215311004788
PR010590,2026-05-31,MANDI035,REQUIRES_INVESTIGATION,2275.0,2183.0,92.0,0,4.2143838754008245
PR010122,03/06/2026,MANDI033,Sugarcane,4056.23,3500.0,556.23,0,15.892285714285714
PR010236,24/07/2026,MANDI012,Mustard,6348.8,5650.0,698.8000000000002,0,12.368141592920358
PR004780,05-13-2026,,Corn,2221.14,2090.0,131.13999999999987,0,6.274641148325352
PR002478,23-Jan-2026,MANDI039,REQUIRES_INVESTIGATION,2030.1705849471616,2183.0,-152.82941505283839,1,-7.000889374843719
PR006320,2026-01-04,MANDI041,REQUIRES_INVESTIGATION,2465.39,2183.0,282.3899999999999,0,12.935868071461288
PR001695,30/08/2026,MANDI030,Wheat,2280.127551552917,2275.0,5.127551552916884,0,0.225386881446896
PR000878,29-May-2026,MANDI011,Cotton,7061.0,6620.0,441.0,0,6.661631419939577
PR001561,10/01/2026,MANDI053,Cotton,7006.0,6620.0,386.0,0,5.830815709969789
PR000360,27.02.2026,MANDI055,Mustard,6501.62,5650.0,851.6199999999999,0,15.0729203539823
PR007199,2026-06-29,MANDI034,Wheat,2115.460790860877,2275.0,-159.53920913912316,1,-7.012712489631786
PR009497,2026-08-02,MANDI001,Sugarcane,3547.7685253549425,3500.0,47.76852535494254,0,1.3648150101412155
PR011741,2026-07-09,MANDI036,Corn,1883.0,2090.0,-207.0,1,-9.904306220095693
PR006337,2026-03-15,MANDI052,Sugarcane,3416.98,3500.0,-83.01999999999998,1,-2.3719999999999994
PR005461,2026/07/08,MANDI055,Paddy,2513.1,2183.0,330.0999999999999,0,15.121392579019693
PR011604,2026-04-06,MANDI031,REQUIRES_INVESTIGATION,1914.23,2090.0,-175.76999999999998,1,-8.41004784688995
PR011130,2026-02-03,MANDI008,REQUIRES_INVESTIGATION,5944.5,5650.0,294.5,0,5.212389380530973
PR001021,30.08.2026,MANDI041,Sugarcane,3339.37,3500.0,-160.6300000000001,1,-4.5894285714285745
PR000253,31-Jan-2026,MANDI022,Wheat,2121.09,2275.0,-153.90999999999985,1,-6.765274725274718
PR002196,2026-03-04,MANDI020,Wheat,2006.66,2275.0,-268.3399999999999,1,-11.795164835164831
PR006648,04-02-2026,MANDI031,Mustard,5351.44,5650.0,-298.5600000000004,1,-5.284247787610626
PR005245,12/07/2026,MANDI044,Wheat,2187.03,2275.0,-87.9699999999998,1,-3.8668131868131783
PR002606,04-25-2026,MANDI002,Cotton,6055.19,6620.0,-564.8100000000004,1,-8.531873111782483
PR002475,18-Mar-2026,MANDI017,Sugarcane,3755.31,3500.0,255.30999999999995,0,7.294571428571427
PR003527,07-10-2026,MANDI036,Wheat,2051.98,2275.0,-223.01999999999998,1,-9.803076923076922
PR009076,30/03/2026,MANDI004,Sugarcane,3805.0,3500.0,305.0,0,8.714285714285715
PR009175,07-Jun-2026,MANDI033,REQUIRES_INVESTIGATION,2319.0,2090.0,229.0,0,10.956937799043063
PR010042,2026-07-03,MANDI036,Mustard,6038.64,5650.0,388.6400000000003,0,6.878584070796466
PR005123,2026-01-21,MANDI002,Corn,2214.94,2090.0,124.94000000000005,0,5.977990430622012
PR010371,18/03/2026,MANDI024,Wheat,2184.66,2275.0,-90.34000000000015,1,-3.970989010989017
PR004463,18.05.2026,MANDI039,REQUIRES_INVESTIGATION,2176.0,2183.0,-7.0,1,-0.320659642693541
PR005052,16/06/2026,,REQUIRES_INVESTIGATION,2008.0,2183.0,-175.0,1,-8.016491067338526
PR003084,2026/07/06,MANDI057,Mustard,5990.3,5650.0,340.3000000000002,0,6.023008849557526
PR011709,2026-08-29,MANDI056,Wheat,2516.24,2275.0,241.23999999999978,0,10.603956043956034
PR010296,2026/07/06,MANDI020,REQUIRES_INVESTIGATION,3290.21,3500.0,-209.78999999999996,1,-5.993999999999999
PR009051,01-15-2026,MANDI006,Paddy,2170.2706915572244,2183.0,-12.729308442775618,1,-0.5831107852851865
PR006404,01-15-2026,MANDI018,REQUIRES_INVESTIGATION,2010.81,2183.0,-172.19000000000005,1,-7.887769125057263
PR008214,03.09.2026,MANDI020,Wheat,2408.1,2275.0,133.0999999999999,0,5.850549450549447
PR007642,10-Feb-2026,MANDI048,Sugarcane,4018.45,3500.0,518.4499999999998,0,14.812857142857139
PR000088,2026-01-28,MANDI023,Sugarcane,3431.0,3500.0,-69.0,1,-1.9714285714285715
PR002446,2026-09-07,MANDI018,REQUIRES_INVESTIGATION,2274.0,2090.0,184.0,0,8.803827751196172
PR011270,02-Mar-2026,MANDI007,Corn,1961.0,2090.0,-129.0,1,-6.172248803827751
PR010382,20-Aug-2026,MANDI012,Mustard,6330.433784624478,5650.0,680.433784624478,0,12.043075834061558
PR007989,25.08.2026,,Wheat,2536.52,2275.0,261.52,0,11.495384615384614
PR002027,28/03/2026,MANDI057,REQUIRES_INVESTIGATION,5892.0,5650.0,242.0,0,4.283185840707965
PR009356,2026-02-20,,Wheat,2390.302667403896,2275.0,115.30266740389607,0,5.068249116654773
PR011568,2026/01/06,MANDI012,Wheat,2579.27,2275.0,304.27,0,13.374505494505492
PR001346,2026/07/18,,Corn,1931.26,2090.0,-158.74,1,-7.595215311004785
PR010593,05-29-2026,MANDI043,REQUIRES_INVESTIGATION,2124.035288268348,2090.0,34.03528826834781,0,1.6284826922654454
PR000187,10/06/2026,MANDI016,Wheat,2119.0,2275.0,-156.0,1,-6.857142857142858
PR000235,07-20-2026,,Cotton,6112.28,6620.0,-507.72000000000025,1,-7.66948640483384
PR006247,2026-07-30,MANDI004,Wheat,2231.85,2275.0,-43.15000000000009,1,-1.8967032967033008
PR001483,01-Apr-2026,MANDI049,Cotton,7176.01,6620.0,556.0100000000002,0,8.398942598187315
PR005157,2026-02-06,MANDI031,Corn,2394.22,2090.0,304.2199999999998,0,14.555980861244008
PR008582,2026-01-09,MANDI028,Paddy,2443.96,2183.0,260.96000000000004,0,11.95419147961521
PR008611,22-Jul-2026,,Corn,2222.89,2090.0,132.88999999999987,0,6.3583732057416205
PR006786,08-04-2026,MANDI036,REQUIRES_INVESTIGATION,2234.26,2090.0,144.26000000000022,0,6.902392344497618
PR001264,29/06/2026,MANDI038,Mustard,6293.0,5650.0,643.0,0,11.380530973451327
PR002077,2026/03/21,MANDI020,Cotton,7336.270257145445,6620.0,716.2702571454447,0,10.819792404009739
PR011906,03-16-2026,MANDI022,REQUIRES_INVESTIGATION,2305.79,2183.0,122.78999999999996,0,5.624828218048555
PR008825,2026/01/25,MANDI030,Wheat,2269.073042785604,2275.0,-5.926957214396225,1,-0.2605255918415923
PR001797,2026-07-04,MANDI043,Mustard,5542.72,5650.0,-107.27999999999975,1,-1.8987610619468982
PR011801,03-04-2026,MANDI010,Wheat,2370.87,2275.0,95.86999999999989,0,4.214065934065929
PR007822,2026/09/02,MANDI007,Wheat,2448.9120558584546,2275.0,173.91205585845455,0,7.6444859718002
PR002004,20/07/2026,MANDI008,REQUIRES_INVESTIGATION,2155.8,2183.0,-27.199999999999818,1,-1.2459917544663224
PR001206,07-14-2026,MANDI055,REQUIRES_INVESTIGATION,6097.72,5650.0,447.72000000000025,0,7.924247787610623
PR010923,06-22-2026,MANDI003,REQUIRES_INVESTIGATION,5367.56,5650.0,-282.4399999999996,1,-4.998938053097338
PR004852,2026/05/03,MANDI038,Cotton,6718.081797531991,6620.0,98.08179753199056,0,1.4815981500300688
PR006380,03.09.2026,,Corn,2151.94,2090.0,61.940000000000055,0,2.963636363636366
PR001166,07-03-2026,MANDI049,Wheat,2152.3953130585405,2275.0,-122.60468694145948,1,-5.389217008415801
PR010343,2026-02-15,,Wheat,2545.3821400349184,2275.0,270.3821400349184,0,11.884929232304104
PR002102,03-25-2026,MANDI047,Cotton,6773.16,6620.0,153.15999999999985,0,2.3135951661631395
PR001914,31-Jan-2026,MANDI008,Mustard,5471.03,5650.0,-178.97000000000025,1,-3.167610619469031
PR006399,20/06/2026,MANDI022,REQUIRES_INVESTIGATION,2198.27,2183.0,15.269999999999982,0,0.6994961062757664
PR006981,10/07/2026,MANDI007,Paddy,2298.0,2183.0,115.0,0,5.26797984425103
PR007021,2026-02-02,MANDI025,Sugarcane,3730.41,3500.0,230.40999999999985,0,6.583142857142852
PR006451,05-31-2026,,Mustard,6016.03,5650.0,366.02999999999975,0,6.478407079646013
PR005890,03-12-2026,MANDI017,Paddy,2295.0582685988043,2183.0,112.05826859880426,0,5.133223481392775
PR001500,2026-07-30,MANDI048,Wheat,2184.62,2275.0,-90.38000000000011,1,-3.9727472527472574
PR002345,24.04.2026,MANDI034,Paddy,2167.2,2183.0,-15.800000000000182,1,-0.7237746220797151
PR002216,23.06.2026,MANDI003,REQUIRES_INVESTIGATION,2291.11,2183.0,108.11000000000013,0,4.952359138799823
PR002306,03/01/2026,MANDI009,REQUIRES_INVESTIGATION,2541.73,2183.0,358.73,0,16.43289051763628
PR009989,02-Feb-2026,MANDI002,Wheat,2475.79,2275.0,200.78999999999996,0,8.825934065934064
PR011893,2026-01-07,MANDI040,REQUIRES_INVESTIGATION,2090.85,2183.0,-92.15000000000009,1,-4.221255153458547
PR000018,2026-06-02,MANDI022,Sugarcane,3581.5174689977093,3500.0,81.51746899770933,0,2.329070542791695
PR010255,01/04/2026,MANDI045,REQUIRES_INVESTIGATION,1956.9225828071544,2183.0,-226.0774171928456,1,-10.356271974019496
PR000019,2026-04-22,MANDI026,REQUIRES_INVESTIGATION,1957.61,2183.0,-225.3900000000001,1,-10.324782409528177
PR001476,23.03.2026,MANDI005,Wheat,2369.21,2275.0,94.21000000000004,0,4.1410989010989026
PR009060,2026/03/17,MANDI049,Cotton,6453.37,6620.0,-166.6300000000001,1,-2.5170694864048353
PR003144,2026-06-16,MANDI019,Corn,2268.0,2090.0,178.0,0,8.516746411483252
PR007793,02-25-2026,,REQUIRES_INVESTIGATION,2147.6,2090.0,57.59999999999991,0,2.755980861244015
PR009729,24-Jul-2026,MANDI053,Wheat,2286.2,2275.0,11.199999999999818,0,0.49230769230768434
PR004635,04-Aug-2026,MANDI003,REQUIRES_INVESTIGATION,1978.68,2090.0,-111.31999999999994,1,-5.326315789473681
PR003534,2026/04/12,MANDI002,Corn,2289.85,2090.0,199.8499999999999,0,9.562200956937794
PR003454,20.07.2026,MANDI023,Mustard,5982.84,5650.0,332.84000000000015,0,5.890973451327436
PR008078,2026/05/31,MANDI044,REQUIRES_INVESTIGATION,2162.64,2090.0,72.63999999999987,0,3.475598086124396
PR001140,04-27-2026,MANDI020,Mustard,5898.0,5650.0,248.0,0,4.389380530973451
PR010669,2026-04-16,MANDI044,REQUIRES_INVESTIGATION,2046.03,2090.0,-43.97000000000003,1,-2.1038277511961736
PR009746,2026-01-16,MANDI029,Cotton,7467.56,6620.0,847.5600000000004,0,12.803021148036258
PR011850,21.08.2026,MANDI053,Wheat,2544.0,2275.0,269.0,0,11.824175824175825
PR007610,2026-07-24,MANDI048,Cotton,6244.132687669546,6620.0,-375.8673123304543,1,-5.677753962695684
PR004881,05.03.2026,MANDI014,REQUIRES_INVESTIGATION,1997.05,2183.0,-185.95000000000005,1,-8.518094365551995
PR004246,2026/08/06,MANDI012,Corn,2049.75,2090.0,-40.25,1,-1.9258373205741628
PR011392,2026-03-20,MANDI007,Cotton,6936.565449385815,6620.0,316.56544938581465,0,4.7819554287887405
PR010111,23-May-2026,MANDI054,Wheat,2269.24,2275.0,-5.760000000000218,1,-0.2531868131868228
PR005422,07-29-2026,MANDI036,Corn,2240.96,2090.0,150.96000000000004,0,7.222966507177035
PR010674,03-10-2026,MANDI053,Cotton,6796.41,6620.0,176.40999999999985,0,2.6648036253776413
PR009450,20.07.2026,MANDI047,Corn,1902.06,2090.0,-187.94000000000005,1,-8.99234449760766
PR003909,07/03/2026,MANDI045,REQUIRES_INVESTIGATION,2061.91,2183.0,-121.09000000000015,1,-5.546953733394417
PR001019,14/08/2026,MANDI007,Cotton,6988.32,6620.0,368.3199999999997,0,5.563746223564951
PR007947,2026/01/07,MANDI003,Paddy,2078.7577253532404,2183.0,-104.2422746467596,1,-4.775184363113129
PR006480,13.01.2026,MANDI017,REQUIRES_INVESTIGATION,2135.0,2183.0,-48.0,1,-2.1988089784699953
PR008509,04-Jul-2026,MANDI037,REQUIRES_INVESTIGATION,2382.259861009345,2183.0,199.25986100934506,0,9.127799404917319
PR010825,10-May-2026,MANDI012,Paddy,2192.0,2183.0,9.0,0,0.4122766834631242
PR004655,05-Sep-2026,MANDI039,Paddy,2353.45,2183.0,170.44999999999982,0,7.808062299587714
PR006980,29/04/2026,MANDI036,Paddy,2427.45,2183.0,244.44999999999982,0,11.197892808062292
PR009235,2026-04-15,MANDI028,Sugarcane,3373.84,3500.0,-126.15999999999985,1,-3.6045714285714245
PR000580,20/06/2026,MANDI023,Sugarcane,3380.94,3500.0,-119.05999999999995,1,-3.4017142857142844
PR005830,06-25-2026,MANDI045,Sugarcane,3628.0,3500.0,128.0,0,3.6571428571428575
PR003359,21-Feb-2026,MANDI023,REQUIRES_INVESTIGATION,2086.38,2183.0,-96.61999999999989,1,-4.426019239578557
PR002486,2026-05-22,MANDI040,Mustard,5985.749135321687,5650.0,335.7491353216874,0,5.9424625720652635
PR006036,01-28-2026,MANDI031,Cotton,7015.957047571515,6620.0,395.95704757151543,0,5.981224283557634
PR004482,31-Jan-2026,MANDI032,Cotton,6179.87,6620.0,-440.1300000000001,1,-6.648489425981875
PR003967,22-Aug-2026,MANDI042,Paddy,2480.4603668014665,2183.0,297.46036680146653,0,13.62621927629256
PR007888,01-Jul-2026,MANDI029,Wheat,2502.0,2275.0,227.0,0,9.978021978021978
PR009069,23-Mar-2026,MANDI002,Corn,2000.38,2090.0,-89.61999999999989,1,-4.288038277511957
PR000839,02-Aug-2026,MANDI055,Cotton,6942.14,6620.0,322.1400000000003,0,4.866163141993963
PR002724,2026/01/04,MANDI030,REQUIRES_INVESTIGATION,3554.0,3500.0,54.0,0,1.542857142857143
PR008187,08-14-2026,MANDI014,Corn,2025.8133373743576,2090.0,-64.18666262564238,1,-3.07113218304509
PR000991,2026-02-23,MANDI050,Sugarcane,3262.58,3500.0,-237.42000000000007,1,-6.783428571428574
PR002777,14.08.2026,MANDI013,Sugarcane,3816.02,3500.0,316.02,0,9.029142857142856
PR000073,28-Aug-2026,MANDI033,Sugarcane,3625.28,3500.0,125.2800000000002,0,3.579428571428577
PR006275,23.06.2026,MANDI056,REQUIRES_INVESTIGATION,2113.92,2183.0,-69.07999999999993,1,-3.164452588181398
PR000584,2026/04/30,MANDI055,Sugarcane,3308.0,3500.0,-192.0,1,-5.485714285714286
PR005707,10/05/2026,,Wheat,2543.46,2275.0,268.46000000000004,0,11.800439560439562
PR005600,2026-04-02,MANDI020,REQUIRES_INVESTIGATION,3851.3,3500.0,351.3000000000002,0,10.037142857142863
PR008919,27-Jan-2026,MANDI048,Mustard,5267.71,5650.0,-382.28999999999996,1,-6.766194690265485
PR006419,06-Feb-2026,,Mustard,5194.492175496374,5650.0,-455.50782450362567,1,-8.062085389444702
PR009135,27.01.2026,MANDI023,REQUIRES_INVESTIGATION,2217.18,2183.0,34.179999999999836,0,1.5657352267521685
PR002418,27.02.2026,MANDI055,REQUIRES_INVESTIGATION,2353.04,2090.0,263.03999999999996,0,12.585645933014353
PR001904,07-Feb-2026,MANDI031,Wheat,2408.75,2275.0,133.75,0,5.879120879120879
PR004317,19/06/2026,MANDI045,REQUIRES_INVESTIGATION,3381.2,3500.0,-118.80000000000018,1,-3.39428571428572
PR001722,04-25-2026,MANDI016,Sugarcane,3633.0,3500.0,133.0,0,3.8
PR010370,02-18-2026,MANDI006,Paddy,2212.62,2183.0,29.61999999999989,0,1.3568483737975212
PR005591,14.02.2026,MANDI049,Sugarcane,3232.0,3500.0,-268.0,1,-7.657142857142857
PR000203,2026-03-19,MANDI027,Corn,2080.71,2090.0,-9.289999999999964,1,-0.44449760765550067
PR005009,02-28-2026,MANDI048,Cotton,6021.41,6620.0,-598.5900000000001,1,-9.042145015105742
PR004811,23-Mar-2026,MANDI051,Mustard,6444.361079104825,5650.0,794.361079104825,0,14.059488125749114
PR002157,06/03/2026,MANDI022,Sugarcane,3947.0,3500.0,447.0,0,12.771428571428572
PR010047,17-Jun-2026,MANDI049,Cotton,6596.29,6620.0,-23.710000000000036,1,-0.3581570996978858
PR004636,17-Apr-2026,MANDI007,REQUIRES_INVESTIGATION,2065.2472369714933,2090.0,-24.752763028506706,1,-1.1843427286366845
PR010407,16/02/2026,MANDI029,REQUIRES_INVESTIGATION,2058.06,2183.0,-124.94000000000005,1,-5.723316536875862
PR004588,05-18-2026,MANDI051,Cotton,6568.0,6620.0,-52.0,1,-0.785498489425982
PR007578,2026/01/20,MANDI012,Cotton,7237.88,6620.0,617.8800000000001,0,9.333534743202417
PR010044,30.04.2026,MANDI048,Wheat,2201.2376574353766,2275.0,-73.7623425646234,1,-3.242300772071358
PR006075,08-05-2026,MANDI015,Corn,2074.87,2090.0,-15.13000000000011,1,-0.7239234449760817
PR006267,31/08/2026,MANDI009,Sugarcane,3764.24,3500.0,264.2399999999998,0,7.549714285714279
PR000631,2026-08-16,MANDI020,Mustard,5321.03,5650.0,-328.97000000000025,1,-5.822477876106199
PR006529,08-Jan-2026,MANDI023,REQUIRES_INVESTIGATION,3953.0,3500.0,453.0,0,12.942857142857141
PR011675,04-Apr-2026,MANDI039,Cotton,7391.0,6620.0,771.0,0,11.646525679758309
PR009353,12/06/2026,MANDI042,Paddy,1992.44,2183.0,-190.55999999999995,1,-8.729271644525879
PR009058,01-10-2026,MANDI025,Wheat,2622.02,2275.0,347.02,0,15.253626373626371
PR000728,03-07-2026,MANDI020,Wheat,2592.09,2275.0,317.09000000000015,0,13.938021978021983
PR007912,01.05.2026,MANDI030,Sugarcane,3588.32,3500.0,88.32000000000016,0,2.523428571428576
PR011143,10/08/2026,MANDI012,REQUIRES_INVESTIGATION,2152.0,2183.0,-31.0,1,-1.4200641319285385
PR003157,2026/02/23,MANDI013,REQUIRES_INVESTIGATION,2308.0,2183.0,125.0,0,5.726065048098946
PR003929,11-Feb-2026,MANDI009,REQUIRES_INVESTIGATION,5667.0,5650.0,17.0,0,0.3008849557522124
PR006317,2026/06/13,MANDI013,REQUIRES_INVESTIGATION,3948.52,3500.0,448.52,0,12.814857142857141
PR004982,04-18-2026,MANDI025,REQUIRES_INVESTIGATION,5342.51,5650.0,-307.4899999999998,1,-5.442300884955748
PR010293,06-Jun-2026,MANDI013,Wheat,2300.27,2275.0,25.269999999999982,0,1.1107692307692298
PR001927,2026/01/01,,Sugarcane,3318.66,3500.0,-181.34000000000015,1,-5.181142857142861
PR008028,04/05/2026,MANDI032,Cotton,7133.31,6620.0,513.3100000000004,0,7.753927492447136
PR003119,2026/07/11,,REQUIRES_INVESTIGATION,5954.2,5650.0,304.1999999999998,0,5.384070796460174
PR004185,2026-06-07,MANDI046,Wheat,2486.45,2275.0,211.44999999999982,0,9.294505494505486
PR011902,21.04.2026,,Paddy,2116.93,2183.0,-66.07000000000016,1,-3.0265689418231867
PR006355,2026-01-10,MANDI038,REQUIRES_INVESTIGATION,5452.27,5650.0,-197.72999999999956,1,-3.4996460176991073
PR004475,08-30-2026,MANDI021,REQUIRES_INVESTIGATION,2038.35,2183.0,-144.6500000000001,1,-6.626202473660105
PR003021,18-Feb-2026,MANDI038,Mustard,6302.7,5650.0,652.6999999999998,0,11.552212389380529
PR006951,08-07-2026,MANDI025,Sugarcane,3685.17,3500.0,185.17000000000007,0,5.290571428571431
PR007159,27/03/2026,MANDI054,REQUIRES_INVESTIGATION,3862.09,3500.0,362.09000000000015,0,10.345428571428576
PR004111,22-Feb-2026,MANDI049,REQUIRES_INVESTIGATION,2259.9,2183.0,76.90000000000009,0,3.5226752175904763
PR011549,2026/01/10,MANDI044,Paddy,2211.1910632976837,2183.0,28.19106329768374,0,1.291390897740895
PR001683,2026/08/21,MANDI053,Mustard,5889.857900618043,5650.0,239.85790061804255,0,4.245272577310487
PR010761,06-12-2026,MANDI029,Paddy,2234.27,2183.0,51.26999999999998,0,2.348602840128263
PR005629,02-20-2026,,Sugarcane,3728.17,3500.0,228.17000000000007,0,6.519142857142859
PR007201,01/05/2026,MANDI025,Wheat,2233.62,2275.0,-41.38000000000011,1,-1.8189010989011039
PR002195,16/06/2026,MANDI023,REQUIRES_INVESTIGATION,2121.0,2183.0,-62.0,1,-2.840128263857077
PR006423,19.07.2026,MANDI008,Sugarcane,3294.9,3500.0,-205.0999999999999,1,-5.859999999999997
PR006630,08-Apr-2026,MANDI037,Corn,2086.3,2090.0,-3.699999999999818,1,-0.1770334928229578
PR009275,2026-07-19,,Wheat,2322.4443795204843,2275.0,47.44437952048429,0,2.0854672316696394
PR007684,08/02/2026,MANDI020,REQUIRES_INVESTIGATION,2356.0,2183.0,173.0,0,7.924874026568942
PR005314,23/03/2026,MANDI008,Wheat,2223.0,2275.0,-52.0,1,-2.2857142857142856
PR006916,13/01/2026,MANDI037,Cotton,6076.58,6620.0,-543.4200000000001,1,-8.208761329305137
PR004371,14-Jul-2026,MANDI054,Cotton,6604.35,6620.0,-15.649999999999636,1,-0.2364048338368525
PR007665,2026/02/24,MANDI013,Corn,1975.67,2090.0,-114.32999999999993,1,-5.470334928229661
PR008783,26/01/2026,MANDI027,REQUIRES_INVESTIGATION,2080.6,2090.0,-9.400000000000091,1,-0.4497607655502436
PR007178,02.06.2026,,Wheat,2207.0,2275.0,-68.0,1,-2.989010989010989
PR002829,27/06/2026,MANDI022,Corn,2441.51,2090.0,351.5100000000002,0,16.81866028708135
PR000074,25/02/2026,MANDI024,REQUIRES_INVESTIGATION,2330.82,2090.0,240.82000000000016,0,11.52248803827752
PR001756,11-Apr-2026,MANDI015,Wheat,2229.03,2275.0,-45.9699999999998,1,-2.020659340659332
PR003227,14/05/2026,MANDI029,REQUIRES_INVESTIGATION,2166.92,2183.0,-16.079999999999927,1,-0.7366010077874451
PR006219,05/05/2026,MANDI006,Sugarcane,3791.7831096325262,3500.0,291.78310963252625,0,8.336660275215035
PR006954,19.04.2026,MANDI053,Wheat,2452.53,2275.0,177.5300000000002,0,7.803516483516493
PR006010,24-Jun-2026,MANDI055,Mustard,5751.52,5650.0,101.52000000000044,0,1.7968141592920432
PR003080,11/04/2026,MANDI052,Cotton,7101.33,6620.0,481.3299999999999,0,7.27084592145015
PR010329,12-Jul-2026,MANDI007,Mustard,5351.51,5650.0,-298.4899999999998,1,-5.283008849557518
PR006843,2026/02/04,MANDI037,Wheat,2140.0,2275.0,-135.0,1,-5.934065934065933
PR000971,2026-02-12,MANDI021,Sugarcane,3588.98,3500.0,88.98000000000002,0,2.5422857142857147
PR005883,04-12-2026,MANDI007,REQUIRES_INVESTIGATION,2021.26,2183.0,-161.74,1,-7.409070087036189
PR004030,2026/08/08,MANDI008,REQUIRES_INVESTIGATION,2293.911418829396,2183.0,110.9114188293961,0,5.080687990352547
PR010487,03.05.2026,MANDI029,REQUIRES_INVESTIGATION,2537.72,2183.0,354.7199999999998,0,16.249198350893256
PR004129,15/01/2026,MANDI038,Wheat,2245.7957222542923,2275.0,-29.204277745707714,1,-1.2837045162948444
PR008201,2026-04-09,MANDI036,REQUIRES_INVESTIGATION,3803.51,3500.0,303.5100000000002,0,8.671714285714293
PR004055,2026-03-22,MANDI051,Mustard,6034.07,5650.0,384.0699999999997,0,6.797699115044242
PR009293,07-26-2026,MANDI001,REQUIRES_INVESTIGATION,2076.86,2090.0,-13.139999999999873,1,-0.6287081339712858
PR008431,2026-08-19,MANDI056,REQUIRES_INVESTIGATION,2132.94,2090.0,42.940000000000055,0,2.0545454545454573
PR008772,01/03/2026,MANDI057,REQUIRES_INVESTIGATION,2311.96,2183.0,128.96000000000004,0,5.907466788822722
PR009795,2026/03/18,MANDI038,REQUIRES_INVESTIGATION,3527.65,3500.0,27.65000000000009,0,0.7900000000000027
PR005893,2026-02-15,MANDI031,REQUIRES_INVESTIGATION,2333.91,2183.0,150.90999999999985,0,6.912963811268889
PR006371,04.09.2026,MANDI050,Cotton,6217.0,6620.0,-403.0,1,-6.087613293051359
PR009217,2026-04-29,MANDI054,Cotton,7033.873426177075,6620.0,413.8734261770751,0,6.251864443762463
PR010338,01-Aug-2026,MANDI027,REQUIRES_INVESTIGATION,2139.43,2090.0,49.429999999999836,0,2.36507177033492
PR011353,2026-07-21,MANDI041,Wheat,2382.3271352306497,2275.0,107.32713523064967,0,4.717676273874711
PR003386,02-04-2026,MANDI057,Corn,2223.0,2090.0,133.0,0,6.363636363636363
PR009437,2026-05-29,MANDI036,Cotton,6620.56,6620.0,0.5600000000004002,0,0.00845921450151662
PR002766,2026-07-31,MANDI057,Mustard,5551.71,5650.0,-98.28999999999996,1,-1.7396460176991142
PR005304,2026-08-25,MANDI031,Cotton,7285.73,6620.0,665.7299999999996,0,10.056344410876127
PR006646,01-Feb-2026,MANDI036,Cotton,6689.31,6620.0,69.3100000000004,0,1.0469788519637524
PR007681,2026/05/20,MANDI032,Sugarcane,3335.0,3500.0,-165.0,1,-4.714285714285714
PR008843,05-Aug-2026,MANDI018,Sugarcane,3798.06529553856,3500.0,298.0652955385599,0,8.516151301101711
PR006638,30.08.2026,MANDI024,REQUIRES_INVESTIGATION,5843.97,5650.0,193.97000000000025,0,3.433097345132748
PR008258,13/03/2026,MANDI037,REQUIRES_INVESTIGATION,2159.47,2090.0,69.4699999999998,0,3.3239234449760673
PR001081,2026-07-19,MANDI028,Corn,2350.52,2090.0,260.52,0,12.465071770334928
PR008610,2026/05/12,MANDI001,REQUIRES_INVESTIGATION,5735.293118888574,5650.0,85.2931188885741,0,1.5096127236915768
PR010014,17/01/2026,,Sugarcane,3951.2,3500.0,451.1999999999998,0,12.891428571428568
PR000877,27.05.2026,MANDI029,REQUIRES_INVESTIGATION,2386.64,2090.0,296.6399999999999,0,14.193301435406692
PR007529,08.08.2026,MANDI012,Mustard,5084.606482259234,5650.0,-565.3935177407657,1,-10.006964915765765
PR010187,07-07-2026,,Paddy,2086.72,2183.0,-96.2800000000002,1,-4.410444342647741
PR000223,17/08/2026,MANDI040,Mustard,5895.72,5650.0,245.72000000000025,0,4.349026548672571
PR007755,2026-06-04,MANDI038,Corn,2027.0,2090.0,-63.0,1,-3.014354066985646
PR009801,2026-08-15,MANDI032,Mustard,5780.0,5650.0,130.0,0,2.3008849557522124
PR002247,14/08/2026,,Wheat,2465.83,2275.0,190.82999999999993,0,8.388131868131865
PR010849,2026-04-27,MANDI042,Corn,1909.71,2090.0,-180.28999999999996,1,-8.626315789473683
PR010666,2026/05/09,MANDI005,REQUIRES_INVESTIGATION,2436.14,2183.0,253.13999999999987,0,11.595968850206132
PR010117,2026/04/29,MANDI036,REQUIRES_INVESTIGATION,2065.87,2183.0,-117.13000000000011,1,-5.365551992670642
PR006300,2026/05/18,MANDI043,Wheat,2372.07,2275.0,97.07000000000016,0,4.266813186813194
PR009850,30/01/2026,MANDI010,Paddy,2521.1,2183.0,338.0999999999999,0,15.487860742098025
PR011315,13-Apr-2026,MANDI056,Mustard,6039.0,5650.0,389.0,0,6.884955752212389
PR000221,2026-04-15,MANDI050,Wheat,2132.37,2275.0,-142.6300000000001,1,-6.269450549450554
PR005586,2026/01/18,MANDI025,REQUIRES_INVESTIGATION,2026.74,2183.0,-156.26,1,-7.158039395327531
PR004468,2026-05-26,MANDI028,Mustard,5525.28,5650.0,-124.72000000000025,1,-2.2074336283185882
PR009607,03/02/2026,,REQUIRES_INVESTIGATION,1939.42,2183.0,-243.57999999999993,1,-11.158039395327528
PR008782,13/04/2026,MANDI019,Mustard,5778.0,5650.0,128.0,0,2.265486725663717
PR000173,12.08.2026,MANDI046,Mustard,5483.73,5650.0,-166.27000000000044,1,-2.942831858407087
PR004241,17/06/2026,MANDI005,REQUIRES_INVESTIGATION,2360.0,2090.0,270.0,0,12.918660287081341
PR005383,07-25-2026,MANDI009,Corn,2020.01,2090.0,-69.99000000000001,1,-3.348803827751197
PR002426,2026-06-08,MANDI052,Sugarcane,3465.51,3500.0,-34.48999999999978,1,-0.9854285714285652
PR007103,03-17-2026,MANDI018,Mustard,6023.01,5650.0,373.0100000000002,0,6.601946902654871
PR007408,04-Jul-2026,,REQUIRES_INVESTIGATION,3562.37,3500.0,62.36999999999989,0,1.7819999999999967
PR003319,2026-03-20,,Wheat,2562.99,2275.0,287.9899999999998,0,12.65890109890109
PR009487,05-Aug-2026,MANDI045,Corn,2137.87,2090.0,47.86999999999989,0,2.290430622009564
PR003307,04/07/2026,MANDI006,Corn,2273.55,2090.0,183.55000000000018,0,8.782296650717711
PR002134,2026/02/25,,Wheat,2040.0,2275.0,-235.0,1,-10.329670329670328
PR005787,12.07.2026,MANDI044,Corn,2113.36,2090.0,23.360000000000127,0,1.1177033492823027
PR003743,05-02-2026,MANDI014,REQUIRES_INVESTIGATION,2235.05,2090.0,145.05000000000018,0,6.940191387559818
PR004265,2026-07-11,,Mustard,5730.34,5650.0,80.34000000000015,0,1.4219469026548697
PR006163,2026-01-25,MANDI029,Sugarcane,3698.96,3500.0,198.96000000000004,0,5.68457142857143
PR002241,13-Jun-2026,MANDI038,Wheat,2342.39,2275.0,67.38999999999987,0,2.9621978021977964
PR000231,15/02/2026,MANDI029,REQUIRES_INVESTIGATION,2300.0,2183.0,117.0,0,5.359596885020614
PR003519,15-May-2026,MANDI022,Wheat,2313.2571307272865,2275.0,38.257130727286494,0,1.6816321198807251
PR003434,2026-08-02,,Wheat,2307.14,2275.0,32.13999999999987,0,1.4127472527472473
PR011402,02.01.2026,MANDI009,Cotton,6730.76,6620.0,110.76000000000022,0,1.6731117824773447
PR009004,31/03/2026,MANDI020,Cotton,7440.950799836379,6620.0,820.9507998363788,0,12.401069483933215
PR000015,16-Jul-2026,MANDI026,Sugarcane,3888.56,3500.0,388.55999999999995,0,11.101714285714284
PR010064,13-May-2026,MANDI051,REQUIRES_INVESTIGATION,2341.0,2090.0,251.0,0,12.009569377990431
PR011926,2026-07-19,MANDI031,Mustard,5404.0,5650.0,-246.0,1,-4.353982300884955
PR009835,13-Feb-2026,MANDI019,Corn,2317.0,2090.0,227.0,0,10.861244019138756
PR002775,2026/04/25,MANDI012,REQUIRES_INVESTIGATION,2106.81,2090.0,16.809999999999945,0,0.8043062200956911
PR007015,2026-01-18,,Cotton,6321.92,6620.0,-298.0799999999999,1,-4.502719033232627
PR005204,06.09.2026,MANDI023,REQUIRES_INVESTIGATION,2171.33,2183.0,-11.670000000000073,1,-0.534585432890521
PR008277,18.03.2026,MANDI043,REQUIRES_INVESTIGATION,2146.04,2183.0,-36.960000000000036,1,-1.693082913421898
PR008965,19.05.2026,MANDI024,Cotton,7130.24,6620.0,510.2399999999998,0,7.707552870090631
PR000752,2026/03/10,MANDI008,Corn,2062.33,2090.0,-27.670000000000073,1,-1.3239234449760802
PR003797,2026-06-10,MANDI055,Wheat,2116.04,2275.0,-158.96000000000004,1,-6.987252747252749
PR002403,07-21-2026,MANDI010,Cotton,7307.0,6620.0,687.0,0,10.377643504531722
PR000761,2026-06-19,MANDI034,REQUIRES_INVESTIGATION,2122.0,2090.0,32.0,0,1.5311004784688995
PR002165,27/01/2026,MANDI057,Wheat,2308.07,2275.0,33.070000000000164,0,1.4536263736263808
PR000138,26-May-2026,,Wheat,2115.37,2275.0,-159.6300000000001,1,-7.016703296703302
PR002877,2026/03/18,MANDI006,Corn,2083.94,2090.0,-6.059999999999945,1,-0.28995215311004524
PR010772,24-Jul-2026,MANDI035,Cotton,6882.148859221341,6620.0,262.1488592213409,0,3.9599525562136084
PR010321,05/03/2026,MANDI055,Paddy,2157.0,2183.0,-26.0,1,-1.1910215300045808
PR010263,02.09.2026,MANDI007,REQUIRES_INVESTIGATION,6555.0,5650.0,905.0,0,16.01769911504425
PR001518,26.01.2026,MANDI003,Corn,2258.52,2090.0,168.51999999999998,0,8.063157894736841
PR007902,18/05/2026,MANDI035,Mustard,5716.14,5650.0,66.14000000000033,0,1.1706194690265543
PR000906,13.04.2026,MANDI023,Cotton,6754.23,6620.0,134.22999999999956,0,2.0276435045317154
PR010997,2026-06-05,MANDI007,Wheat,2289.61,2275.0,14.610000000000127,0,0.6421978021978079
PR011058,09.08.2026,,Sugarcane,3467.0,3500.0,-33.0,1,-0.9428571428571428
PR001003,2026/06/26,MANDI045,REQUIRES_INVESTIGATION,1917.8,2090.0,-172.20000000000005,1,-8.239234449760769
PR005986,2026/04/05,MANDI009,Cotton,6639.0,6620.0,19.0,0,0.28700906344410876
PR011455,23/05/2026,MANDI056,Cotton,5927.945782553126,6620.0,-692.0542174468737,1,-10.453991200103834
PR004455,08-18-2026,MANDI041,Wheat,2274.94,2275.0,-0.05999999999994543,1,-0.0026373626373602387
PR000999,2026/01/24,MANDI048,REQUIRES_INVESTIGATION,3301.6905648535494,3500.0,-198.3094351464506,1,-5.66598386132716
PR010811,22-Jul-2026,MANDI055,REQUIRES_INVESTIGATION,3419.87,3500.0,-80.13000000000011,1,-2.2894285714285747
PR004749,2026/07/12,MANDI011,Cotton,6725.61,6620.0,105.60999999999967,0,1.5953172205438015
PR002162,08/03/2026,MANDI031,Cotton,6863.44,6620.0,243.4399999999996,0,3.677341389728091
PR008946,2026/01/10,MANDI027,Paddy,2396.54,2183.0,213.53999999999996,0,9.78195144296839
PR006974,2026/04/04,MANDI034,REQUIRES_INVESTIGATION,2488.92,2183.0,305.9200000000001,0,14.01374255611544
PR000876,2026/01/21,MANDI022,Corn,1882.05,2090.0,-207.95000000000005,1,-9.949760765550241
PR001737,17-Aug-2026,MANDI048,REQUIRES_INVESTIGATION,5851.97,5650.0,201.97000000000025,0,3.5746902654867303
PR002281,16.08.2026,MANDI027,REQUIRES_INVESTIGATION,2119.25,2090.0,29.25,0,1.3995215311004785
PR002180,2026/03/01,MANDI003,Corn,2017.0,2090.0,-73.0,1,-3.4928229665071773
PR009082,2026-08-23,MANDI025,REQUIRES_INVESTIGATION,2028.98,2183.0,-154.01999999999998,1,-7.055428309665597
PR004271,14.03.2026,MANDI048,Sugarcane,3430.59,3500.0,-69.40999999999985,1,-1.983142857142853
PR006894,19.07.2026,MANDI045,Cotton,6451.1,6620.0,-168.89999999999964,1,-2.5513595166163086
PR006473,01-01-2026,MANDI033,REQUIRES_INVESTIGATION,2436.0,2183.0,253.0,0,11.589555657352268
PR009443,09/03/2026,MANDI002,Sugarcane,3528.43,3500.0,28.429999999999836,0,0.8122857142857096
PR006306,05-10-2026,MANDI046,Corn,1882.98,2090.0,-207.01999999999998,1,-9.905263157894737
PR011504,06/08/2026,MANDI046,Wheat,2036.55,2275.0,-238.45000000000005,1,-10.481318681318683
PR004583,2026-01-01,MANDI031,Cotton,6363.590957735823,6620.0,-256.4090422641766,1,-3.873248372570644
PR004866,10-Aug-2026,MANDI047,Wheat,2185.08,2275.0,-89.92000000000007,1,-3.9525274725274757
PR004272,2026/06/01,MANDI030,REQUIRES_INVESTIGATION,2448.23,2183.0,265.23,0,12.149793861658269
PR008176,26/06/2026,MANDI011,REQUIRES_INVESTIGATION,6083.174695800135,5650.0,433.17469580013494,0,7.666808775223627
PR001832,02-04-2026,MANDI023,Mustard,6142.27,5650.0,492.27000000000044,0,8.712743362831867
PR011412,09-Jul-2026,MANDI039,Mustard,5249.18,5650.0,-400.8199999999997,1,-7.094159292035393
PR003697,2026-05-05,MANDI031,Sugarcane,3816.1,3500.0,316.0999999999999,0,9.03142857142857
PR011612,06-Feb-2026,MANDI016,Cotton,6102.0,6620.0,-518.0,1,-7.82477341389728
PR007653,02-Jun-2026,MANDI014,REQUIRES_INVESTIGATION,3434.07,3500.0,-65.92999999999984,1,-1.883714285714281
PR004593,21/06/2026,MANDI029,Cotton,7129.11,6620.0,509.1099999999997,0,7.690483383685795
PR010035,08-26-2026,MANDI038,REQUIRES_INVESTIGATION,5851.53,5650.0,201.52999999999975,0,3.566902654867252
PR002111,25-Apr-2026,MANDI028,Wheat,2460.91,2275.0,185.90999999999985,0,8.171868131868125
PR003996,09-03-2026,MANDI034,Sugarcane,3703.82,3500.0,203.82000000000016,0,5.823428571428576
PR002569,2026-08-08,MANDI025,Sugarcane,3170.73,3500.0,-329.27,1,-9.407714285714285
PR009434,02-Feb-2026,MANDI051,Cotton,7196.642329402614,6620.0,576.6423294026145,0,8.71060920547756
PR006663,2026-06-06,MANDI011,Sugarcane,3371.92,3500.0,-128.07999999999993,1,-3.659428571428569
PR002282,07.04.2026,MANDI002,REQUIRES_INVESTIGATION,2049.79,2090.0,-40.210000000000036,1,-1.9239234449760783
PR009629,2026-03-19,MANDI010,Wheat,2359.34,2275.0,84.34000000000015,0,3.707252747252754
PR004390,2026-06-15,MANDI020,Cotton,6262.17,6620.0,-357.8299999999999,1,-5.405287009063444
PR006958,06-Jan-2026,MANDI010,Wheat,2406.9,2275.0,131.9000000000001,0,5.797802197802201
PR000627,2026-05-12,MANDI021,REQUIRES_INVESTIGATION,2159.64,2090.0,69.63999999999987,0,3.3320574162679364
PR005659,03-18-2026,MANDI052,Cotton,6849.0,6620.0,229.0,0,3.459214501510574
PR005867,14-Apr-2026,MANDI041,Sugarcane,3117.0,3500.0,-383.0,1,-10.942857142857143
PR009930,16.08.2026,MANDI018,Sugarcane,3753.0,3500.0,253.0,0,7.228571428571429
PR005464,18/04/2026,MANDI009,Wheat,2226.61,2275.0,-48.38999999999987,1,-2.1270329670329615
PR006520,26/01/2026,MANDI028,Mustard,5518.111724822183,5650.0,-131.88827517781738,1,-2.3343057553595994
PR004235,04-18-2026,MANDI021,Corn,2285.0,2090.0,195.0,0,9.330143540669857
PR001030,05-09-2026,MANDI049,Sugarcane,3730.670720243421,3500.0,230.67072024342087,0,6.590592006954882
PR009882,2026-04-26,MANDI057,Sugarcane,3680.0,3500.0,180.0,0,5.142857142857142
PR003001,2026-05-25,MANDI020,Sugarcane,3252.06,3500.0,-247.94000000000005,1,-7.084000000000001
PR010625,04-25-2026,,Cotton,7251.0,6620.0,631.0,0,9.531722054380666
PR002823,13.01.2026,MANDI048,Cotton,6840.0,6620.0,220.0,0,3.3232628398791544
PR004289,06-22-2026,MANDI029,REQUIRES_INVESTIGATION,2075.85,2183.0,-107.15000000000009,1,-4.908382959230421
PR000887,01/04/2026,,Wheat,2128.13,2275.0,-146.8699999999999,1,-6.455824175824171
PR004647,06-21-2026,MANDI038,Cotton,6448.33,6620.0,-171.67000000000007,1,-2.59320241691843
PR000702,04-11-2026,,REQUIRES_INVESTIGATION,2013.05,2183.0,-169.95000000000005,1,-7.785158039395329
PR006308,31/07/2026,MANDI025,Mustard,5818.981669039014,5650.0,168.98166903901438,0,2.9908260006905203
PR003404,2026/01/01,MANDI025,REQUIRES_INVESTIGATION,2415.5947738451696,2183.0,232.59477384516958,0,10.654822439082436
PR006898,2026/03/11,MANDI030,Corn,2235.23,2090.0,145.23000000000002,0,6.948803827751197
PR010521,2026/06/21,MANDI035,Cotton,5974.080768471116,6620.0,-645.9192315288838,1,-9.757088089560177
PR005007,23.04.2026,MANDI053,Sugarcane,3846.2401066512393,3500.0,346.24010665123933,0,9.892574475749695
PR007796,12/08/2026,MANDI004,Paddy,2155.95,2183.0,-27.050000000000182,1,-1.2391204764086203
PR009655,08-04-2026,MANDI014,Mustard,5989.91680396172,5650.0,339.9168039617198,0,6.0162266187915
PR003842,07-25-2026,,REQUIRES_INVESTIGATION,1917.0,2090.0,-173.0,1,-8.277511961722487
PR011213,25.05.2026,MANDI030,Mustard,5122.0,5650.0,-528.0,1,-9.345132743362832
